timestamp,http_code,latency_seconds
1788017666.109914000,200,0.011248
1788017666.347042000,200,0.000732
1788017666.577341000,200,0.001139
1788017666.811541000,200,0.000729
1788017667.037087000,200,0.000526
1788017667.264193000,200,0.000944
1788017667.498815000,200,0.000714
1788017667.731625000,200,0.000883
1788017667.964053000,200,0.000604
1788017668.195770000,200,0.000625
1788017668.422837000,200,0.000750
1788017668.656371000,200,0.000754
1788017668.890718000,200,0.001046
1788017669.124519000,200,0.000675
1788017669.356059000,200,0.000762
1788017669.591578000,200,0.000696
1788017669.820773000,200,0.000732
1788017670.051458000,200,0.000674
1788017670.282871000,200,0.000810
1788017670.512779000,200,0.000600
1788017670.742271000,200,0.000647
1788017670.977765000,200,0.000942
1788017671.211096000,200,0.000817
1788017671.447270000,200,0.000624
1788017671.679373000,200,0.000706
1788017671.913706000,200,0.000871
1788017672.142664000,200,0.000625
1788017672.371473000,200,0.000618
1788017672.603607000,200,0.000639
1788017672.835084000,200,0.000579
1788017673.069142000,200,0.000691
1788017673.303105000,200,0.000691
1788017673.533490000,200,0.000638
1788017673.764113000,200,0.000812
1788017673.999669000,200,0.000672
1788017674.234206000,200,0.000589
1788017674.464533000,200,0.000595
1788017674.696852000,200,0.000639
1788017674.931063000,200,0.000653
1788017675.163331000,200,0.000655
1788017675.394100000,200,0.000569
1788017675.626303000,200,0.000705
1788017675.859069000,200,0.000761
1788017676.091581000,200,0.000612
1788017676.324463000,200,0.000564
1788017676.556376000,200,0.000713
1788017676.787013000,200,0.001044
1788017677.013212000,200,0.000936
1788017677.243108000,200,0.000934
1788017677.470952000,200,0.000613
1788017677.703478000,200,0.000663
1788017677.935471000,200,0.000647
1788017678.167098000,200,0.000633
1788017678.400919000,200,0.000609
1788017678.631948000,200,0.000795
1788017678.863223000,200,0.000654
1788017679.095835000,200,0.000785
1788017679.328052000,200,0.000578
1788017679.558326000,200,0.000627
1788017679.790656000,200,0.000601
1788017680.022074000,200,0.000904
1788017680.254590000,200,0.009579
1788017680.496066000,200,0.000747
1788017680.727622000,200,0.000579
1788017680.959892000,200,0.002899
1788017681.195140000,200,0.000763
1788017681.430245000,200,0.000734
1788017681.663381000,200,0.000735
1788017681.894285000,200,0.000630
1788017682.120327000,200,0.000654
1788017682.354578000,200,0.001249
1788017682.609565000,200,0.000695
1788017682.843919000,200,0.000634
1788017683.073755000,200,0.000594
1788017683.305091000,200,0.001585
1788017683.537171000,200,0.000807
1788017683.769187000,200,0.000554
1788017684.000369000,200,0.000736
1788017684.235531000,200,0.000564
1788017684.469481000,200,0.000929
1788017684.700573000,200,0.000672
1788017684.935035000,200,0.000753
1788017685.167924000,200,0.000721
1788017685.401350000,200,0.000639
1788017685.634958000,200,0.000773
1788017685.868730000,200,0.000614
1788017686.101326000,200,0.000682
1788017686.332936000,200,0.000748
1788017686.564608000,200,0.000868
1788017686.797648000,200,0.000719
1788017687.027523000,200,0.000890
1788017687.258601000,200,0.000848
1788017687.487864000,200,0.000759
1788017687.723392000,200,0.000710
1788017687.955097000,200,0.000820
1788017688.183314000,200,0.000699
1788017688.417302000,200,0.000615
1788017688.646861000,200,0.000704
1788017688.880538000,200,0.001013
1788017689.114291000,200,0.000805
1788017689.347713000,200,0.000612
1788017689.581523000,200,0.000666
1788017689.813072000,200,0.000814
1788017690.047352000,200,0.000677
1788017690.283686000,200,0.000843
1788017690.519316000,200,0.000913
1788017690.751626000,200,0.001128
1788017690.987570000,200,0.000664
1788017691.220139000,200,0.000674
1788017691.455168000,200,0.000600
1788017691.688863000,200,0.000703
1788017691.919528000,200,0.000726
1788017692.150342000,200,0.000922
1788017692.377562000,200,0.000884
1788017692.609015000,200,0.000501
1788017692.839654000,200,0.000873
1788017693.069279000,200,0.001109
1788017693.299391000,200,0.000838
1788017693.530325000,200,0.000920
1788017693.759640000,200,0.000775
1788017693.995451000,200,0.000656
1788017694.226982000,200,0.000774
1788017694.459159000,200,0.004605
1788017694.698190000,200,0.000621
1788017694.929972000,200,0.000834
1788017695.163384000,200,0.000717
1788017695.397614000,200,0.000643
1788017695.623447000,200,0.000632
1788017695.855468000,200,0.001029
1788017696.084993000,200,0.000563
1788017696.318707000,200,0.000566
1788017696.550902000,200,0.000606
1788017696.781655000,200,0.000817
1788017697.008013000,200,0.000699
1788017697.236485000,200,0.000663
1788017697.468199000,200,0.000862
1788017697.706244000,200,0.000758
1788017697.941275000,200,0.000719
1788017698.171880000,200,0.000702
1788017698.399494000,200,0.000753
1788017698.630301000,200,0.000642
1788017698.857012000,200,0.000563
1788017699.089752000,200,0.000759
1788017699.323103000,200,0.000772
1788017699.556066000,200,0.000834
1788017699.790878000,200,0.001226
1788017700.026776000,200,0.000681
1788017700.262244000,200,0.000682
1788017700.494913000,200,0.000613
1788017700.727284000,200,0.000649
1788017700.961717000,200,0.000638
1788017701.198737000,200,0.000606
1788017701.432935000,200,0.000611
1788017701.662818000,200,0.000675
1788017701.891404000,200,0.000567
1788017702.118176000,200,0.000515
1788017702.348668000,200,0.001165
1788017702.583439000,200,0.000619
1788017702.817724000,200,0.000591
1788017703.051297000,200,0.000868
1788017703.281537000,200,0.000649
1788017703.509482000,200,0.001106
1788017703.741341000,200,0.000799
1788017703.966007000,200,0.000650
1788017704.195908000,200,0.000646
1788017704.430287000,200,0.000690
1788017704.659203000,200,0.000533
1788017704.891139000,200,0.000532
1788017705.122923000,200,0.000619
1788017705.355252000,200,0.000736
1788017705.589536000,200,0.000599
1788017705.821548000,200,0.000646
1788017706.058499000,200,0.000664
1788017706.290938000,200,0.000763
1788017706.527108000,200,0.000799
1788017706.757018000,200,0.000874
1788017706.982238000,200,0.000628
1788017707.209502000,200,0.000595
1788017707.441407000,200,0.000595
1788017707.678235000,200,0.000607
1788017707.909927000,200,0.000544
1788017708.144200000,200,0.000967
1788017708.378409000,200,0.001031
1788017708.614046000,200,0.000704
1788017708.847224000,200,0.000813
1788017709.081323000,200,0.000542
1788017709.313550000,200,0.000461
1788017709.550532000,200,0.000751
1788017709.785792000,200,0.000768
1788017710.018650000,200,0.000697
1788017710.254727000,200,0.000835
1788017710.486891000,200,0.000819
1788017710.721515000,200,0.000772
1788017710.958498000,200,0.000855
1788017711.193970000,200,0.000640
1788017711.429325000,200,0.000750
1788017711.662575000,200,0.002191
1788017711.911006000,200,0.001590
1788017712.155161000,200,0.000757
1788017712.389220000,200,0.002898
1788017712.645096000,200,0.001318
1788017712.878927000,200,0.002981
1788017713.119855000,200,0.000765
1788017713.349644000,200,0.000809
1788017713.579567000,200,0.001071
1788017713.811843000,200,0.000672
1788017714.037778000,200,0.001320
1788017714.274899000,200,0.000897
1788017714.526251000,200,0.002488
1788017714.774954000,200,0.000572
1788017715.012838000,200,0.001117
1788017715.251601000,200,0.000780
1788017715.481595000,200,0.000820
1788017715.711981000,200,0.001002
1788017715.948488000,200,0.000641
1788017716.183545000,200,0.001082
1788017716.422391000,200,0.000903
1788017716.656651000,200,0.000665
1788017716.893903000,200,0.000891
1788017717.122709000,200,0.000833
1788017717.354880000,200,0.000849
1788017717.593593000,200,0.000905
1788017717.830158000,200,0.000903
1788017718.067642000,200,0.001077
1788017718.301431000,200,0.001316
1788017718.535874000,200,0.001014
1788017718.764821000,200,0.000961
1788017719.000919000,200,0.000646
1788017719.230593000,200,0.000837
1788017719.461179000,200,0.000704
1788017719.690829000,200,0.000735
1788017719.920854000,200,0.000940
1788017720.158428000,200,0.000818
1788017720.394091000,200,0.000845
1788017720.631052000,200,0.001192
1788017720.864527000,200,0.000643
1788017721.097076000,200,0.000733
1788017721.327357000,200,0.001073
1788017721.556817000,200,0.000639
1788017721.787329000,200,0.000915
1788017722.019519000,200,0.000730
1788017722.250326000,200,0.000670
1788017722.484656000,200,0.001075
1788017722.716601000,200,0.000706
1788017722.949436000,200,0.000833
1788017723.184063000,200,0.000982
1788017723.420478000,200,0.000761
1788017723.648757000,200,0.000840
1788017723.882413000,200,0.005874
1788017724.119837000,200,0.000773
1788017724.355115000,200,0.001426
1788017724.590316000,200,0.000737
1788017724.825138000,200,0.000657
1788017725.062778000,200,0.000680
1788017725.303969000,200,0.001005
1788017725.549717000,200,0.001008
1788017725.784711000,200,0.000695
1788017726.018072000,200,0.000761
1788017726.252977000,200,0.000798
1788017726.488575000,200,0.000845
1788017726.723171000,200,0.000904
1788017726.958532000,200,0.000957
1788017727.190894000,200,0.000715
1788017727.428165000,200,0.003016
1788017727.697762000,200,0.000753
1788017727.936926000,200,0.008912
1788017728.174162000,200,0.000672
1788017728.405352000,200,0.001143
1788017728.641907000,200,0.000900
1788017728.876782000,200,0.000777
1788017729.112595000,200,0.000617
1788017729.349333000,200,0.000975
1788017729.584087000,200,0.001009
1788017729.817873000,200,0.000769
1788017730.051422000,200,0.000662
1788017730.286211000,200,0.000843
1788017730.524150000,200,0.000769
1788017730.759811000,200,0.001218
1788017731.000103000,200,0.000675
1788017731.239520000,200,0.000761
1788017731.474233000,200,0.000653
1788017731.706007000,200,0.000889
1788017731.944611000,200,0.001125
1788017732.178447000,200,0.001065
1788017732.412772000,200,0.000776
1788017732.650956000,200,0.000733
1788017732.887286000,200,0.000751
1788017733.122831000,200,0.000891
1788017733.356904000,200,0.000705
1788017733.592864000,200,0.000828
1788017733.830594000,200,0.000936
1788017734.064173000,200,0.000886
1788017734.298686000,200,0.000784
1788017734.532712000,200,0.000805
1788017734.766465000,200,0.000628
1788017735.004322000,200,0.000761
1788017735.240125000,200,0.000796
1788017735.473863000,200,0.000835
1788017735.707455000,200,0.000885
1788017735.941574000,200,0.000902
1788017736.176022000,200,0.000837
1788017736.411888000,200,0.000929
1788017736.647166000,200,0.000906
1788017736.878808000,200,0.000817
1788017737.111543000,200,0.000595
1788017737.341382000,200,0.000790
1788017737.578187000,200,0.000831
1788017737.813345000,200,0.001323
1788017738.047270000,200,0.000700
1788017738.282470000,200,0.000863
1788017738.521277000,200,0.000719
1788017738.756411000,200,0.000726
1788017738.992658000,200,0.000751
1788017739.227603000,200,0.000869
1788017739.461732000,200,0.000707
1788017739.697262000,200,0.000629
1788017739.931806000,200,0.000766
1788017740.169550000,200,0.000914
1788017740.407426000,200,0.000993
1788017740.642496000,200,0.000825
1788017740.880007000,200,0.001015
1788017741.116308000,200,0.000742
1788017741.350712000,200,0.000784
1788017741.586275000,200,0.000681
1788017741.822398000,200,0.000739
1788017742.050842000,200,0.001193
1788017742.283656000,200,0.000879
1788017742.519709000,200,0.001017
1788017742.759803000,200,0.000769
1788017742.995986000,200,0.000652
1788017743.232201000,200,0.000980
1788017743.467547000,200,0.000662
1788017743.703318000,200,0.000974
1788017743.932047000,200,0.000805
1788017744.171016000,200,0.000729
1788017744.409004000,200,0.000769
1788017744.643191000,200,0.000706
1788017744.880046000,200,0.000961
1788017745.116061000,200,0.000732
1788017745.350941000,200,0.001261
1788017745.586910000,200,0.000658
1788017745.819442000,200,0.000834
1788017746.052600000,200,0.000679
1788017746.287093000,200,0.000828
1788017746.521364000,200,0.000783
1788017746.755319000,200,0.000599
1788017746.984977000,200,0.000800
1788017747.218641000,200,0.000738
1788017747.453674000,200,0.000719
1788017747.688113000,200,0.000688
1788017747.922377000,200,0.001186
1788017748.157273000,200,0.000881
1788017748.390392000,200,0.000721
1788017748.624921000,200,0.000919
1788017748.860762000,200,0.000781
1788017749.094951000,200,0.000823
1788017749.331959000,200,0.000783
1788017749.570522000,200,0.000764
1788017749.803797000,200,0.000741
1788017750.037892000,200,0.000840
1788017750.274009000,200,0.014996
1788017750.527954000,200,0.000851
1788017750.763155000,200,0.000680
1788017750.999342000,200,0.000818
1788017751.233628000,200,0.000728
1788017751.467829000,200,0.000717
1788017751.700797000,200,0.001126
1788017751.935537000,200,0.000734
1788017752.171307000,200,0.001014
1788017752.408172000,200,0.000728
1788017752.644147000,200,0.000703
1788017752.879115000,200,0.000856
1788017753.113128000,200,0.000702
1788017753.349911000,200,0.000681
1788017753.584363000,200,0.000902
1788017753.818805000,200,0.000706
1788017754.053051000,200,0.000805
1788017754.288238000,200,0.000777
1788017754.523485000,200,0.000909
1788017754.758969000,200,0.001085
1788017754.993440000,200,0.000675
1788017755.227991000,200,0.000796
1788017755.462890000,200,0.001067
1788017755.694956000,200,0.000722
1788017755.928511000,200,0.000786
1788017756.163311000,200,0.000674
1788017756.401817000,200,0.000711
1788017756.634102000,200,0.000675
1788017756.868548000,200,0.000979
1788017757.098831000,200,0.000625
1788017757.327959000,200,0.000657
1788017757.564453000,200,0.000864
1788017757.799271000,200,0.000828
1788017758.034237000,200,0.000763
1788017758.269454000,200,0.002859
1788017758.502514000,200,0.000723
1788017758.738984000,200,0.001080
1788017758.973144000,200,0.000752
1788017759.206607000,200,0.000756
1788017759.446158000,200,0.000905
1788017759.682039000,200,0.000907
1788017759.919414000,200,0.000780
1788017760.153728000,200,0.000795
1788017760.390860000,200,0.000773
1788017760.629674000,200,0.000900
1788017760.865800000,200,0.000906
1788017761.103248000,200,0.001028
1788017761.340077000,200,0.000821
1788017761.575621000,200,0.001337
1788017761.812906000,200,0.000635
1788017762.042046000,200,0.000977
1788017762.273230000,200,0.001387
1788017762.513010000,200,0.000988
1788017762.747047000,200,0.000854
1788017762.981395000,200,0.000780
1788017763.218412000,200,0.000639
1788017763.455368000,200,0.000723
1788017763.691895000,200,0.001210
1788017763.926888000,200,0.001236
1788017764.164472000,200,0.000744
1788017764.398013000,200,0.000778
1788017764.637024000,200,0.000862
1788017764.876840000,200,0.000807
1788017765.110542000,200,0.000676
1788017765.346713000,200,0.000881
1788017765.584485000,200,0.001086
1788017765.820410000,200,0.000868
1788017766.057135000,200,0.001018
1788017766.292005000,200,0.000933
1788017766.526370000,200,0.013601
1788017766.775632000,200,0.000885
1788017767.005201000,200,0.000710
1788017767.235292000,200,0.000696
1788017767.472542000,200,0.000917
1788017767.709998000,200,0.000840
1788017767.949432000,200,0.000716
1788017768.187367000,200,0.000928
1788017768.425433000,200,0.001005
1788017768.661672000,200,0.000765
1788017768.900797000,200,0.000809
1788017769.139525000,200,0.001141
1788017769.375920000,200,0.001076
1788017769.615345000,200,0.001123
1788017769.854176000,200,0.000827
1788017770.091901000,200,0.000674
1788017770.331084000,200,0.000976
1788017770.568716000,200,0.001102
1788017770.802639000,200,0.000683
1788017771.040786000,200,0.000875
1788017771.279339000,200,0.000812
1788017771.515278000,200,0.001093
1788017771.752736000,200,0.001034
1788017771.993378000,200,0.002374
1788017772.252009000,200,0.008680
1788017772.536033000,200,0.003984
1788017772.800967000,200,0.001234
1788017773.040783000,200,0.000962
1788017773.279433000,200,0.001015
1788017773.514997000,200,0.001039
1788017773.757421000,200,0.005420
1788017774.008796000,200,0.001002
1788017774.246451000,200,0.000836
1788017774.478313000,200,0.000983
1788017774.715615000,200,0.000861
1788017774.950916000,200,0.000972
1788017775.188939000,200,0.002995
1788017775.428740000,200,0.001072
1788017775.663984000,200,0.000703
1788017775.900407000,200,0.003134
1788017776.139956000,200,0.000721
1788017776.374403000,200,0.000793
1788017776.611931000,200,0.001514
1788017776.848103000,200,0.000787
1788017777.082319000,200,0.000918
1788017777.314103000,200,0.001015
1788017777.551052000,200,0.000845
1788017777.786316000,200,0.000932
1788017778.023620000,200,0.000907
1788017778.261702000,200,0.001042
1788017778.498804000,200,0.001120
1788017778.735022000,200,0.000838
1788017778.967706000,200,0.000703
1788017779.201235000,200,0.000757
1788017779.434544000,200,0.000696
1788017779.667730000,200,0.000783
1788017779.904980000,200,0.001380
1788017780.148185000,200,0.001107
1788017780.392185000,200,0.000781
1788017780.628362000,200,0.000689
1788017780.862035000,200,0.000847
1788017781.099576000,200,0.000759
1788017781.333086000,200,0.001342
1788017781.570372000,200,0.000682
1788017781.807547000,200,0.001232
1788017782.041155000,200,0.001067
1788017782.279389000,200,0.000980
1788017782.514324000,200,0.000834
1788017782.744877000,200,0.013945
1788017782.994068000,200,0.000641
1788017783.228531000,200,0.000727
1788017783.462583000,200,0.000715
1788017783.696043000,200,0.000791
1788017783.929379000,200,0.000834
1788017784.164324000,200,0.000925
1788017784.398730000,200,0.000690
1788017784.633997000,200,0.000663
1788017784.874333000,200,0.000782
1788017785.115975000,200,0.000945
1788017785.350979000,200,0.000832
1788017785.585601000,200,0.000724
1788017785.822511000,200,0.000689
1788017786.061287000,200,0.001321
1788017786.301596000,200,0.000779
1788017786.540475000,200,0.000738
1788017786.773616000,200,0.000761
1788017787.005659000,200,0.000820
1788017787.237040000,200,0.000757
1788017787.487990000,200,0.001439
1788017787.751980000,200,0.000838
1788017787.990471000,200,0.001072
1788017788.229079000,200,0.000795
1788017788.459922000,200,0.000999
1788017788.700235000,200,0.000821
1788017788.938762000,200,0.000898
1788017789.173588000,200,0.001544
1788017789.411867000,200,0.000624
1788017789.646406000,200,0.000834
1788017789.883877000,200,0.000767
1788017790.118091000,200,0.000902
1788017790.354572000,200,0.000808
1788017790.589352000,200,0.001034
1788017790.824278000,200,0.000878
1788017791.060824000,200,0.000725
1788017791.297886000,200,0.000976
1788017791.535105000,200,0.000924
1788017791.768360000,200,0.001208
1788017791.997653000,200,0.000724
1788017792.226295000,200,0.000906
1788017792.462193000,200,0.000935
1788017792.695975000,200,0.001014
1788017792.932275000,200,0.000813
1788017793.165423000,200,0.000632
1788017793.402737000,200,0.000667
1788017793.641156000,200,0.000681
1788017793.876260000,200,0.000781
1788017794.111619000,200,0.000805
1788017794.348992000,200,0.000749
1788017794.582530000,200,0.000989
1788017794.816510000,200,0.000973
1788017795.051430000,200,0.000837
1788017795.290679000,200,0.000695
1788017795.524131000,200,0.000866
1788017795.760263000,200,0.000663
1788017795.998755000,200,0.000686
1788017796.231735000,200,0.000741
1788017796.466370000,200,0.000861
1788017796.701529000,200,0.001020
1788017796.936446000,200,0.000763
1788017797.168804000,200,0.000860
1788017797.404024000,200,0.001036
1788017797.638773000,200,0.000927
1788017797.872968000,200,0.000736
1788017798.107559000,200,0.000847
1788017798.341853000,200,0.000870
1788017798.578057000,200,0.001043
1788017798.816959000,200,0.000652
1788017799.049848000,200,0.000758
1788017799.284500000,200,0.000917
1788017799.523598000,200,0.000675
1788017799.759334000,200,0.000728
1788017799.993558000,200,0.003664
1788017800.232507000,200,0.000919
1788017800.471164000,200,0.000832
1788017800.707079000,200,0.000872
1788017800.945097000,200,0.000775
1788017801.178947000,200,0.000674
1788017801.416132000,200,0.000808
1788017801.651658000,200,0.000712
1788017801.884608000,200,0.002586
1788017802.117188000,200,0.000978
1788017802.349443000,200,0.000848
1788017802.587146000,200,0.000886
1788017802.825239000,200,0.000758
1788017803.066730000,200,0.000877
1788017803.300740000,200,0.000833
1788017803.534160000,200,0.000769
1788017803.769567000,200,0.000933
1788017804.008115000,200,0.000791
1788017804.242028000,200,0.001104
1788017804.477943000,200,0.000792
1788017804.714263000,200,0.000981
1788017804.948803000,200,0.000714
1788017805.186325000,200,0.000641
1788017805.420852000,200,0.000701
1788017805.658018000,200,0.000825
1788017805.899942000,200,0.000998
1788017806.138207000,200,0.000911
1788017806.382465000,200,0.001189
1788017806.624674000,200,0.001183
1788017806.865832000,200,0.001292
1788017807.115209000,200,0.001772
1788017807.363958000,200,0.000845
1788017807.601353000,200,0.000967
1788017807.833544000,200,0.001014
1788017808.070850000,200,0.000873
1788017808.308037000,200,0.000912
1788017808.541317000,200,0.000814
1788017808.775673000,200,0.000780
1788017809.011644000,200,0.000982
1788017809.248300000,200,0.000744
1788017809.485726000,200,0.000643
1788017809.718010000,200,0.000958
1788017809.949134000,200,0.000879
1788017810.183226000,200,0.000714
1788017810.419905000,200,0.000652
1788017810.654197000,200,0.000984
1788017810.889962000,200,0.000808
1788017811.126312000,200,0.001281
1788017811.363697000,200,0.000787
1788017811.597028000,200,0.000700
1788017811.829892000,200,0.000796
1788017812.059581000,200,0.001017
1788017812.290907000,200,0.000869
1788017812.532188000,200,0.000777
1788017812.769844000,200,0.000721
1788017813.003389000,200,0.000858
1788017813.238080000,200,0.001299
1788017813.472951000,200,0.000745
1788017813.708050000,200,0.000910
1788017813.945624000,200,0.000777
1788017814.180438000,200,0.000971
1788017814.412586000,200,0.000644
1788017814.646338000,200,0.000794
1788017814.884250000,200,0.000861
1788017815.119478000,200,0.000730
1788017815.354787000,200,0.000870
1788017815.586424000,200,0.001042
1788017815.824564000,200,0.000905
1788017816.059528000,200,0.001051
1788017816.298390000,200,0.000850
1788017816.534713000,200,0.000904
1788017816.767417000,200,0.000914
1788017817.005297000,200,0.001031
1788017817.241971000,200,0.001669
1788017817.479711000,200,0.001068
1788017817.732938000,200,0.001383
1788017817.970935000,200,0.000954
1788017818.207289000,200,0.000852
1788017818.438641000,200,0.000836
1788017818.678422000,200,0.000730
1788017818.917077000,200,0.000944
1788017819.155699000,200,0.000749
1788017819.388732000,200,0.001236
1788017819.625923000,200,0.000728
1788017819.860363000,200,0.000807
1788017820.098618000,200,0.001080
1788017820.334907000,200,0.000686
1788017820.569431000,200,0.001023
1788017820.807162000,200,0.001010
1788017821.043582000,200,0.000699
1788017821.279909000,200,0.000822
1788017821.515831000,200,0.000978
1788017821.750872000,200,0.000834
1788017821.984134000,200,0.000717
1788017822.218293000,200,0.000900
1788017822.452524000,200,0.000818
1788017822.686735000,200,0.000735
1788017822.923936000,200,0.000792
1788017823.158762000,200,0.000786
1788017823.393916000,200,0.000959
1788017823.632219000,200,0.001126
1788017823.866200000,200,0.000871
1788017824.105620000,200,0.001118
1788017824.340586000,200,0.001019
1788017824.580629000,200,0.000865
1788017824.815116000,200,0.000765
1788017825.051535000,200,0.000764
1788017825.286326000,200,0.000951
1788017825.521392000,200,0.000754
1788017825.758651000,200,0.000837
1788017825.995469000,200,0.000788
1788017826.230734000,200,0.000759
1788017826.464986000,200,0.000629
1788017826.698943000,200,0.000736
1788017826.939521000,200,0.000947
1788017827.173019000,200,0.000990
1788017827.411412000,200,0.001039
1788017827.646686000,200,0.000946
1788017827.884587000,200,0.000985
1788017828.119323000,200,0.000896
1788017828.354017000,200,0.000979
1788017828.591019000,200,0.000826
1788017828.827499000,200,0.000973
1788017829.061441000,200,0.001130
1788017829.297472000,200,0.001173
1788017829.538067000,200,0.000890
1788017829.773103000,200,0.000878
1788017830.010963000,200,0.000827
1788017830.245440000,200,0.000857
1788017830.481517000,200,0.000715
1788017830.715216000,200,0.001031
1788017830.948466000,200,0.000692
1788017831.183536000,200,0.000877
1788017831.420403000,200,0.015221
1788017831.671252000,200,0.000725
1788017831.905209000,200,0.001185
1788017832.140014000,200,0.000869
1788017832.374869000,200,0.001415
1788017832.613153000,200,0.001284
1788017832.851452000,200,0.001198
1788017833.093436000,200,0.000707
1788017833.327494000,200,0.001137
1788017833.564761000,200,0.000739
1788017833.798789000,200,0.001147
1788017834.033316000,200,0.000877
1788017834.265291000,200,0.000781
1788017834.498779000,200,0.000838
1788017834.734115000,200,0.000853
1788017834.968103000,200,0.000818
1788017835.202698000,200,0.000810
1788017835.441760000,200,0.000867
1788017835.675235000,200,0.000644
1788017835.912360000,200,0.000724
1788017836.146991000,200,0.001345
1788017836.381449000,200,0.000689
1788017836.616478000,200,0.000767
1788017836.850151000,200,0.000891
1788017837.080400000,200,0.000715
1788017837.313629000,200,0.001102
1788017837.548896000,200,0.000948
1788017837.787104000,200,0.000956
1788017838.020569000,200,0.000753
1788017838.253200000,200,0.000895
1788017838.487058000,200,0.000706
1788017838.719838000,200,0.000954
1788017838.956888000,200,0.000981
1788017839.191289000,200,0.000777
1788017839.426541000,200,0.000886
1788017839.661705000,200,0.000908
1788017839.897750000,200,0.000895
1788017840.135886000,200,0.001428
1788017840.374418000,200,0.000750
1788017840.609636000,200,0.000701
1788017840.845608000,200,0.000903
1788017841.082054000,200,0.000726
1788017841.318705000,200,0.001123
1788017841.553434000,200,0.000792
1788017841.788948000,200,0.001159
1788017842.023509000,200,0.001090
1788017842.255564000,200,0.000943
1788017842.490945000,200,0.000703
1788017842.727414000,200,0.000681
1788017842.963287000,200,0.000875
1788017843.197557000,200,0.001404
1788017843.435610000,200,0.000635
1788017843.670129000,200,0.000993
1788017843.903420000,200,0.000955
1788017844.139260000,200,0.000786
1788017844.373809000,200,0.000847
1788017844.607996000,200,0.011674
1788017844.854633000,200,0.000730
1788017845.090039000,200,0.000661
1788017845.326602000,200,0.001062
1788017845.562754000,200,0.003847
1788017845.802607000,200,0.003164
1788017846.048419000,200,0.001886
1788017846.301229000,200,0.002662
1788017846.560041000,200,0.000860
1788017846.793700000,200,0.001089
1788017847.026623000,200,0.000880
1788017847.260986000,200,0.000817
1788017847.502789000,200,0.001333
1788017847.773922000,200,0.000863
1788017848.012707000,200,0.000769
1788017848.251569000,200,0.000827
1788017848.483685000,200,0.000804
1788017848.719180000,200,0.001925
1788017848.960341000,200,0.002408
1788017849.199206000,200,0.000791
1788017849.436018000,200,0.000930
1788017849.671576000,200,0.001647
1788017849.908910000,200,0.000717
1788017850.142048000,200,0.000865
1788017850.375758000,200,0.000817
1788017850.613013000,200,0.000764
1788017850.852681000,200,0.000965
1788017851.091011000,200,0.000832
1788017851.328936000,200,0.000786
1788017851.565118000,200,0.000736
1788017851.799707000,200,0.000682
1788017852.030478000,200,0.000973
1788017852.267019000,200,0.001477
1788017852.504856000,200,0.000829
1788017852.742071000,200,0.001031
1788017852.979225000,200,0.000682
1788017853.215736000,200,0.000798
1788017853.449782000,200,0.001128
1788017853.684541000,200,0.000886
1788017853.921383000,200,0.001024
1788017854.160097000,200,0.001213
1788017854.395131000,200,0.000813
1788017854.631067000,200,0.000706
1788017854.871596000,200,0.000725
1788017855.109311000,200,0.001127
1788017855.347599000,200,0.000715
1788017855.584014000,200,0.000927
1788017855.822204000,200,0.001383
1788017856.061278000,200,0.000879
1788017856.297568000,200,0.000687
1788017856.532258000,200,0.000820
1788017856.767758000,200,0.000737
1788017857.005365000,200,0.001048
1788017857.236581000,200,0.001010
1788017857.475201000,200,0.000762
1788017857.713012000,200,0.001568
1788017857.957011000,200,0.001051
1788017858.191838000,200,0.000968
1788017858.429889000,200,0.000724
1788017858.669621000,200,0.000684
1788017858.903390000,200,0.001154
1788017859.141261000,200,0.000856
1788017859.375657000,200,0.000932
1788017859.613645000,200,0.000810
1788017859.847156000,200,0.000738
1788017860.083099000,200,0.000927
1788017860.319731000,200,0.001226
1788017860.556128000,200,0.000908
1788017860.791018000,200,0.000927
1788017861.028902000,200,0.000950
1788017861.262325000,200,0.001147
1788017861.497457000,200,0.000918
1788017861.730600000,200,0.001089
1788017861.964688000,200,0.000779
1788017862.194340000,200,0.000763
1788017862.428664000,200,0.000966
1788017862.665537000,200,0.000795
1788017862.903358000,200,0.000954
1788017863.145135000,200,0.000791
1788017863.379006000,200,0.000902
1788017863.614991000,200,0.000996
1788017863.852266000,200,0.000808
1788017864.090068000,200,0.000776
1788017864.328886000,200,0.000750
1788017864.564635000,200,0.000812
1788017864.800550000,200,0.000848
1788017865.034455000,200,0.000702
1788017865.267550000,200,0.001138
1788017865.501841000,200,0.000711
1788017865.739153000,200,0.001127
1788017865.972608000,200,0.001044
1788017866.206773000,200,0.000937
1788017866.445057000,200,0.000703
1788017866.680408000,200,0.000752
1788017866.916702000,200,0.000974
1788017867.152899000,200,0.001095
1788017867.385819000,200,0.001269
1788017867.624136000,200,0.000914
1788017867.859042000,200,0.001151
1788017868.093438000,200,0.000885
1788017868.326993000,200,0.001163
1788017868.561422000,200,0.000775
1788017868.796758000,200,0.000776
1788017869.032180000,200,0.000829
1788017869.268974000,200,0.000955
1788017869.504344000,200,0.001070
1788017869.743788000,200,0.000744
1788017869.981800000,200,0.000737
1788017870.220465000,200,0.001034
1788017870.463867000,200,0.001801
1788017870.709147000,200,0.000753
1788017870.948947000,200,0.001236
1788017871.189861000,200,0.000971
1788017871.423372000,200,0.000896
1788017871.657682000,200,0.001054
1788017871.893436000,200,0.000916
1788017872.127820000,200,0.000798
1788017872.361498000,200,0.000998
1788017872.598010000,200,0.000977
1788017872.836973000,200,0.001001
1788017873.072833000,200,0.000997
1788017873.307453000,200,0.000946
1788017873.543235000,200,0.000803
1788017873.778432000,200,0.000781
1788017874.014198000,200,0.000962
1788017874.253570000,200,0.000995
1788017874.488263000,200,0.000770
1788017874.722172000,200,0.000710
1788017874.956564000,200,0.000925
1788017875.190828000,200,0.000703
1788017875.424555000,200,0.000869
1788017875.660405000,200,0.000772
1788017875.902338000,200,0.001047
1788017876.137785000,200,0.000758
1788017876.371206000,200,0.001082
1788017876.610496000,200,0.001008
1788017876.846642000,200,0.001247
1788017877.079972000,200,0.000941
1788017877.313280000,200,0.000784
1788017877.562910000,200,0.000923
1788017877.806630000,200,0.000914
1788017878.045932000,200,0.001234
1788017878.285832000,200,0.001570
1788017878.522156000,200,0.001730
1788017878.766772000,200,0.001248
1788017879.005767000,200,0.000854
1788017879.242473000,200,0.001178
1788017879.479942000,200,0.001202
1788017879.718954000,200,0.001124
1788017879.955325000,200,0.001492
1788017880.197491000,200,0.001276
1788017880.438975000,200,0.000712
1788017880.675001000,200,0.000720
1788017880.909350000,200,0.000983
1788017881.143852000,200,0.000928
1788017881.381419000,200,0.000708
1788017881.616418000,200,0.001224
1788017881.850783000,200,0.000761
1788017882.081438000,200,0.000677
1788017882.314727000,200,0.000805
1788017882.550555000,200,0.000777
1788017882.785994000,200,0.001081
1788017883.020693000,200,0.000709
1788017883.257013000,200,0.000736
1788017883.491216000,200,0.000785
1788017883.727435000,200,0.000932
1788017883.964809000,200,0.000759
1788017884.199257000,200,0.000855
1788017884.435271000,200,0.000778
1788017884.674414000,200,0.000720
1788017884.910812000,200,0.000843
1788017885.145036000,200,0.000748
1788017885.379520000,200,0.000972
1788017885.616296000,200,0.001087
1788017885.853322000,200,0.000972
1788017886.090127000,200,0.000853
1788017886.324120000,200,0.000694
1788017886.559196000,200,0.001113
1788017886.795732000,200,0.000720
1788017887.028660000,200,0.001091
1788017887.264188000,200,0.001162
1788017887.500417000,200,0.000894
1788017887.737829000,200,0.001106
1788017887.975664000,200,0.001091
1788017888.211089000,200,0.000800
1788017888.446980000,200,0.000753
1788017888.685490000,200,0.000729
1788017888.923266000,200,0.001042
1788017889.158086000,200,0.009153
1788017889.405983000,200,0.000786
1788017889.640681000,200,0.000850
1788017889.875697000,200,0.000954
1788017890.109075000,200,0.001205
1788017890.344210000,200,0.000700
1788017890.579500000,200,0.000713
1788017890.815812000,200,0.000856
1788017891.050502000,200,0.001492
1788017891.285687000,200,0.000757
1788017891.521752000,200,0.000764
1788017891.755080000,200,0.001026
1788017891.995006000,200,0.001007
1788017892.227959000,200,0.000782
1788017892.464948000,200,0.000775
1788017892.708292000,200,0.001171
1788017892.956357000,200,0.001295
1788017893.204466000,200,0.001209
1788017893.446729000,200,0.000675
1788017893.683842000,200,0.001527
1788017893.919869000,200,0.001132
1788017894.151270000,200,0.000839
1788017894.384132000,200,0.002683
1788017894.623139000,200,0.000830
1788017894.861522000,200,0.001358
1788017895.098578000,200,0.000829
1788017895.333036000,200,0.002313
1788017895.572753000,200,0.001296
1788017895.814430000,200,0.002317
1788017896.058769000,200,0.001214
1788017896.301503000,200,0.001808
1788017896.553098000,200,0.001122
1788017896.796625000,200,0.001508
1788017897.053463000,200,0.002331
1788017897.316773000,200,0.002001
1788017897.567314000,200,0.001177
1788017897.805513000,200,0.001200
1788017898.043666000,200,0.000870
1788017898.283538000,200,0.000921
1788017898.523025000,200,0.000729
1788017898.760338000,200,0.000974
1788017898.997800000,200,0.001184
1788017899.234129000,200,0.000881
1788017899.469754000,200,0.001171
1788017899.708329000,200,0.000734
1788017899.945763000,200,0.000930
1788017900.179772000,200,0.000807
1788017900.413451000,200,0.000728
1788017900.648057000,200,0.000822
1788017900.883239000,200,0.000891
1788017901.116386000,200,0.000625
1788017901.352503000,200,0.000772
1788017901.586347000,200,0.000959
1788017901.822821000,200,0.000789
1788017902.057250000,200,0.000955
1788017902.291101000,200,0.001002
1788017902.531848000,200,0.001035
1788017902.766098000,200,0.000964
1788017903.000685000,200,0.001407
1788017903.240586000,200,0.000844
1788017903.477316000,200,0.000882
1788017903.711668000,200,0.000805
1788017903.947511000,200,0.000790
1788017904.180988000,200,0.000935
1788017904.420832000,200,0.000822
1788017904.659728000,200,0.000697
1788017904.895570000,200,0.000897
1788017905.129191000,200,0.000742
1788017905.363338000,200,0.000778
1788017905.594665000,200,0.001114
1788017905.829611000,200,0.000897
1788017906.065062000,200,0.001003
1788017906.299668000,200,0.001025
1788017906.535413000,200,0.000769
1788017906.769390000,200,0.000970
1788017907.000818000,200,0.000863
1788017907.236357000,200,0.000799
1788017907.475359000,200,0.000821
1788017907.710657000,200,0.000974
1788017907.949431000,200,0.001486
1788017908.184374000,200,0.000743
1788017908.418290000,200,0.001203
1788017908.653622000,200,0.000894
1788017908.891333000,200,0.001022
1788017909.125525000,200,0.000984
1788017909.364704000,200,0.000923
1788017909.604330000,200,0.000914
1788017909.843262000,200,0.000833
1788017910.079430000,200,0.000712
1788017910.314069000,200,0.000892
1788017910.550199000,200,0.000867
1788017910.787625000,200,0.000981
1788017911.021776000,200,0.000945
1788017911.258079000,200,0.001150
1788017911.496511000,200,0.000902
1788017911.736277000,200,0.000813
1788017911.972054000,200,0.000764
1788017912.205525000,200,0.000888
1788017912.443771000,200,0.000862
1788017912.686241000,200,0.000857
1788017912.925241000,200,0.001043
1788017913.164827000,200,0.000802
1788017913.400256000,200,0.000658
1788017913.636647000,200,0.000793
1788017913.872541000,200,0.000850
1788017914.110994000,200,0.000746
1788017914.346207000,200,0.001034
1788017914.580140000,200,0.000819
1788017914.818070000,200,0.000969
1788017915.056086000,200,0.001027
1788017915.294349000,200,0.000726
1788017915.529809000,200,0.001004
1788017915.764289000,200,0.000803
1788017915.997446000,200,0.000685
1788017916.233113000,200,0.001369
1788017916.469300000,200,0.001036
1788017916.705903000,200,0.000777
1788017916.941491000,200,0.001048
1788017917.178711000,200,0.001437
1788017917.430816000,200,0.013880
1788017917.695706000,200,0.002067
1788017917.948253000,200,0.001230
1788017918.189125000,200,0.001418
1788017918.424945000,200,0.000863
1788017918.663348000,200,0.001132
1788017918.905614000,200,0.000651
1788017919.144547000,200,0.000912
1788017919.380342000,200,0.001068
1788017919.617439000,200,0.000713
1788017919.856531000,200,0.001110
1788017920.091757000,200,0.000838
1788017920.327864000,200,0.001011
1788017920.565185000,200,0.000772
1788017920.801074000,200,0.000953
1788017921.038549000,200,0.001064
1788017921.273180000,200,0.000938
1788017921.507306000,200,0.000819
1788017921.746943000,200,0.000757
1788017921.983549000,200,0.000773
1788017922.217868000,200,0.000861
1788017922.455671000,200,0.000886
1788017922.697394000,200,0.000930
1788017922.940183000,200,0.001024
1788017923.177385000,200,0.000877
1788017923.413283000,200,0.000777
1788017923.651483000,200,0.003657
1788017923.897039000,200,0.000765
1788017924.136259000,200,0.000724
1788017924.373447000,200,0.000793
1788017924.611822000,200,0.000715
1788017924.848644000,200,0.001146
1788017925.083438000,200,0.001162
1788017925.321127000,200,0.000916
1788017925.557658000,200,0.000881
1788017925.793344000,200,0.000991
1788017926.028704000,200,0.001191
1788017926.273505000,200,0.001440
1788017926.514721000,200,0.000849
1788017926.751056000,200,0.001110
1788017926.989670000,200,0.000977
1788017927.224823000,200,0.000909
1788017927.456017000,200,0.000729
1788017927.690365000,200,0.000820
1788017927.924935000,200,0.001030
1788017928.161299000,200,0.000766
1788017928.397478000,200,0.000797
1788017928.638703000,200,0.000788
1788017928.875213000,200,0.000776
1788017929.109986000,200,0.000870
1788017929.344687000,200,0.001790
1788017929.585990000,200,0.000681
1788017929.821719000,200,0.000902
1788017930.059818000,200,0.000774
1788017930.294513000,200,0.001083
1788017930.531241000,200,0.000988
1788017930.764735000,200,0.000941
1788017930.999293000,200,0.001086
1788017931.233574000,200,0.000766
1788017931.469820000,200,0.000857
1788017931.706454000,200,0.000712
1788017931.943033000,200,0.001051
1788017932.180204000,200,0.000920
1788017932.416675000,200,0.001011
1788017932.655007000,200,0.000799
1788017932.890922000,200,0.000898
1788017933.125817000,200,0.000830
1788017933.363496000,200,0.001712
1788017933.599435000,200,0.000795
1788017933.833674000,200,0.000715
1788017934.069183000,200,0.001082
1788017934.304728000,200,0.000854
1788017934.543380000,200,0.000862
1788017934.781582000,200,0.000665
1788017935.017934000,200,0.000666
1788017935.253738000,200,0.000957
1788017935.487050000,200,0.000944
1788017935.718267000,200,0.001035
1788017935.958313000,200,0.000811
1788017936.192869000,200,0.000811
1788017936.429253000,200,0.001010
1788017936.663162000,200,0.000901
1788017936.900207000,200,0.000941
1788017937.131210000,200,0.000682
1788017937.363925000,200,0.000691
1788017937.600301000,200,0.000824
1788017937.839933000,200,0.000889
1788017938.080480000,200,0.001171
1788017938.316840000,200,0.001085
1788017938.553660000,200,0.000711
1788017938.793255000,200,0.000840
1788017939.031377000,200,0.001076
1788017939.272490000,200,0.001240
1788017939.507940000,200,0.000918
1788017939.744198000,200,0.000949
1788017939.982434000,200,0.000998
1788017940.223883000,200,0.000998
1788017940.463938000,200,0.000830
1788017940.698116000,200,0.000810
1788017940.936397000,200,0.000770
1788017941.173006000,200,0.000996
1788017941.407587000,200,0.001078
1788017941.645019000,200,0.000952
1788017941.881113000,200,0.001073
1788017942.117827000,200,0.000946
1788017942.353300000,200,0.001191
1788017942.592826000,200,0.005096
1788017942.834021000,200,0.000794
1788017943.070326000,200,0.000950
1788017943.307112000,200,0.000918
1788017943.542498000,200,0.000729
1788017943.781530000,200,0.006562
1788017944.022057000,200,0.000775
1788017944.257781000,200,0.000746
1788017944.495324000,200,0.000634
1788017944.729372000,200,0.001167
1788017944.965752000,200,0.000660
1788017945.200445000,200,0.000905
1788017945.438795000,200,0.000799
1788017945.677038000,200,0.000843
1788017945.911787000,200,0.000964
1788017946.147660000,200,0.000923
1788017946.382441000,200,0.000821
1788017946.620604000,200,0.001272
1788017946.854377000,200,0.001024
1788017947.091825000,200,0.001580
1788017947.336132000,200,0.000828
1788017947.573897000,200,0.000886
1788017947.811115000,200,0.000805
1788017948.047514000,200,0.000815
1788017948.287131000,200,0.001669
1788017948.534377000,200,0.000761
1788017948.772134000,200,0.000730
1788017949.008258000,200,0.000837
1788017949.241417000,200,0.001156
1788017949.481458000,200,0.001015
1788017949.716740000,200,0.001198
1788017949.952581000,200,0.000834
1788017950.188852000,200,0.000893
1788017950.423226000,200,0.001271
1788017950.662308000,200,0.001120
1788017950.897958000,200,0.000868
1788017951.136806000,200,0.000824
1788017951.372572000,200,0.002040
1788017951.615100000,200,0.000693
1788017951.854541000,200,0.000724
1788017952.086333000,200,0.000817
1788017952.324414000,200,0.000917
1788017952.575961000,200,0.001098
1788017952.825754000,200,0.001107
1788017953.065685000,200,0.000977
1788017953.305777000,200,0.000891
1788017953.543165000,200,0.001029
1788017953.781178000,200,0.001067
1788017954.020720000,200,0.001065
1788017954.255630000,200,0.000830
1788017954.490507000,200,0.001078
1788017954.727776000,200,0.001040
1788017954.964964000,200,0.000998
1788017955.200887000,200,0.001036
1788017955.439382000,200,0.001085
1788017955.673297000,200,0.000865
1788017955.912056000,200,0.000759
1788017956.145776000,200,0.001099
1788017956.380666000,200,0.001136
1788017956.613813000,200,0.000717
1788017956.852863000,200,0.001171
1788017957.090369000,200,0.000835
1788017957.325112000,200,0.000864
1788017957.564027000,200,0.000996
1788017957.803464000,200,0.000878
1788017958.040451000,200,0.000782
1788017958.283043000,200,0.001097
1788017958.519214000,200,0.000767
1788017958.755090000,200,0.000882
1788017958.990556000,200,0.000754
1788017959.224651000,200,0.000947
1788017959.460006000,200,0.001072
1788017959.698130000,200,0.002456
1788017959.939854000,200,0.000868
1788017960.178229000,200,0.000742
1788017960.415510000,200,0.000884
1788017960.650685000,200,0.000872
1788017960.888178000,200,0.000856
1788017961.121927000,200,0.001026
1788017961.356914000,200,0.000710
1788017961.594042000,200,0.000811
1788017961.831549000,200,0.000893
1788017962.062904000,200,0.000670
1788017962.294636000,200,0.000744
1788017962.528605000,200,0.001100
1788017962.762036000,200,0.000966
1788017962.998757000,200,0.000768
1788017963.237164000,200,0.000763
1788017963.474672000,200,0.000962
1788017963.713546000,200,0.000921
1788017963.951201000,200,0.000831
1788017964.189033000,200,0.000836
1788017964.426346000,200,0.000705
1788017964.666032000,200,0.000684
1788017964.908212000,200,0.001522
1788017965.147707000,200,0.000796
1788017965.381986000,200,0.000962
1788017965.614783000,200,0.000824
1788017965.853206000,200,0.001577
1788017966.092942000,200,0.001123
1788017966.329323000,200,0.001372
1788017966.569097000,200,0.000919
1788017966.802343000,200,0.000746
1788017967.033654000,200,0.000828
1788017967.266352000,200,0.001044
1788017967.501480000,200,0.001049
1788017967.736748000,200,0.001109
1788017967.975195000,200,0.000874
1788017968.210988000,200,0.000805
1788017968.444527000,200,0.000756
1788017968.680711000,200,0.000923
1788017968.913828000,200,0.000989
1788017969.151403000,200,0.000823
1788017969.389596000,200,0.001127
1788017969.625775000,200,0.000757
1788017969.861435000,200,0.000761
1788017970.097700000,200,0.000794
1788017970.337560000,200,0.000968
1788017970.579941000,200,0.001542
1788017970.819601000,200,0.001280
1788017971.058997000,200,0.001618
1788017971.304819000,200,0.001084
1788017971.550150000,200,0.001157
1788017971.789335000,200,0.001459
1788017972.031619000,200,0.001583
1788017972.272734000,200,0.001040
1788017972.520902000,200,0.001594
1788017972.779697000,200,0.001214
1788017973.029389000,200,0.001971
1788017973.285821000,200,0.001503
1788017973.543458000,200,0.002195
1788017973.791097000,200,0.002456
1788017974.047851000,200,0.002299
1788017974.302142000,200,0.001942
1788017974.553506000,200,0.003386
1788017974.815864000,200,0.002058
1788017975.068701000,200,0.002686
1788017975.323377000,200,0.002668
1788017975.576393000,200,0.001855
1788017975.829196000,200,0.002289
1788017976.092128000,200,0.002717
1788017976.345675000,200,0.002102
1788017976.603792000,200,0.002352
1788017976.855494000,200,0.001301
1788017977.088570000,200,0.002228
1788017977.330937000,200,0.001683
1788017977.580418000,200,0.002158
1788017977.829981000,200,0.001974
1788017978.085025000,200,0.001762
1788017978.334168000,200,0.001597
1788017978.588155000,200,0.002195
1788017978.852533000,200,0.002373
1788017979.114080000,200,0.002554
1788017979.368718000,200,0.001978
1788017979.617695000,200,0.001672
1788017979.875986000,200,0.001709
1788017980.132767000,200,0.003110
1788017980.386226000,200,0.001491
1788017980.637438000,200,0.001671
1788017980.895114000,200,0.002206
1788017981.148572000,200,0.001819
1788017981.409905000,200,0.001559
1788017981.661866000,200,0.002432
1788017981.912470000,200,0.001749
1788017982.149972000,200,0.002125
1788017982.396054000,200,0.001330
1788017982.644997000,200,0.002209
1788017982.907239000,200,0.002554
1788017983.163516000,200,0.001796
1788017983.414226000,200,0.001934
1788017983.662927000,200,0.002086
1788017983.906923000,200,0.002030
1788017984.159863000,200,0.002427
1788017984.414007000,200,0.002179
1788017984.667198000,200,0.002520
1788017984.926319000,200,0.002329
1788017985.184595000,200,0.002096
1788017985.447826000,200,0.002252
1788017985.706483000,200,0.001809
1788017985.956830000,200,0.001838
1788017986.207662000,200,0.002274
1788017986.463787000,200,0.002016
1788017986.719405000,200,0.002795
1788017986.972717000,200,0.002007
1788017987.218238000,200,0.001833
1788017987.470189000,200,0.002128
1788017987.724057000,200,0.002257
1788017987.982489000,200,0.001989
1788017988.245750000,200,0.002642
1788017988.503326000,200,0.002572
1788017988.761034000,200,0.001776
1788017989.013440000,200,0.002377
1788017989.268771000,200,0.001851
1788017989.519271000,200,0.002775
1788017989.775646000,200,0.001772
1788017990.037713000,200,0.002261
1788017990.286907000,200,0.001840
1788017990.535948000,200,0.001848
1788017990.781148000,200,0.001520
1788017991.034397000,200,0.001906
1788017991.284726000,200,0.002036
1788017991.531943000,200,0.002118
1788017991.784084000,200,0.001979
1788017992.027646000,200,0.002454
1788017992.269960000,200,0.001232
1788017992.517217000,200,0.001528
1788017992.771110000,200,0.002171
1788017993.027850000,200,0.002561
1788017993.284262000,200,0.001595
1788017993.532436000,200,0.002169
1788017993.786593000,200,0.002173
1788017994.041815000,200,0.002773
1788017994.296302000,200,0.002449
1788017994.546788000,200,0.002425
1788017994.805662000,200,0.002213
1788017995.057757000,200,0.001875
1788017995.306211000,200,0.001660
1788017995.555019000,200,0.001983
1788017995.812187000,200,0.001893
1788017996.067367000,200,0.002505
1788017996.324129000,200,0.002518
1788017996.576710000,200,0.001184
1788017996.820841000,200,0.001228
1788017997.055137000,200,0.002003
1788017997.288933000,200,0.001122
1788017997.527997000,200,0.001072
1788017997.773429000,200,0.001127
1788017998.019308000,200,0.001184
1788017998.261977000,200,0.001353
1788017998.504181000,200,0.002136
1788017998.756817000,200,0.002288
1788017999.017333000,200,0.003179
1788017999.284112000,200,0.001633
1788017999.532903000,200,0.002077
1788017999.794409000,200,0.002258
1788018000.045494000,200,0.002810
1788018000.303405000,200,0.001153
1788018000.562606000,200,0.002397
1788018000.815711000,200,0.001637
1788018001.058997000,200,0.001821
1788018001.306429000,200,0.003279
1788018001.553789000,200,0.001601
1788018001.799221000,200,0.002070
1788018002.041671000,200,0.002420
1788018002.282660000,200,0.001331
1788018002.530365000,200,0.001507
1788018002.780379000,200,0.002474
1788018003.036575000,200,0.002231
1788018003.290913000,200,0.001970
1788018003.540648000,200,0.002031
1788018003.801958000,200,0.002228
1788018004.058709000,200,0.002222
1788018004.320455000,200,0.001609
1788018004.572269000,200,0.002194
1788018004.833739000,200,0.002315
1788018005.084559000,200,0.001647
1788018005.328363000,200,0.002817
1788018005.582313000,200,0.002287
1788018005.843139000,200,0.001830
1788018006.101043000,200,0.002599
1788018006.350471000,200,0.002006
1788018006.611638000,200,0.002320
1788018006.864669000,200,0.001239
1788018007.100755000,200,0.001944
1788018007.349232000,200,0.002996
1788018007.603015000,200,0.002326
1788018007.862646000,200,0.002318
1788018008.123014000,200,0.002264
1788018008.379551000,200,0.002385
1788018008.635313000,200,0.002044
1788018008.894631000,200,0.001915
1788018009.153787000,200,0.002612
1788018009.409334000,200,0.001390
1788018009.656496000,200,0.002529
1788018009.915590000,200,0.002171
1788018010.172222000,200,0.002508
1788018010.421299000,200,0.001250
1788018010.677204000,200,0.002669
1788018010.936804000,200,0.002181
1788018011.194461000,200,0.001893
1788018011.442351000,200,0.001713
1788018011.695712000,200,0.001878
1788018011.943437000,200,0.001467
1788018012.180615000,200,0.002545
1788018012.436219000,200,0.001381
1788018012.695444000,200,0.001859
1788018012.946615000,200,0.001841
1788018013.194974000,200,0.002256
1788018013.456075000,200,0.001709
1788018013.701591000,200,0.002445
1788018013.929712000,200,0.002031
1788018014.158569000,200,0.003098
1788018014.410743000,200,0.002107
1788018014.657947000,200,0.002132
1788018014.914153000,200,0.002442
1788018015.176252000,200,0.002591
1788018015.430929000,200,0.002236
1788018015.685182000,200,0.002316
1788018015.930786000,200,0.001537
1788018016.187081000,200,0.002404
1788018016.439519000,200,0.002050
1788018016.699734000,200,0.002264
1788018016.948908000,200,0.001602
1788018017.183982000,200,0.005941
1788018017.436673000,200,0.001778
1788018017.692220000,200,0.002075
1788018017.946872000,200,0.001841
1788018018.205995000,200,0.001712
1788018018.465895000,200,0.002085
1788018018.724312000,200,0.001622
1788018018.979640000,200,0.002089
1788018019.238449000,200,0.002571
1788018019.493666000,200,0.001641
1788018019.748402000,200,0.001707
1788018020.006380000,200,0.002021
1788018020.252165000,200,0.001267
1788018020.496570000,200,0.001769
1788018020.749085000,200,0.001939
1788018021.004272000,200,0.001815
1788018021.261775000,200,0.001574
1788018021.518669000,200,0.002300
1788018021.776988000,200,0.002315
1788018022.023230000,200,0.002427
1788018022.264971000,200,0.001751
1788018022.523694000,200,0.001638
1788018022.776716000,200,0.001836
1788018023.037761000,200,0.002683
1788018023.294500000,200,0.001755
1788018023.541257000,200,0.001858
1788018023.794925000,200,0.002128
1788018024.056365000,200,0.002587
1788018024.313065000,200,0.001288
1788018024.557648000,200,0.001992
1788018024.817941000,200,0.001711
1788018025.072380000,200,0.001866
1788018025.328163000,200,0.002032
1788018025.584499000,200,0.001845
1788018025.841442000,200,0.002219
1788018026.099019000,200,0.001862
1788018026.361728000,200,0.001829
1788018026.612743000,200,0.001687
1788018026.858993000,200,0.001541
1788018027.093916000,200,0.002955
1788018027.342268000,200,0.002023
1788018027.588977000,200,0.002053
1788018027.848438000,200,0.001607
1788018028.103342000,200,0.001486
1788018028.344157000,200,0.001982
1788018028.602346000,200,0.002226
1788018028.854406000,200,0.001744
1788018029.105835000,200,0.001993
1788018029.362773000,200,0.002834
1788018029.619724000,200,0.002248
1788018029.877579000,200,0.001689
1788018030.130064000,200,0.002339
1788018030.392240000,200,0.002673
1788018030.634524000,200,0.001879
1788018030.888517000,200,0.002576
1788018031.140276000,200,0.001675
1788018031.392837000,200,0.001109
1788018031.644921000,200,0.002398
1788018031.894198000,200,0.001120
1788018032.125146000,200,0.002152
1788018032.365339000,200,0.002101
1788018032.623068000,200,0.001843
1788018032.883373000,200,0.002126
1788018033.136797000,200,0.001836
1788018033.389905000,200,0.001853
1788018033.645159000,200,0.002600
1788018033.902177000,200,0.002195
1788018034.162281000,200,0.002316
1788018034.407182000,200,0.001581
1788018034.654704000,200,0.002408
1788018034.905261000,200,0.002269
1788018035.159714000,200,0.002692
1788018035.414048000,200,0.002147
1788018035.668063000,200,0.001589
1788018035.923941000,200,0.002192
1788018036.178860000,200,0.001381
1788018036.415007000,200,0.001872
1788018036.665018000,200,0.002198
1788018036.917560000,200,0.001493
1788018037.151185000,200,0.002626
1788018037.396167000,200,0.001946
1788018037.636452000,200,0.001852
1788018037.885753000,200,0.001953
1788018038.140222000,200,0.002686
1788018038.397128000,200,0.001796
1788018038.650737000,200,0.001841
1788018038.904708000,200,0.005676
1788018039.158013000,200,0.001953
1788018039.412266000,200,0.002031
1788018039.662906000,200,0.002156
1788018039.923829000,200,0.002230
1788018040.180593000,200,0.002247
1788018040.439816000,200,0.001363
1788018040.694378000,200,0.002552
1788018040.955403000,200,0.001728
1788018041.214270000,200,0.002456
1788018041.468265000,200,0.002268
1788018041.718576000,200,0.002510
1788018041.967730000,200,0.001882
1788018042.203581000,200,0.001717
1788018042.459371000,200,0.001485
1788018042.717570000,200,0.001781
1788018042.969107000,200,0.001856
1788018043.224620000,200,0.002384
1788018043.479241000,200,0.002613
1788018043.726222000,200,0.002734
1788018043.976624000,200,0.002650
1788018044.231852000,200,0.002090
1788018044.481548000,200,0.002213
1788018044.738315000,200,0.002278
1788018044.993148000,200,0.001481
1788018045.245192000,200,0.001836
1788018045.502674000,200,0.002333
1788018045.756843000,200,0.001458
1788018046.014313000,200,0.002258
1788018046.271841000,200,0.001920
1788018046.528680000,200,0.002023
1788018046.782022000,200,0.002688
1788018047.025501000,200,0.002824
1788018047.270104000,200,0.001885
1788018047.526521000,200,0.001865
1788018047.780811000,200,0.001301
1788018048.030563000,200,0.001159
1788018048.280357000,200,0.001214
1788018048.539669000,200,0.001952
1788018048.794283000,200,0.002285
1788018049.055413000,200,0.002662
1788018049.308413000,200,0.001622
1788018049.563667000,200,0.001209
1788018049.816364000,200,0.001969
1788018050.065943000,200,0.002079
1788018050.325804000,200,0.001179
1788018050.574160000,200,0.001768
1788018050.832320000,200,0.001840
1788018051.091447000,200,0.002121
1788018051.346237000,200,0.001668
1788018051.598840000,200,0.002151
1788018051.854152000,200,0.001726
1788018052.095763000,200,0.002014
1788018052.347154000,200,0.002090
1788018052.603296000,200,0.002362
1788018052.864747000,200,0.002669
1788018053.124164000,200,0.002413
1788018053.386517000,200,0.001386
1788018053.640175000,200,0.001918
1788018053.897800000,200,0.002019
1788018054.154283000,200,0.002000
1788018054.409332000,200,0.001919
1788018054.655856000,200,0.002537
1788018054.911235000,200,0.002299
1788018055.165791000,200,0.002267
1788018055.416278000,200,0.001831
1788018055.658113000,200,0.002306
1788018055.914137000,200,0.002348
1788018056.160891000,200,0.001837
1788018056.408491000,200,0.001746
1788018056.659299000,200,0.001738
1788018056.907107000,200,0.001511
1788018057.136893000,200,0.002332
1788018057.388608000,200,0.001466
1788018057.636400000,200,0.001343
1788018057.888830000,200,0.001611
1788018058.131900000,200,0.001389
1788018058.371916000,200,0.002028
1788018058.622235000,200,0.001585
1788018058.881335000,200,0.002037
1788018059.134981000,200,0.002171
1788018059.392226000,200,0.001858
1788018059.648557000,200,0.001637
1788018059.898837000,200,0.002018
1788018060.152619000,200,0.002211
1788018060.408010000,200,0.001522
1788018060.653038000,200,0.001749
1788018060.900599000,200,0.002200
1788018061.155483000,200,0.002056
1788018061.410461000,200,0.001866
1788018061.656762000,200,0.001886
1788018061.903337000,200,0.003078
1788018062.140064000,200,0.002442
1788018062.386837000,200,0.001696
1788018062.633823000,200,0.001586
1788018062.884935000,200,0.002128
1788018063.140514000,200,0.002096
1788018063.395687000,200,0.002114
1788018063.641878000,200,0.002648
1788018063.893993000,200,0.002272
1788018064.151447000,200,0.002200
1788018064.409263000,200,0.001755
1788018064.655179000,200,0.001937
1788018064.905543000,200,0.002413
1788018065.163139000,200,0.002551
1788018065.413549000,200,0.001422
1788018065.664997000,200,0.001984
1788018065.917858000,200,0.001870
1788018066.168293000,200,0.002285
1788018066.420950000,200,0.001964
1788018066.672463000,200,0.002940
1788018066.922919000,200,0.001432
1788018067.157650000,200,0.002410
1788018067.400811000,200,0.001765
1788018067.654045000,200,0.002420
1788018067.912905000,200,0.001941
1788018068.167058000,200,0.002076
1788018068.415322000,200,0.002254
1788018068.665151000,200,0.002057
1788018068.917128000,200,0.001551
1788018069.160873000,200,0.002146
1788018069.412894000,200,0.001449
1788018069.668491000,200,0.002176
1788018069.929406000,200,0.002070
1788018070.182480000,200,0.002136
1788018070.436516000,200,0.001427
1788018070.685636000,200,0.002028
1788018070.943977000,200,0.001328
1788018071.202217000,200,0.002252
1788018071.460792000,200,0.002738
1788018071.720985000,200,0.002331
1788018071.968966000,200,0.001944
1788018072.207612000,200,0.002122
1788018072.461256000,200,0.001555
1788018072.716454000,200,0.002199
1788018072.963801000,200,0.001957
1788018073.208737000,200,0.001645
1788018073.455809000,200,0.001743
1788018073.703954000,200,0.001698
1788018073.928961000,200,0.001853
1788018074.155574000,200,0.002909
1788018074.404430000,200,0.001518
1788018074.651571000,200,0.002424
1788018074.910732000,200,0.002483
1788018075.167378000,200,0.001947
1788018075.418899000,200,0.001832
1788018075.677032000,200,0.002389
1788018075.929676000,200,0.002289
1788018076.188008000,200,0.002522
1788018076.439726000,200,0.002146
1788018076.696662000,200,0.002402
1788018076.948445000,200,0.001295
1788018077.185911000,200,0.001431
1788018077.444492000,200,0.001547
1788018077.686818000,200,0.002338
1788018077.939716000,200,0.001395
1788018078.196850000,200,0.002620
1788018078.454560000,200,0.002037
1788018078.711903000,200,0.002352
1788018078.971859000,200,0.002414
1788018079.222442000,200,0.003395
1788018079.485438000,200,0.002584
1788018079.745019000,200,0.002077
1788018080.001460000,200,0.002097
1788018080.252462000,200,0.002505
1788018080.493490000,200,0.001647
1788018080.746376000,200,0.002190
1788018081.009882000,200,0.001695
1788018081.270648000,200,0.001445
1788018081.527622000,200,0.001936
1788018081.781410000,200,0.001554
1788018082.024346000,200,0.002438
1788018082.269989000,200,0.002568
1788018082.525255000,200,0.001570
1788018082.776114000,200,0.002235
1788018083.027813000,200,0.001957
1788018083.286264000,200,0.002452
1788018083.542023000,200,0.002197
1788018083.794637000,200,0.002174
1788018084.049088000,200,0.002038
1788018084.298245000,200,0.001971
1788018084.551998000,200,0.001812
1788018084.809387000,200,0.002508
1788018085.064987000,200,0.002174
1788018085.321031000,200,0.001356
1788018085.566481000,200,0.002936
1788018085.821297000,200,0.002939
1788018086.083504000,200,0.001931
1788018086.336350000,200,0.001910
1788018086.590867000,200,0.002483
1788018086.840185000,200,0.001680
1788018087.080132000,200,0.002545
1788018087.325749000,200,0.001929
1788018087.577736000,200,0.002081
1788018087.831517000,200,0.003035
1788018088.090562000,200,0.001509
1788018088.331209000,200,0.002347
1788018088.584996000,200,0.001910
1788018088.844391000,200,0.002751
1788018089.103271000,200,0.001867
1788018089.359511000,200,0.002550
1788018089.609957000,200,0.001624
1788018089.860966000,200,0.002395
1788018090.118937000,200,0.002172
1788018090.371388000,200,0.001326
1788018090.623579000,200,0.002415
1788018090.874616000,200,0.003305
1788018091.138777000,200,0.001944
1788018091.389563000,200,0.001952
1788018091.646232000,200,0.002261
1788018091.897593000,200,0.001773
1788018092.128303000,200,0.002714
1788018092.371051000,200,0.002229
1788018092.624081000,200,0.002745
1788018092.884871000,200,0.002096
1788018093.143946000,200,0.002471
1788018093.404466000,200,0.002182
1788018093.654429000,200,0.002460
1788018093.912429000,200,0.001829
1788018094.166583000,200,0.002550
1788018094.417445000,200,0.001841
1788018094.672752000,200,0.002072
1788018094.930303000,200,0.001816
1788018095.188021000,200,0.002369
1788018095.444216000,200,0.002732
1788018095.698539000,200,0.002612
1788018095.954547000,200,0.001884
1788018096.215843000,200,0.002262
1788018096.475548000,200,0.002697
1788018096.732167000,200,0.001908
1788018096.981601000,200,0.002427
1788018097.222364000,200,0.002548
1788018097.478536000,200,0.001995
1788018097.727836000,200,0.002383
1788018097.982757000,200,0.002871
1788018098.239157000,200,0.002222
1788018098.491726000,200,0.002156
1788018098.744704000,200,0.002575
1788018098.992321000,200,0.002173
1788018099.248646000,200,0.001830
1788018099.505444000,200,0.001593
1788018099.751147000,200,0.001947
1788018100.003110000,200,0.001103
1788018100.253459000,200,0.001175
1788018100.500563000,200,0.001061
1788018100.749574000,200,0.001110
1788018100.997604000,200,0.001976
1788018101.240942000,200,0.001140
1788018101.487565000,200,0.001912
1788018101.736086000,200,0.001015
1788018101.977092000,200,0.002401
1788018102.216649000,200,0.001942
1788018102.475305000,200,0.001147
1788018102.723928000,200,0.001745
1788018102.977483000,200,0.001443
1788018103.225878000,200,0.002048
1788018103.478363000,200,0.002518
1788018103.727402000,200,0.001994
1788018103.975697000,200,0.001668
1788018104.231517000,200,0.001732
1788018104.485492000,200,0.002727
1788018104.745618000,200,0.002001
1788018105.001100000,200,0.001567
1788018105.262792000,200,0.001478
1788018105.515359000,200,0.002605
1788018105.774887000,200,0.001817
1788018106.033877000,200,0.002301
1788018106.289635000,200,0.002023
1788018106.546062000,200,0.001888
1788018106.799322000,200,0.002432
1788018107.042557000,200,0.002212
1788018107.280859000,200,0.001415
1788018107.525642000,200,0.003806
1788018107.780596000,200,0.002015
1788018108.035826000,200,0.002485
1788018108.292373000,200,0.002002
1788018108.546580000,200,0.001639
1788018108.802503000,200,0.002021
1788018109.059549000,200,0.002587
1788018109.310105000,200,0.001092
1788018109.562086000,200,0.001905
1788018109.819021000,200,0.001720
1788018110.077108000,200,0.002320
1788018110.335599000,200,0.001577
1788018110.588433000,200,0.002503
1788018110.845313000,200,0.002043
1788018111.102822000,200,0.002330
1788018111.360616000,200,0.002608
1788018111.617201000,200,0.001940
1788018111.866831000,200,0.001493
1788018112.103886000,200,0.001984
1788018112.342654000,200,0.001644
1788018112.587940000,200,0.001956
1788018112.843951000,200,0.001515
1788018113.105775000,200,0.001778
1788018113.364261000,200,0.002429
1788018113.615387000,200,0.002076
1788018113.867379000,200,0.002456
1788018114.123029000,200,0.002356
1788018114.381999000,200,0.002056
1788018114.637818000,200,0.002229
1788018114.893399000,200,0.002518
1788018115.154486000,200,0.002509
1788018115.410177000,200,0.001421
1788018115.652723000,200,0.001948
1788018115.910068000,200,0.002576
1788018116.170507000,200,0.001645
1788018116.423045000,200,0.002013
1788018116.674041000,200,0.002532
1788018116.929389000,200,0.001323
1788018117.162959000,200,0.002448
1788018117.405939000,200,0.001922
1788018117.655155000,200,0.005802
1788018117.910772000,200,0.002243
1788018118.152848000,200,0.001736
1788018118.390278000,200,0.001770
1788018118.641835000,200,0.002907
1788018118.902578000,200,0.001823
1788018119.158462000,200,0.001989
1788018119.414279000,200,0.001940
1788018119.663823000,200,0.001634
1788018119.917729000,200,0.002083
1788018120.178100000,200,0.002159
1788018120.431837000,200,0.001573
1788018120.691526000,200,0.002819
1788018120.945387000,200,0.002602
1788018121.206343000,200,0.001691
1788018121.460417000,200,0.001636
1788018121.711333000,200,0.001998
1788018121.958295000,200,0.002068
1788018122.187230000,200,0.007600
1788018122.444647000,200,0.001496
1788018122.696124000,200,0.002594
1788018122.950462000,200,0.002355
1788018123.210626000,200,0.001625
1788018123.454532000,200,0.002614
1788018123.712312000,200,0.001878
1788018123.964873000,200,0.002014
1788018124.220927000,200,0.001420
1788018124.469692000,200,0.001681
1788018124.711533000,200,0.002052
1788018124.961169000,200,0.002058
1788018125.218226000,200,0.001982
1788018125.470608000,200,0.002557
1788018125.731178000,200,0.002436
1788018125.992249000,200,0.001767
1788018126.250384000,200,0.001920
1788018126.507408000,200,0.001735
1788018126.762727000,200,0.001701
1788018127.002300000,200,0.001540
1788018127.237870000,200,0.001319
1788018127.480261000,200,0.002116
1788018127.728448000,200,0.001792
1788018127.986690000,200,0.002078
1788018128.240458000,200,0.002559
1788018128.494739000,200,0.001889
1788018128.745041000,200,0.002375
1788018129.003609000,200,0.001404
1788018129.254228000,200,0.002262
1788018129.506080000,200,0.002144
1788018129.761714000,200,0.001351
1788018130.011567000,200,0.002115
1788018130.263258000,200,0.001189
1788018130.505405000,200,0.001885
1788018130.753141000,200,0.001815
1788018131.002873000,200,0.002113
1788018131.261183000,200,0.002430
1788018131.517406000,200,0.002058
1788018131.768370000,200,0.001454
1788018132.011980000,200,0.002838
1788018132.249826000,200,0.001956
1788018132.503481000,200,0.001878
1788018132.748691000,200,0.001768
1788018133.001440000,200,0.002516
1788018133.258759000,200,0.002198
1788018133.510310000,200,0.002405
1788018133.758472000,200,0.001433
1788018133.993537000,200,0.002990
1788018134.238137000,200,0.002074
1788018134.482186000,200,0.002335
1788018134.739638000,200,0.002597
1788018134.993094000,200,0.002538
1788018135.243613000,200,0.001837
1788018135.514119000,200,0.002066
1788018135.771333000,200,0.002456
1788018136.036649000,200,0.002239
1788018136.292982000,200,0.002590
1788018136.543202000,200,0.002539
1788018136.800659000,200,0.004454
1788018137.044097000,200,0.001909
1788018137.286354000,200,0.002759
1788018137.538184000,200,0.001477
1788018137.789187000,200,0.002525
1788018138.051541000,200,0.002122
1788018138.304034000,200,0.002614
1788018138.553979000,200,0.002697
1788018138.813612000,200,0.001886
1788018139.067215000,200,0.001498
1788018139.310905000,200,0.002276
1788018139.568596000,200,0.002492
1788018139.817270000,200,0.002442
1788018140.065419000,200,0.001931
1788018140.313715000,200,0.001273
1788018140.557687000,200,0.002302
1788018140.816641000,200,0.001912
1788018141.074601000,200,0.001926
1788018141.326527000,200,0.001839
1788018141.580087000,200,0.002508
1788018141.832553000,200,0.002292
1788018142.071972000,200,0.002167
1788018142.309129000,200,0.001317
1788018142.546856000,200,0.001792
1788018142.801024000,200,0.001778
1788018143.045213000,200,0.002038
1788018143.289647000,200,0.001459
1788018143.528423000,200,0.001431
1788018143.766086000,200,0.001577
1788018144.011892000,200,0.002657
1788018144.264824000,200,0.001882
1788018144.510922000,200,0.002002
1788018144.754444000,200,0.001580
1788018144.995137000,200,0.001834
1788018145.238686000,200,0.001592
1788018145.477872000,200,0.001450
1788018145.717076000,200,0.001232
1788018145.957975000,200,0.001679
1788018146.213637000,200,0.001981
1788018146.466314000,200,0.002096
1788018146.717742000,200,0.002517
1788018146.969155000,200,0.001381
1788018147.201507000,200,0.003185
1788018147.450905000,200,0.002500
1788018147.709112000,200,0.002196
1788018147.974241000,200,0.002337
1788018148.226502000,200,0.002727
1788018148.476783000,200,0.002088
1788018148.729751000,200,0.002060
1788018148.988895000,200,0.002143
1788018149.244875000,200,0.002233
1788018149.499512000,200,0.001681
1788018149.755132000,200,0.001249
1788018149.998806000,200,0.002191
1788018150.250482000,200,0.002019
1788018150.494297000,200,0.001681
1788018150.744563000,200,0.002444
1788018151.007623000,200,0.002560
1788018151.263686000,200,0.002577
1788018151.525649000,200,0.002490
1788018151.780577000,200,0.003009
1788018152.022388000,200,0.001328
1788018152.261204000,200,0.001828
1788018152.510895000,200,0.001532
1788018152.766380000,200,0.002225
1788018153.020867000,200,0.002178
1788018153.273602000,200,0.001801
1788018153.525484000,200,0.002093
1788018153.783166000,200,0.003797
1788018154.042206000,200,0.002612
1788018154.297400000,200,0.002837
1788018154.547908000,200,0.001810
1788018154.800117000,200,0.002592
1788018155.053218000,200,0.002055
1788018155.298356000,200,0.002695
1788018155.551853000,200,0.002007
1788018155.808862000,200,0.002319
1788018156.067016000,200,0.002026
1788018156.328905000,200,0.002814
1788018156.580588000,200,0.001935
1788018156.831194000,200,0.001560
1788018157.073717000,200,0.001440
1788018157.310438000,200,0.002251
1788018157.565137000,200,0.002176
1788018157.820836000,200,0.002530
1788018158.084380000,200,0.001976
1788018158.334855000,200,0.002243
1788018158.593346000,200,0.002315
1788018158.852638000,200,0.002648
1788018159.107660000,200,0.001759
1788018159.360276000,200,0.003550
1788018159.619432000,200,0.002421
1788018159.877736000,200,0.002021
1788018160.130037000,200,0.001681
1788018160.388784000,200,0.001930
1788018160.633182000,200,0.002100
1788018160.893255000,200,0.002078
1788018161.150689000,200,0.002487
1788018161.410125000,200,0.002604
1788018161.667868000,200,0.002153
1788018161.916705000,200,0.001873
1788018162.143365000,200,0.001702
1788018162.380727000,200,0.004552
1788018162.625878000,200,0.001450
1788018162.878007000,200,0.002101
1788018163.131313000,200,0.002339
1788018163.380997000,200,0.002892
1788018163.625301000,200,0.002620
1788018163.880717000,200,0.002386
1788018164.140184000,200,0.002573
1788018164.400880000,200,0.002112
1788018164.657630000,200,0.002927
1788018164.913999000,200,0.002551
1788018165.174791000,200,0.001965
1788018165.426794000,200,0.002605
1788018165.681492000,200,0.001830
1788018165.940386000,200,0.001985
1788018166.198819000,200,0.002642
1788018166.459186000,200,0.002609
1788018166.721993000,200,0.001832
1788018166.971228000,200,0.002008
1788018167.208147000,200,0.001596
1788018167.463180000,200,0.002295
1788018167.722149000,200,0.001795
1788018167.980484000,200,0.002029
1788018168.234692000,200,0.002537
1788018168.486078000,200,0.002591
1788018168.744894000,200,0.001602
1788018168.993466000,200,0.002230
1788018169.241401000,200,0.001536
1788018169.491537000,200,0.002358
1788018169.741513000,200,0.002129
1788018169.998164000,200,0.002133
1788018170.259279000,200,0.001772
1788018170.501574000,200,0.002492
1788018170.755515000,200,0.002838
1788018171.020963000,200,0.002022
1788018171.276689000,200,0.001474
1788018171.523087000,200,0.002421
1788018171.777625000,200,0.002714
1788018172.030023000,200,0.002550
1788018172.275923000,200,0.002475
1788018172.530508000,200,0.002100
1788018172.782934000,200,0.002623
1788018173.039481000,200,0.002960
1788018173.295614000,200,0.001923
1788018173.551750000,200,0.003127
1788018173.811134000,200,0.002800
1788018174.076995000,200,0.002836
1788018174.334912000,200,0.002468
1788018174.595380000,200,0.002046
1788018174.852170000,200,0.002073
1788018175.114175000,200,0.001519
1788018175.368708000,200,0.002176
1788018175.615520000,200,0.001780
1788018175.865703000,200,0.001909
1788018176.116652000,200,0.002569
1788018176.372760000,200,0.002630
1788018176.629540000,200,0.002049
1788018176.877831000,200,0.001822
1788018177.111090000,200,0.002480
1788018177.352605000,200,0.001801
1788018177.604673000,200,0.001942
1788018177.857262000,200,0.001417
1788018178.107406000,200,0.001946
1788018178.350440000,200,0.001672
1788018178.609798000,200,0.002937
1788018178.875003000,200,0.002463
1788018179.130525000,200,0.002328
1788018179.381676000,200,0.004629
1788018179.635333000,200,0.001792
1788018179.887937000,200,0.001655
1788018180.144359000,200,0.002466
1788018180.395015000,200,0.001598
1788018180.644917000,200,0.002820
1788018180.907087000,200,0.001772
1788018181.159803000,200,0.002038
1788018181.421446000,200,0.001479
1788018181.682822000,200,0.002162
1788018181.935323000,200,0.001580
1788018182.170198000,200,0.002612
1788018182.415823000,200,0.001841
1788018182.673319000,200,0.003622
1788018182.947594000,200,0.003161
1788018183.208001000,200,0.002701
1788018183.468534000,200,0.002917
1788018183.723504000,200,0.002651
1788018183.982474000,200,0.002402
1788018184.243884000,200,0.002746
1788018184.502599000,200,0.002364
1788018184.755955000,200,0.002376
1788018185.016824000,200,0.003035
1788018185.281394000,200,0.002926
1788018185.539100000,200,0.002209
1788018185.789289000,200,0.002972
1788018186.040713000,200,0.001822
1788018186.290713000,200,0.002338
1788018186.538476000,200,0.003417
1788018186.796156000,200,0.002809
1788018187.046465000,200,0.001624
1788018187.277572000,200,0.002365
1788018187.535333000,200,0.003294
1788018187.794008000,200,0.002269
1788018188.051399000,200,0.001819
1788018188.302009000,200,0.002879
1788018188.557521000,200,0.002417
1788018188.813574000,200,0.002346
1788018189.071615000,200,0.003555
1788018189.332597000,200,0.002781
1788018189.592425000,200,0.002782
1788018189.851639000,200,0.003134
1788018190.111517000,200,0.002384
1788018190.364874000,200,0.003338
1788018190.616565000,200,0.002452
1788018190.876708000,200,0.001766
1788018191.131589000,200,0.002834
1788018191.390827000,200,0.002049
1788018191.647103000,200,0.002170
1788018191.897199000,200,0.001777
1788018192.137321000,200,0.004489
1788018192.383797000,200,0.001408
1788018192.634623000,200,0.003019
1788018192.895635000,200,0.003284
1788018193.163207000,200,0.001643
1788018193.418448000,200,0.002332
1788018193.667413000,200,0.002404
1788018193.901312000,200,0.001267
1788018194.131045000,200,0.002218
1788018194.379053000,200,0.002395
1788018194.630331000,200,0.003217
1788018194.883225000,200,0.002619
1788018195.144870000,200,0.003131
1788018195.401967000,200,0.002415
1788018195.656585000,200,0.003288
1788018195.918388000,200,0.002500
1788018196.173123000,200,0.002619
1788018196.427909000,200,0.001856
1788018196.678547000,200,0.002324
1788018196.928829000,200,0.001441
1788018197.162518000,200,0.002250
1788018197.412577000,200,0.002452
1788018197.665880000,200,0.002654
1788018197.916505000,200,0.003117
1788018198.178892000,200,0.002715
1788018198.434253000,200,0.002644
1788018198.685951000,200,0.002264
1788018198.940440000,200,0.002827
1788018199.192948000,200,0.001923
1788018199.443015000,200,0.002676
1788018199.698110000,200,0.002240
1788018199.959803000,200,0.002151
1788018200.215356000,200,0.003150
1788018200.470903000,200,0.001645
1788018200.725413000,200,0.001663
1788018200.973492000,200,0.002976
1788018201.232502000,200,0.002388
1788018201.488802000,200,0.002720
1788018201.746174000,200,0.002304
1788018202.004988000,200,0.001520
1788018202.241055000,200,0.002145
1788018202.493925000,200,0.002029
1788018202.756499000,200,0.003030
1788018203.014156000,200,0.002391
1788018203.276935000,200,0.002148
1788018203.533573000,200,0.002725
1788018203.789819000,200,0.002240
1788018204.046716000,200,0.002297
1788018204.310879000,200,0.001681
1788018204.564153000,200,0.002591
1788018204.820081000,200,0.002221
1788018205.066314000,200,0.002116
1788018205.312268000,200,0.002214
1788018205.563803000,200,0.002642
1788018205.808406000,200,0.002553
1788018206.047093000,200,0.002174
1788018206.289340000,200,0.002403
1788018206.532088000,200,0.002162
1788018206.780143000,200,0.001494
1788018207.024755000,200,0.002546
1788018207.260890000,200,0.002685
1788018207.506280000,200,0.002119
1788018207.753773000,200,0.002527
1788018208.008690000,200,0.002525
1788018208.261658000,200,0.002706
1788018208.507647000,200,0.002319
1788018208.763943000,200,0.002971
1788018209.018362000,200,0.002640
1788018209.271661000,200,0.001982
1788018209.517163000,200,0.002556
1788018209.763924000,200,0.002732
1788018210.011297000,200,0.001935
1788018210.260995000,200,0.001886
1788018210.509689000,200,0.002244
1788018210.756271000,200,0.002879
1788018211.010231000,200,0.002198
1788018211.261015000,200,0.003463
1788018211.504730000,200,0.001617
1788018211.742789000,200,0.001743
1788018211.992421000,200,0.001232
1788018212.227400000,200,0.002384
1788018212.478373000,200,0.001568
1788018212.724330000,200,0.002746
1788018212.979710000,200,0.003320
1788018213.234924000,200,0.002934
1788018213.487271000,200,0.002929
1788018213.736377000,200,0.002372
1788018213.983766000,200,0.002812
1788018214.235806000,200,0.002994
1788018214.493250000,200,0.002230
1788018214.746078000,200,0.002593
1788018214.997255000,200,0.002687
1788018215.251966000,200,0.003154
1788018215.502329000,200,0.002219
1788018215.749753000,200,0.002317
1788018215.995525000,200,0.002276
1788018216.245474000,200,0.002516
1788018216.498215000,200,0.003107
1788018216.751886000,200,0.002771
1788018216.999091000,200,0.001399
1788018217.232189000,200,0.001930
1788018217.480475000,200,0.002837
1788018217.734999000,200,0.002370
1788018217.986674000,200,0.001962
1788018218.234981000,200,0.002317
1788018218.485539000,200,0.003336
1788018218.738016000,200,0.002581
1788018218.996814000,200,0.002274
1788018219.246832000,200,0.002610
1788018219.497639000,200,0.003537
1788018219.750263000,200,0.003072
1788018219.997684000,200,0.001206
1788018220.240630000,200,0.003196
1788018220.498241000,200,0.001662
1788018220.746636000,200,0.003930
1788018220.996337000,200,0.002640
1788018221.245234000,200,0.002751
1788018221.493730000,200,0.002365
1788018221.748262000,200,0.002139
1788018222.000682000,200,0.001732
1788018222.230455000,200,0.001887
1788018222.474875000,200,0.001885
1788018222.727655000,200,0.003889
1788018222.986167000,200,0.003164
1788018223.243347000,200,0.003351
1788018223.496702000,200,0.003212
1788018223.746061000,200,0.002251
1788018223.993668000,200,0.001910
1788018224.240185000,200,0.002173
1788018224.478303000,200,0.001875
1788018224.721889000,200,0.003204
1788018224.971623000,200,0.002867
1788018225.228212000,200,0.002638
1788018225.477351000,200,0.002736
1788018225.733021000,200,0.002899
1788018225.980056000,200,0.002001
1788018226.228177000,200,0.002783
1788018226.475408000,200,0.001559
1788018226.727265000,200,0.003025
1788018226.976474000,200,0.001852
1788018227.211165000,200,0.002781
1788018227.467654000,200,0.002021
1788018227.718474000,200,0.002922
1788018227.973627000,200,0.002808
1788018228.228479000,200,0.003763
1788018228.485080000,200,0.003575
1788018228.743001000,200,0.002164
1788018228.993106000,200,0.001656
1788018229.243663000,200,0.002319
1788018229.497282000,200,0.002508
1788018229.751932000,200,0.002499
1788018230.004245000,200,0.001341
1788018230.256483000,200,0.001237
1788018230.502791000,200,0.002280
1788018230.753071000,200,0.002511
1788018230.997663000,200,0.002319
1788018231.251571000,200,0.002332
1788018231.501837000,200,0.003281
1788018231.752631000,200,0.002393
1788018231.997135000,200,0.002275
1788018232.232007000,200,0.003211
1788018232.482416000,200,0.002556
1788018232.735197000,200,0.002999
1788018232.983497000,200,0.002312
1788018233.239150000,200,0.002426
1788018233.491007000,200,0.001657
1788018233.718578000,200,0.001650
1788018233.954799000,200,0.002545
1788018234.209834000,200,0.002456
1788018234.478208000,200,0.002761
1788018234.727328000,200,0.002659
1788018234.973490000,200,0.002768
1788018235.219315000,200,0.003282
1788018235.473240000,200,0.002898
1788018235.717782000,200,0.001904
1788018235.966832000,200,0.002880
1788018236.223587000,200,0.002224
1788018236.472007000,200,0.002994
1788018236.727497000,200,0.003374
1788018236.975462000,200,0.002229
1788018237.204697000,200,0.001858
1788018237.457849000,200,0.002281
1788018237.711454000,200,0.003200
1788018237.968711000,200,0.003388
1788018238.219627000,200,0.001799
1788018238.459031000,200,0.002950
1788018238.710855000,200,0.002160
1788018238.958900000,200,0.002397
1788018239.207429000,200,0.005214
1788018239.457526000,200,0.002588
1788018239.714493000,200,0.002642
1788018239.969737000,200,0.001847
1788018240.222698000,200,0.003130
1788018240.475632000,200,0.001748
1788018240.724087000,200,0.002557
1788018240.971733000,200,0.001450
1788018241.212653000,200,0.002542
1788018241.457704000,200,0.002081
1788018241.702761000,200,0.001923
1788018241.949330000,200,0.001890
1788018242.180472000,200,0.002011
1788018242.416911000,200,0.002169
1788018242.660510000,200,0.002721
1788018242.910152000,200,0.001607
1788018243.153272000,200,0.002777
1788018243.397659000,200,0.001883
1788018243.631447000,200,0.002191
1788018243.871279000,200,0.002741
1788018244.124801000,200,0.003514
1788018244.385451000,200,0.002644
1788018244.639185000,200,0.002285
1788018244.897554000,200,0.002790
1788018245.152499000,200,0.002572
1788018245.406020000,200,0.002250
1788018245.655359000,200,0.002547
1788018245.905631000,200,0.002461
1788018246.160554000,200,0.002287
1788018246.415483000,200,0.002203
1788018246.668184000,200,0.001762
1788018246.910972000,200,0.001247
1788018247.141394000,200,0.002919
1788018247.386884000,200,0.002296
1788018247.641177000,200,0.002416
1788018247.898027000,200,0.002550
1788018248.152290000,200,0.002971
1788018248.406055000,200,0.004048
1788018248.646942000,200,0.001405
1788018248.889138000,200,0.001226
1788018249.125172000,200,0.001221
1788018249.359352000,200,0.001982
1788018249.597381000,200,0.001889
1788018249.838252000,200,0.001748
1788018250.079370000,200,0.002293
1788018250.324019000,200,0.001460
1788018250.567077000,200,0.003851
1788018250.825783000,200,0.001728
1788018251.075964000,200,0.002462
1788018251.326791000,200,0.002266
1788018251.577360000,200,0.002039
1788018251.823143000,200,0.001338
1788018252.058360000,200,0.001868
1788018252.298015000,200,0.001955
1788018252.549191000,200,0.002822
1788018252.804560000,200,0.002706
1788018253.060253000,200,0.002712
1788018253.319424000,200,0.001777
1788018253.569385000,200,0.003525
1788018253.816993000,200,0.001394
1788018254.040013000,200,0.001958
1788018254.278648000,200,0.001919
1788018254.527825000,200,0.001846
1788018254.776771000,200,0.001749
1788018255.021987000,200,0.001940
1788018255.268824000,200,0.001813
1788018255.516457000,200,0.002048
1788018255.763016000,200,0.001943
1788018256.010961000,200,0.001927
1788018256.253209000,200,0.001807
1788018256.498065000,200,0.002044
1788018256.745738000,200,0.001919
1788018256.984169000,200,0.002175
1788018257.220807000,200,0.001931
1788018257.467443000,200,0.002256
1788018257.712268000,200,0.002080
1788018257.952347000,200,0.001677
1788018258.195640000,200,0.001808
1788018258.437591000,200,0.002302
1788018258.690462000,200,0.002655
1788018258.943271000,200,0.002617
1788018259.196757000,200,0.003360
1788018259.457935000,200,0.002624
1788018259.721168000,200,0.002206
1788018259.964532000,200,0.001598
1788018260.197249000,200,0.003183
1788018260.434187000,200,0.001322
1788018260.671300000,200,0.002265
1788018260.911581000,200,0.002120
1788018261.160744000,200,0.002300
1788018261.416613000,200,0.002813
1788018261.664636000,200,0.002603
1788018261.909006000,200,0.001693
1788018262.139639000,200,0.002129
1788018262.376010000,200,0.001174
1788018262.614000000,200,0.001459
1788018262.854992000,200,0.002327
1788018263.107410000,200,0.003966
1788018263.361376000,200,0.002577
1788018263.608545000,200,0.002736
1788018263.865638000,200,0.002550
1788018264.117198000,200,0.002404
1788018264.366396000,200,0.002624
1788018264.614075000,200,0.002824
1788018264.860822000,200,0.002132
1788018265.111802000,200,0.002727
1788018265.363885000,200,0.002582
1788018265.609708000,200,0.002337
1788018265.862331000,200,0.003723
1788018266.125197000,200,0.003037
1788018266.379125000,200,0.004406
1788018266.633469000,200,0.002926
1788018266.883409000,200,0.001937
1788018267.115111000,200,0.002109
1788018267.354253000,200,0.001856
1788018267.602342000,200,0.001884
1788018267.854347000,200,0.002485
1788018268.103517000,200,0.001678
1788018268.339801000,200,0.003530
1788018268.588798000,200,0.003086
1788018268.843001000,200,0.003413
1788018269.099137000,200,0.001991
1788018269.341155000,200,0.001778
1788018269.590041000,200,0.002544
1788018269.842726000,200,0.002850
1788018270.092763000,200,0.001936
1788018270.338058000,200,0.001265
1788018270.584973000,200,0.002276
1788018270.834159000,200,0.003394
1788018271.089354000,200,0.002183
1788018271.330141000,200,0.001613
1788018271.576631000,200,0.002104
1788018271.829358000,200,0.002119
1788018272.071119000,200,0.001249
1788018272.305115000,200,0.002149
1788018272.549191000,200,0.002376
1788018272.791758000,200,0.002362
1788018273.038417000,200,0.002530
1788018273.290324000,200,0.002837
1788018273.539069000,200,0.002507
1788018273.791632000,200,0.002685
1788018274.041111000,200,0.002483
1788018274.289660000,200,0.002316
1788018274.540001000,200,0.003029
1788018274.804123000,200,0.011010
1788018275.067317000,200,0.001743
1788018275.311918000,200,0.002314
1788018275.554961000,200,0.003000
1788018275.800211000,200,0.002360
1788018276.054890000,200,0.002712
1788018276.308692000,200,0.001324
1788018276.559478000,200,0.002701
1788018276.811913000,200,0.002528
1788018277.058540000,200,0.001656
1788018277.292836000,200,0.001835
1788018277.533650000,200,0.001690
1788018277.779655000,200,0.002387
1788018278.018790000,200,0.001744
1788018278.254522000,200,0.002217
1788018278.498187000,200,0.002688
1788018278.750502000,200,0.002108
1788018279.004072000,200,0.001990
1788018279.256594000,200,0.003643
1788018279.512231000,200,0.003443
1788018279.771338000,200,0.002545
1788018280.023504000,200,0.003401
1788018280.271079000,200,0.001945
1788018280.516953000,200,0.002217
1788018280.770963000,200,0.002298
1788018281.023781000,200,0.005622
1788018281.277379000,200,0.002799
1788018281.524650000,200,0.002373
1788018281.767587000,200,0.001752
1788018282.012322000,200,0.002269
1788018282.248756000,200,0.002931
1788018282.500178000,200,0.001855
1788018282.753010000,200,0.002200
1788018283.007143000,200,0.002302
1788018283.258044000,200,0.002769
1788018283.510918000,200,0.002459
1788018283.760539000,200,0.002063
1788018284.003326000,200,0.001811
1788018284.247446000,200,0.002273
1788018284.501437000,200,0.002317
1788018284.735680000,200,0.001260
1788018284.979189000,200,0.009391
1788018285.222945000,200,0.002310
1788018285.472738000,200,0.002848
1788018285.723492000,200,0.002043
1788018285.964342000,200,0.003413
1788018286.214306000,200,0.002529
1788018286.459383000,200,0.002888
1788018286.712515000,200,0.002120
1788018286.957508000,200,0.001520
1788018287.189332000,200,0.003240
1788018287.432885000,200,0.002749
1788018287.680349000,200,0.003591
1788018287.940255000,200,0.002800
1788018288.191633000,200,0.003173
1788018288.443933000,200,0.002633
1788018288.702935000,200,0.002636
1788018288.964963000,200,0.003382
1788018289.220580000,200,0.002246
1788018289.472477000,200,0.002517
1788018289.729303000,200,0.003113
1788018289.984513000,200,0.001851
1788018290.228685000,200,0.002608
1788018290.479776000,200,0.001475
1788018290.727761000,200,0.002568
1788018290.982641000,200,0.003239
1788018291.231794000,200,0.003245
1788018291.479732000,200,0.002467
1788018291.733232000,200,0.002918
1788018291.984423000,200,0.001716
1788018292.216352000,200,0.003136
1788018292.458391000,200,0.001327
1788018292.707996000,200,0.003006
1788018292.960204000,200,0.003682
1788018293.213296000,200,0.003347
1788018293.465075000,200,0.002861
1788018293.717155000,200,0.002793
1788018293.960086000,200,0.001471
1788018294.191604000,200,0.001676
1788018294.430974000,200,0.001269
1788018294.660079000,200,0.001818
1788018294.899429000,200,0.003380
1788018295.143820000,200,0.001886
1788018295.379278000,200,0.001513
1788018295.614025000,200,0.002191
1788018295.863704000,200,0.001686
1788018296.115299000,200,0.003022
1788018296.365902000,200,0.003228
1788018296.619027000,200,0.002290
1788018296.862646000,200,0.001792
1788018297.098528000,200,0.002783
1788018297.339211000,200,0.002715
1788018297.591690000,200,0.002095
1788018297.844668000,200,0.002802
1788018298.096731000,200,0.001829
1788018298.344225000,200,0.003132
1788018298.596283000,200,0.003174
1788018298.848906000,200,0.002540
1788018299.098877000,200,0.003608
1788018299.353405000,200,0.002309
1788018299.609296000,200,0.003893
1788018299.860654000,200,0.002249
1788018300.113747000,200,0.002532
1788018300.358247000,200,0.001373
1788018300.608545000,200,0.003213
1788018300.864922000,200,0.001795
1788018301.109644000,200,0.002479
1788018301.363899000,200,0.003397
1788018301.619240000,200,0.002596
1788018301.869069000,200,0.002128
1788018302.108066000,200,0.003085
1788018302.345901000,200,0.001292
1788018302.584853000,200,0.001344
1788018302.819068000,200,0.001348
1788018303.054474000,200,0.001334
1788018303.288335000,200,0.001448
1788018303.526658000,200,0.002128
1788018303.771398000,200,0.003174
1788018304.023156000,200,0.003951
1788018304.279677000,200,0.003001
1788018304.529447000,200,0.002762
1788018304.779071000,200,0.003177
1788018305.032675000,200,0.001570
1788018305.277780000,200,0.002047
1788018305.524325000,200,0.003354
1788018305.779794000,200,0.002855
1788018306.029192000,200,0.002496
1788018306.281192000,200,0.002331
1788018306.532098000,200,0.003373
1788018306.784137000,200,0.002850
1788018307.030848000,200,0.001461
1788018307.268285000,200,0.001771
1788018307.521355000,200,0.002705
1788018307.779022000,200,0.002450
1788018308.032119000,200,0.003205
1788018308.281800000,200,0.002668
1788018308.531984000,200,0.003091
1788018308.781949000,200,0.003278
1788018309.033370000,200,0.003296
1788018309.283532000,200,0.002600
1788018309.527976000,200,0.001608
1788018309.770172000,200,0.002795
1788018310.018157000,200,0.002824
1788018310.265749000,200,0.001361
1788018310.506325000,200,0.002218
1788018310.752594000,200,0.002858
1788018311.012201000,200,0.002586
1788018311.265367000,200,0.002373
1788018311.517732000,200,0.002149
1788018311.768300000,200,0.003128
1788018312.020441000,200,0.001785
1788018312.255510000,200,0.004768
1788018312.502305000,200,0.002087
1788018312.757984000,200,0.003040
1788018313.015614000,200,0.002456
1788018313.266723000,200,0.002448
1788018313.515657000,200,0.002218
1788018313.754328000,200,0.001334
1788018313.980519000,200,0.001543
1788018314.218235000,200,0.001735
1788018314.462831000,200,0.002400
1788018314.712874000,200,0.002421
1788018314.969044000,200,0.003426
1788018315.223257000,200,0.002400
1788018315.477798000,200,0.002497
1788018315.726140000,200,0.002344
1788018315.972563000,200,0.003224
1788018316.226539000,200,0.003053
1788018316.479181000,200,0.002563
1788018316.721979000,200,0.002185
1788018316.969819000,200,0.001779
1788018317.200846000,200,0.001628
1788018317.448789000,200,0.003046
1788018317.704932000,200,0.002354
1788018317.953629000,200,0.001967
1788018318.198633000,200,0.002796
1788018318.450032000,200,0.002698
1788018318.703551000,200,0.003461
1788018318.949413000,200,0.001349
1788018319.180198000,200,0.001527
1788018319.417607000,200,0.002106
1788018319.665603000,200,0.002328
1788018319.913994000,200,0.001609
1788018320.152929000,200,0.002220
1788018320.388135000,200,0.001331
1788018320.623698000,200,0.002219
1788018320.873009000,200,0.003367
1788018321.123303000,200,0.002970
1788018321.373072000,200,0.002827
1788018321.624836000,200,0.003296
1788018321.881208000,200,0.002127
1788018322.118710000,200,0.001682
1788018322.355436000,200,0.002140
1788018322.608666000,200,0.003202
1788018322.866984000,200,0.002409
1788018323.122242000,200,0.002636
1788018323.372900000,200,0.002712
1788018323.628872000,200,0.002625
1788018323.883357000,200,0.002837
1788018324.137331000,200,0.003017
1788018324.389293000,200,0.002345
1788018324.643689000,200,0.002799
1788018324.896102000,200,0.002753
1788018325.140376000,200,0.003033
1788018325.398879000,200,0.001740
1788018325.641969000,200,0.002279
1788018325.883396000,200,0.003427
1788018326.121688000,200,0.001788
1788018326.362166000,200,0.002625
1788018326.610478000,200,0.002065
1788018326.860707000,200,0.001546
1788018327.097984000,200,0.001637
1788018327.333706000,200,0.002873
1788018327.591384000,200,0.003069
1788018327.840080000,200,0.002968
1788018328.094722000,200,0.001935
1788018328.338127000,200,0.001710
1788018328.583975000,200,0.001820
1788018328.839064000,200,0.002632
1788018329.092087000,200,0.002771
1788018329.351566000,200,0.003054
1788018329.608230000,200,0.002591
1788018329.865062000,200,0.002021
1788018330.117509000,200,0.002816
1788018330.370281000,200,0.001211
1788018330.610180000,200,0.002780
1788018330.865209000,200,0.002049
1788018331.115707000,200,0.006310
1788018331.371836000,200,0.002511
1788018331.625000000,200,0.001805
1788018331.875507000,200,0.001867
1788018332.103759000,200,0.001211
1788018332.338997000,200,0.001763
1788018332.582983000,200,0.001743
1788018332.824254000,200,0.003667
1788018333.081336000,200,0.002189
1788018333.324973000,200,0.001252
1788018333.567800000,200,0.001968
1788018333.819151000,200,0.002449
1788018334.072593000,200,0.002902
1788018334.323235000,200,0.003209
1788018334.576098000,200,0.002461
1788018334.807987000,200,0.001678
1788018335.037186000,200,0.002163
1788018335.284872000,200,0.002375
1788018335.539818000,200,0.003114
1788018335.801944000,200,0.001792
1788018336.052809000,200,0.003229
1788018336.308186000,200,0.002562
1788018336.567068000,200,0.003420
1788018336.820880000,200,0.001990
1788018337.059245000,200,0.002555
1788018337.294991000,200,0.002008
1788018337.542421000,200,0.002470
1788018337.797419000,200,0.002514
1788018338.049681000,200,0.001937
1788018338.294594000,200,0.002324
1788018338.541589000,200,0.002640
1788018338.789820000,200,0.002466
1788018339.039984000,200,0.002066
1788018339.290216000,200,0.003718
1788018339.543293000,200,0.003179
1788018339.801570000,200,0.002360
1788018340.058065000,200,0.001958
1788018340.300454000,200,0.001042
1788018340.543619000,200,0.002340
1788018340.788188000,200,0.001973
1788018341.036710000,200,0.001828
1788018341.278309000,200,0.001853
1788018341.528010000,200,0.002221
1788018341.776254000,200,0.001894
1788018342.018477000,200,0.002580
1788018342.253403000,200,0.001976
1788018342.503937000,200,0.002972
1788018342.763706000,200,0.002284
1788018343.012259000,200,0.001807
1788018343.252193000,200,0.001566
1788018343.499871000,200,0.001957
1788018343.743609000,200,0.001716
1788018343.986822000,200,0.002128
1788018344.235278000,200,0.002142
1788018344.483082000,200,0.002694
1788018344.729754000,200,0.001894
1788018344.972781000,200,0.002527
1788018345.218641000,200,0.003022
1788018345.474095000,200,0.002608
1788018345.722101000,200,0.001805
1788018345.969604000,200,0.001677
1788018346.218995000,200,0.002333
1788018346.465579000,200,0.001825
1788018346.711373000,200,0.002342
1788018346.956934000,200,0.001548
1788018347.193047000,200,0.003233
1788018347.441864000,200,0.002378
1788018347.690410000,200,0.003439
1788018347.941127000,200,0.002189
1788018348.182658000,200,0.002074
1788018348.430667000,200,0.002339
1788018348.681971000,200,0.001998
1788018348.929394000,200,0.002703
1788018349.181148000,200,0.002817
1788018349.433575000,200,0.002036
1788018349.686219000,200,0.002971
1788018349.938180000,200,0.002996
1788018350.184405000,200,0.002521
1788018350.432957000,200,0.001305
1788018350.681768000,200,0.002447
1788018350.936758000,200,0.002489
1788018351.187553000,200,0.001548
1788018351.420106000,200,0.001373
1788018351.653823000,200,0.002325
1788018351.888582000,200,0.001202
1788018352.117286000,200,0.001675
1788018352.351466000,200,0.001530
1788018352.582424000,200,0.001097
1788018352.813469000,200,0.001739
1788018353.066582000,200,0.003061
1788018353.317757000,200,0.002749
1788018353.573700000,200,0.002165
1788018353.823766000,200,0.002461
1788018354.076873000,200,0.002910
1788018354.330469000,200,0.002378
1788018354.582866000,200,0.003353
1788018354.844013000,200,0.004102
1788018355.097930000,200,0.003116
1788018355.356245000,200,0.002372
1788018355.610579000,200,0.003058
1788018355.866597000,200,0.003119
1788018356.124562000,200,0.002600
1788018356.376588000,200,0.003065
1788018356.630059000,200,0.002772
1788018356.879435000,200,0.002273
1788018357.115743000,200,0.002236
1788018357.354971000,200,0.002073
1788018357.605769000,200,0.002663
1788018357.860656000,200,0.002914
1788018358.110754000,200,0.001806
1788018358.348052000,200,0.002217
1788018358.599214000,200,0.002437
1788018358.850319000,200,0.001403
1788018359.084392000,200,0.001746
1788018359.327886000,200,0.003240
1788018359.573243000,200,0.003391
1788018359.823128000,200,0.002812
1788018360.074023000,200,0.002500
1788018360.324232000,200,0.001327
1788018360.565557000,200,0.003136
1788018360.828648000,200,0.002287
1788018361.084963000,200,0.002989
1788018361.333684000,200,0.002237
1788018361.580696000,200,0.003299
1788018361.831252000,200,0.002762
1788018362.077919000,200,0.001932
1788018362.315980000,200,0.001595
1788018362.565934000,200,0.002141
1788018362.814563000,200,0.003056
1788018363.065933000,200,0.002676
1788018363.321673000,200,0.003037
1788018363.574675000,200,0.003340
1788018363.829358000,200,0.003540
1788018364.082274000,200,0.003557
1788018364.333756000,200,0.002128
1788018364.581676000,200,0.002184
1788018364.823081000,200,0.002780
1788018365.063832000,200,0.001767
1788018365.295459000,200,0.003156
1788018365.540399000,200,0.003160
1788018365.791987000,200,0.003179
1788018366.047215000,200,0.002215
1788018366.297188000,200,0.002190
1788018366.547848000,200,0.002773
1788018366.801213000,200,0.002038
1788018367.048075000,200,0.001492
1788018367.292061000,200,0.002668
1788018367.547927000,200,0.003127
1788018367.799881000,200,0.002761
1788018368.056692000,200,0.003555
1788018368.309314000,200,0.002563
1788018368.565156000,200,0.002295
1788018368.819727000,200,0.002838
1788018369.070473000,200,0.002822
1788018369.323101000,200,0.003474
1788018369.575974000,200,0.002453
1788018369.831333000,200,0.002208
1788018370.077722000,200,0.002118
1788018370.325455000,200,0.001394
1788018370.568847000,200,0.002244
1788018370.815222000,200,0.003018
1788018371.060973000,200,0.002261
1788018371.312845000,200,0.002318
1788018371.563598000,200,0.002529
1788018371.814983000,200,0.003049
1788018372.059364000,200,0.001257
1788018372.292096000,200,0.002431
1788018372.535930000,200,0.002438
1788018372.784151000,200,0.002425
1788018373.035076000,200,0.002033
1788018373.279190000,200,0.002176
1788018373.520398000,200,0.001515
1788018373.744797000,200,0.001145
1788018373.975336000,200,0.001596
1788018374.221009000,200,0.002071
1788018374.469365000,200,0.002098
1788018374.716778000,200,0.002035
1788018374.964636000,200,0.002248
1788018375.210359000,200,0.001506
1788018375.447950000,200,0.001974
1788018375.696029000,200,0.001791
1788018375.944717000,200,0.002241
1788018376.193696000,200,0.002251
1788018376.440668000,200,0.002018
1788018376.684122000,200,0.003089
1788018376.921300000,200,0.001138
1788018377.147813000,200,0.001820
1788018377.388665000,200,0.002105
1788018377.630705000,200,0.002023
1788018377.883370000,200,0.003537
1788018378.144127000,200,0.003306
1788018378.398450000,200,0.002414
1788018378.654815000,200,0.002537
1788018378.910326000,200,0.002931
1788018379.165726000,200,0.002601
1788018379.421356000,200,0.002638
1788018379.679465000,200,0.004934
1788018379.948953000,200,0.004153
1788018380.199020000,200,0.001800
1788018380.435408000,200,0.001393
1788018380.683414000,200,0.002567
1788018380.938504000,200,0.002947
1788018381.192496000,200,0.002580
1788018381.447600000,200,0.003157
1788018381.701609000,200,0.002753
1788018381.945097000,200,0.002581
1788018382.177038000,200,0.002060
1788018382.420918000,200,0.002367
1788018382.681673000,200,0.003549
1788018382.938496000,200,0.003158
1788018383.195863000,200,0.002513
1788018383.449514000,200,0.002971
1788018383.706373000,200,0.001869
1788018383.956237000,200,0.002482
1788018384.214288000,200,0.002765
1788018384.474329000,200,0.003095
1788018384.731479000,200,0.002488
1788018384.984677000,200,0.003312
1788018385.241645000,200,0.002662
1788018385.488493000,200,0.001945
1788018385.727849000,200,0.002516
1788018385.983553000,200,0.002018
1788018386.235684000,200,0.002778
1788018386.490743000,200,0.002585
1788018386.746380000,200,0.003330
1788018386.998750000,200,0.001529
1788018387.228462000,200,0.001985
1788018387.473246000,200,0.003672
1788018387.729669000,200,0.003359
1788018387.982811000,200,0.002702
1788018388.228408000,200,0.001858
1788018388.471349000,200,0.001897
1788018388.721704000,200,0.003645
1788018388.977610000,200,0.002884
1788018389.235573000,200,0.002314
1788018389.493497000,200,0.002916
1788018389.746539000,200,0.002804
1788018390.004460000,200,0.002907
1788018390.256435000,200,0.003005
1788018390.510935000,200,0.001946
1788018390.763975000,200,0.002335
1788018391.023178000,200,0.003086
1788018391.281682000,200,0.002892
1788018391.538255000,200,0.002227
1788018391.794826000,200,0.002565
1788018392.043644000,200,0.002684
1788018392.279027000,200,0.001935
1788018392.524586000,200,0.002860
1788018392.776184000,200,0.002232
1788018393.027366000,200,0.003024
1788018393.285068000,200,0.002590
1788018393.542594000,200,0.003181
1788018393.797915000,200,0.003460
1788018394.048968000,200,0.001904
1788018394.295940000,200,0.001735
1788018394.541710000,200,0.002064
1788018394.787156000,200,0.001811
1788018395.031578000,200,0.001746
1788018395.272945000,200,0.001847
1788018395.520968000,200,0.002593
1788018395.771299000,200,0.001926
1788018396.019991000,200,0.002191
1788018396.268533000,200,0.002013
1788018396.517461000,200,0.001877
1788018396.761994000,200,0.001724
1788018397.002884000,200,0.002199
1788018397.236473000,200,0.001885
1788018397.483168000,200,0.002309
1788018397.730167000,200,0.001976
1788018397.979447000,200,0.001949
1788018398.222842000,200,0.001852
1788018398.471017000,200,0.001835
1788018398.714950000,200,0.001523
1788018398.953033000,200,0.001811
1788018399.199978000,200,0.001888
1788018399.444605000,200,0.001922
1788018399.696693000,200,0.001868
1788018399.942626000,200,0.002380
1788018400.194532000,200,0.002547
1788018400.442285000,200,0.001435
1788018400.691256000,200,0.002839
1788018400.944125000,200,0.001865
1788018401.190533000,200,0.003072
1788018401.442737000,200,0.002764
1788018401.696458000,200,0.001872
1788018401.935648000,200,0.001239
1788018402.166943000,200,0.001844
1788018402.413777000,200,0.002235
1788018402.667862000,200,0.002253
1788018402.914123000,200,0.001715
1788018403.158893000,200,0.002074
1788018403.408422000,200,0.001883
1788018403.653911000,200,0.001952
1788018403.897298000,200,0.001873
1788018404.145861000,200,0.001939
1788018404.391227000,200,0.001725
1788018404.636803000,200,0.001900
1788018404.883264000,200,0.002124
1788018405.121447000,200,0.001731
1788018405.366670000,200,0.002015
1788018405.613883000,200,0.002052
1788018405.863231000,200,0.002284
1788018406.112212000,200,0.001796
1788018406.360994000,200,0.002296
1788018406.608410000,200,0.001791
1788018406.847345000,200,0.001978
1788018407.086763000,200,0.001583
1788018407.326537000,200,0.002272
1788018407.569932000,200,0.001688
1788018407.816128000,200,0.002013
1788018408.063895000,200,0.001808
1788018408.311456000,200,0.002090
1788018408.560451000,200,0.001922
1788018408.810539000,200,0.002002
1788018409.058866000,200,0.002032
1788018409.301413000,200,0.001229
1788018409.540588000,200,0.002053
1788018409.790071000,200,0.002382
1788018410.048212000,200,0.004052
1788018410.296014000,200,0.001361
1788018410.537752000,200,0.001793
1788018410.784052000,200,0.002062
1788018411.032615000,200,0.002162
1788018411.280449000,200,0.002028
1788018411.528568000,200,0.002273
1788018411.775762000,200,0.001855
1788018412.019172000,200,0.002259
1788018412.253593000,200,0.002148
1788018412.500056000,200,0.001591
1788018412.746145000,200,0.001861
1788018412.994722000,200,0.001865
1788018413.243014000,200,0.001939
1788018413.491330000,200,0.001719
1788018413.730676000,200,0.001763
1788018413.974326000,200,0.002230
1788018414.222073000,200,0.002018
1788018414.469912000,200,0.001816
1788018414.722623000,200,0.001793
1788018414.971848000,200,0.003634
1788018415.227616000,200,0.001715
1788018415.476006000,200,0.002329
1788018415.716615000,200,0.002879
1788018415.964767000,200,0.002551
1788018416.221656000,200,0.003578
1788018416.475189000,200,0.002032
1788018416.720871000,200,0.001794
1788018416.958900000,200,0.001351
1788018417.190032000,200,0.001786
1788018417.435222000,200,0.002412
1788018417.682760000,200,0.001888
1788018417.928832000,200,0.002106
1788018418.164825000,200,0.001716
1788018418.399326000,200,0.001897
1788018418.646058000,200,0.002095
1788018418.885971000,200,0.002831
1788018419.138870000,200,0.002306
1788018419.395285000,200,0.002651
1788018419.649958000,200,0.002231
1788018419.905553000,200,0.002262
1788018420.148445000,200,0.001912
1788018420.391995000,200,0.001195
1788018420.636255000,200,0.002312
1788018420.886710000,200,0.001537
1788018421.132236000,200,0.002243
1788018421.380724000,200,0.003627
1788018421.633688000,200,0.002158
1788018421.877551000,200,0.001529
1788018422.111350000,200,0.001652
1788018422.347731000,200,0.001887
1788018422.595136000,200,0.002921
1788018422.848817000,200,0.002115
1788018423.096504000,200,0.002641
1788018423.350778000,200,0.002357
1788018423.605334000,200,0.001768
1788018423.851158000,200,0.002254
1788018424.097353000,200,0.001825
1788018424.339878000,200,0.001746
1788018424.584438000,200,0.002183
1788018424.834303000,200,0.002386
1788018425.089426000,200,0.001490
1788018425.335427000,200,0.002471
1788018425.591310000,200,0.002367
1788018425.847554000,200,0.002020
1788018426.096717000,200,0.001871
1788018426.344819000,200,0.001982
1788018426.589455000,200,0.002044
1788018426.835198000,200,0.002167
1788018427.076130000,200,0.002896
1788018427.310833000,200,0.001795
1788018427.561109000,200,0.001744
1788018427.810005000,200,0.001924
1788018428.060511000,200,0.002012
1788018428.309702000,200,0.001762
1788018428.555798000,200,0.002005
1788018428.797787000,200,0.001835
1788018429.045607000,200,0.002023
1788018429.294250000,200,0.001969
1788018429.543162000,200,0.002224
1788018429.792070000,200,0.002238
1788018430.039798000,200,0.001915
1788018430.285777000,200,0.001530
1788018430.525112000,200,0.002173
1788018430.766562000,200,0.003081
1788018431.016590000,200,0.001855
1788018431.257258000,200,0.001966
1788018431.505766000,200,0.003458
1788018431.760059000,200,0.002300
1788018432.004584000,200,0.002248
1788018432.237160000,200,0.001806
1788018432.482067000,200,0.002205
1788018432.737635000,200,0.002871
1788018432.985894000,200,0.001865
1788018433.236028000,200,0.002231
1788018433.483297000,200,0.002174
1788018433.723086000,200,0.001217
1788018433.950710000,200,0.002271
1788018434.187013000,200,0.006604
1788018434.438429000,200,0.001836
1788018434.686125000,200,0.002308
1788018434.932463000,200,0.001475
1788018435.170200000,200,0.002166
1788018435.418687000,200,0.001849
1788018435.666280000,200,0.002100
1788018435.913649000,200,0.001817
1788018436.162096000,200,0.002104
1788018436.411874000,200,0.001811
1788018436.658056000,200,0.002232
1788018436.904380000,200,0.001326
1788018437.134732000,200,0.001767
1788018437.373785000,200,0.002328
1788018437.622364000,200,0.001970
1788018437.871692000,200,0.001874
1788018438.120822000,200,0.001928
1788018438.369798000,200,0.001897
1788018438.616433000,200,0.002343
1788018438.863674000,200,0.002089
1788018439.113525000,200,0.001687
1788018439.360546000,200,0.002524
1788018439.610173000,200,0.001894
1788018439.861458000,200,0.002900
1788018440.108716000,200,0.001664
1788018440.350991000,200,0.001203
1788018440.591187000,200,0.002117
1788018440.837967000,200,0.002040
1788018441.087194000,200,0.001968
1788018441.333122000,200,0.001893
1788018441.578888000,200,0.001960
1788018441.823345000,200,0.002043
1788018442.066754000,200,0.001509
1788018442.300880000,200,0.002143
1788018442.544994000,200,0.002069
1788018442.792160000,200,0.002213
1788018443.039814000,200,0.001939
1788018443.287340000,200,0.001792
1788018443.535570000,200,0.002764
1788018443.784208000,200,0.002034
1788018444.032024000,200,0.002145
1788018444.279318000,200,0.002001
1788018444.526658000,200,0.002415
1788018444.769300000,200,0.002385
1788018445.013698000,200,0.001620
1788018445.256904000,200,0.001945
1788018445.500226000,200,0.001437
1788018445.737298000,200,0.003286
1788018445.996073000,200,0.002751
1788018446.252123000,200,0.002570
1788018446.508180000,200,0.002549
1788018446.762851000,200,0.002192
1788018447.007905000,200,0.001633
1788018447.240633000,200,0.001904
1788018447.487032000,200,0.003173
1788018447.740651000,200,0.001733
1788018447.984242000,200,0.002372
1788018448.229982000,200,0.002048
1788018448.471269000,200,0.001807
1788018448.719071000,200,0.001881
1788018448.967779000,200,0.001605
1788018449.213753000,200,0.001604
1788018449.457324000,200,0.002134
1788018449.706714000,200,0.002059
1788018449.952566000,200,0.001907
1788018450.201260000,200,0.002708
1788018450.444786000,200,0.001362
1788018450.684156000,200,0.001920
1788018450.931353000,200,0.002170
1788018451.188199000,200,0.002107
1788018451.434982000,200,0.002262
1788018451.681715000,200,0.002054
1788018451.924497000,200,0.001223
1788018452.154702000,200,0.001642
1788018452.399344000,200,0.001455
1788018452.645335000,200,0.001831
1788018452.890360000,200,0.001956
1788018453.141564000,200,0.003128
1788018453.398972000,200,0.001723
1788018453.653316000,200,0.001974
1788018453.903985000,200,0.001759
1788018454.152479000,200,0.001978
1788018454.401957000,200,0.001791
1788018454.651747000,200,0.002066
1788018454.901587000,200,0.002002
1788018455.144028000,200,0.002779
1788018455.388780000,200,0.002224
1788018455.638834000,200,0.002430
1788018455.891005000,200,0.002393
1788018456.140459000,200,0.001755
1788018456.382737000,200,0.002548
1788018456.624097000,200,0.002107
1788018456.868979000,200,0.001781
1788018457.110605000,200,0.001718
1788018457.350349000,200,0.002779
1788018457.599125000,200,0.002012
1788018457.847001000,200,0.001929
1788018458.095185000,200,0.001887
1788018458.339873000,200,0.001905
1788018458.587200000,200,0.001915
1788018458.833287000,200,0.002279
1788018459.080656000,200,0.001719
1788018459.324356000,200,0.002958
1788018459.572677000,200,0.002047
1788018459.821036000,200,0.003364
1788018460.081140000,200,0.003145
1788018460.329454000,200,0.001168
1788018460.573940000,200,0.001788
1788018460.820424000,200,0.001865
1788018461.070932000,200,0.001854
1788018461.318801000,200,0.001823
1788018461.567641000,200,0.002041
1788018461.816088000,200,0.002155
1788018462.054351000,200,0.001559
1788018462.291671000,200,0.002018
1788018462.536815000,200,0.001723
1788018462.776414000,200,0.002338
1788018463.026350000,200,0.001909
1788018463.274078000,200,0.002172
1788018463.522799000,200,0.001947
1788018463.767869000,200,0.001672
1788018464.010238000,200,0.001900
1788018464.254004000,200,0.001801
1788018464.498179000,200,0.001954
1788018464.744412000,200,0.001669
1788018464.990206000,200,0.002262
1788018465.237543000,200,0.002343
1788018465.483310000,200,0.002273
1788018465.731819000,200,0.002336
1788018465.981656000,200,0.002006
1788018466.229226000,200,0.001926
1788018466.477694000,200,0.002031
1788018466.724821000,200,0.001983
1788018466.965142000,200,0.001616
1788018467.197391000,200,0.002314
1788018467.444647000,200,0.002320
1788018467.692615000,200,0.002499
1788018467.941494000,200,0.002634
1788018468.189859000,200,0.002178
1788018468.437640000,200,0.001725
1788018468.684499000,200,0.002381
1788018468.930853000,200,0.001650
1788018469.176007000,200,0.002376
1788018469.422941000,200,0.002048
1788018469.672281000,200,0.002561
1788018469.924998000,200,0.002118
1788018470.172470000,200,0.001650
1788018470.412985000,200,0.001357
1788018470.657888000,200,0.003414
1788018470.923980000,200,0.003024
1788018471.191176000,200,0.002835
1788018471.446999000,200,0.003365
1788018471.703060000,200,0.001722
1788018471.948173000,200,0.001672
1788018472.186965000,200,0.002380
1788018472.433252000,200,0.002099
1788018472.687340000,200,0.003413
1788018472.946450000,200,0.002966
1788018473.198481000,200,0.001750
1788018473.440844000,200,0.002407
1788018473.694335000,200,0.002422
1788018473.940131000,200,0.002379
1788018474.197757000,200,0.001762
1788018474.443348000,200,0.002116
1788018474.691297000,200,0.001986
1788018474.943077000,200,0.003162
1788018475.200485000,200,0.002244
1788018475.438889000,200,0.001744
1788018475.677863000,200,0.001995
1788018475.921345000,200,0.001730
1788018476.167141000,200,0.001894
1788018476.414623000,200,0.001883
1788018476.662669000,200,0.001835
1788018476.904481000,200,0.001374
1788018477.139565000,200,0.001965
1788018477.380056000,200,0.002078
1788018477.625152000,200,0.002169
1788018477.874578000,200,0.002309
1788018478.119893000,200,0.002151
1788018478.358533000,200,0.002468
1788018478.608438000,200,0.001973
1788018478.852414000,200,0.002153
1788018479.101243000,200,0.001800
1788018479.348606000,200,0.001956
1788018479.596058000,200,0.001783
1788018479.842968000,200,0.002020
1788018480.093498000,200,0.002291
1788018480.340529000,200,0.001048
1788018480.580642000,200,0.001803
1788018480.827483000,200,0.001871
1788018481.076167000,200,0.001706
1788018481.323233000,200,0.001966
1788018481.566718000,200,0.001877
1788018481.809935000,200,0.002347
1788018482.053902000,200,0.001601
1788018482.291008000,200,0.002063
1788018482.536627000,200,0.002258
1788018482.786811000,200,0.001849
1788018483.031779000,200,0.002372
1788018483.281595000,200,0.003532
1788018483.537760000,200,0.003419
1788018483.790102000,200,0.001805
1788018484.036537000,200,0.001764
1788018484.285161000,200,0.001752
1788018484.526327000,200,0.001989
1788018484.776578000,200,0.002417
1788018485.028991000,200,0.002388
1788018485.277934000,200,0.001755
1788018485.521308000,200,0.001698
1788018485.768435000,200,0.001658
1788018486.014398000,200,0.001764
1788018486.261708000,200,0.002378
1788018486.509832000,200,0.002017
1788018486.760254000,200,0.002219
1788018487.002698000,200,0.001829
1788018487.235197000,200,0.002021
1788018487.481531000,200,0.003227
1788018487.736243000,200,0.002231
1788018487.981896000,200,0.001851
1788018488.226337000,200,0.002402
1788018488.474993000,200,0.002292
1788018488.724752000,200,0.002002
1788018488.970839000,200,0.002047
1788018489.216296000,200,0.002291
1788018489.466121000,200,0.002800
1788018489.715883000,200,0.002246
1788018489.963884000,200,0.001988
1788018490.212157000,200,0.001931
1788018490.461520000,200,0.001618
1788018490.709353000,200,0.002598
1788018490.959751000,200,0.002747
1788018491.210440000,200,0.001626
1788018491.453906000,200,0.002135
1788018491.703826000,200,0.002003
1788018491.947820000,200,0.003215
1788018492.182249000,200,0.001464
1788018492.415445000,200,0.001847
1788018492.662427000,200,0.003150
1788018492.920067000,200,0.001759
1788018493.170164000,200,0.003261
1788018493.426335000,200,0.002768
1788018493.678718000,200,0.001482
1788018493.909391000,200,0.001596
1788018494.138409000,200,0.002046
1788018494.380895000,200,0.002646
1788018494.629671000,200,0.002013
1788018494.877993000,200,0.001749
1788018495.125672000,200,0.002807
1788018495.373246000,200,0.002095
1788018495.621805000,200,0.001882
1788018495.871801000,200,0.001892
1788018496.118973000,200,0.002072
1788018496.370056000,200,0.002016
1788018496.618753000,200,0.001812
1788018496.862227000,200,0.002039
1788018497.102473000,200,0.001655
1788018497.339476000,200,0.001903
1788018497.586907000,200,0.002007
1788018497.834823000,200,0.001876
1788018498.084463000,200,0.002213
1788018498.332933000,200,0.002052
1788018498.577693000,200,0.002099
1788018498.819958000,200,0.001953
1788018499.068578000,200,0.002146
1788018499.315951000,200,0.002760
1788018499.564122000,200,0.001760
1788018499.815175000,200,0.001886
1788018500.067703000,200,0.001929
1788018500.314029000,200,0.001300
1788018500.556077000,200,0.002226
1788018500.801636000,200,0.002116
1788018501.049702000,200,0.001877
1788018501.298481000,200,0.002291
1788018501.547030000,200,0.001904
1788018501.793604000,200,0.002134
1788018502.037130000,200,0.001547
1788018502.273363000,200,0.002149
1788018502.518906000,200,0.001979
1788018502.772140000,200,0.001613
1788018503.016292000,200,0.002726
1788018503.271487000,200,0.001835
1788018503.519597000,200,0.001867
1788018503.768297000,200,0.002193
1788018504.015825000,200,0.002024
1788018504.263103000,200,0.001818
1788018504.512990000,200,0.001865
1788018504.759215000,200,0.002360
1788018505.003980000,200,0.001892
1788018505.252441000,200,0.002104
1788018505.499013000,200,0.002178
1788018505.739320000,200,0.001758
1788018505.987273000,200,0.002484
1788018506.237663000,200,0.002213
1788018506.484224000,200,0.002093
1788018506.732298000,200,0.002373
1788018506.969796000,200,0.001664
1788018507.199792000,200,0.002001
1788018507.443446000,200,0.002164
1788018507.691749000,200,0.002032
1788018507.944455000,200,0.001858
1788018508.189222000,200,0.001705
1788018508.423947000,200,0.001989
1788018508.669732000,200,0.001994
1788018508.917316000,200,0.001897
1788018509.163713000,200,0.001338
1788018509.405165000,200,0.001984
1788018509.651235000,200,0.001887
1788018509.898036000,200,0.001970
1788018510.145574000,200,0.001844
1788018510.391296000,200,0.001369
1788018510.631056000,200,0.001921
1788018510.877030000,200,0.001738
1788018511.127473000,200,0.002042
1788018511.375834000,200,0.001734
1788018511.622738000,200,0.001873
1788018511.867310000,200,0.001570
1788018512.104892000,200,0.001807
1788018512.341885000,200,0.001349
1788018512.588304000,200,0.001829
1788018512.833825000,200,0.002084
1788018513.083023000,200,0.002426
1788018513.334688000,200,0.003561
1788018513.592523000,200,0.002681
1788018513.845841000,200,0.002087
1788018514.095355000,200,0.002000
1788018514.344641000,200,0.001802
1788018514.593210000,200,0.001779
1788018514.841765000,200,0.002022
1788018515.089851000,200,0.001866
1788018515.334339000,200,0.002180
1788018515.578795000,200,0.003112
1788018515.831755000,200,0.002164
1788018516.080879000,200,0.002125
1788018516.328406000,200,0.001700
1788018516.576804000,200,0.001938
1788018516.826047000,200,0.001846
1788018517.069927000,200,0.001582
1788018517.309376000,200,0.001740
1788018517.557392000,200,0.001923
1788018517.802348000,200,0.001737
1788018518.047945000,200,0.002004
1788018518.296497000,200,0.001908
1788018518.542652000,200,0.002378
1788018518.787578000,200,0.001957
1788018519.035682000,200,0.001763
1788018519.282026000,200,0.002113
1788018519.530179000,200,0.001945
1788018519.776097000,200,0.001912
1788018520.018334000,200,0.002581
1788018520.268594000,200,0.002160
1788018520.518397000,200,0.002186
1788018520.765919000,200,0.002166
1788018521.012999000,200,0.002064
1788018521.256769000,200,0.001964
1788018521.503825000,200,0.002106
1788018521.751268000,200,0.002214
1788018521.992669000,200,0.001440
1788018522.222683000,200,0.002099
1788018522.470832000,200,0.002174
1788018522.728351000,200,0.003243
1788018522.985019000,200,0.002312
1788018523.238016000,200,0.001703
1788018523.481974000,200,0.002204
1788018523.725742000,200,0.003706
1788018523.969932000,200,0.001239
1788018524.210345000,200,0.001909
1788018524.455599000,200,0.002276
1788018524.703918000,200,0.002190
1788018524.950801000,200,0.002389
1788018525.200457000,200,0.002040
1788018525.448008000,200,0.002100
1788018525.696778000,200,0.001983
1788018525.945193000,200,0.001941
1788018526.189098000,200,0.002154
1788018526.428997000,200,0.001911
1788018526.677920000,200,0.001922
1788018526.918926000,200,0.001355
1788018527.148056000,200,0.002215
1788018527.389086000,200,0.001881
1788018527.637906000,200,0.004594
1788018527.888808000,200,0.001689
1788018528.135694000,200,0.002155
1788018528.381034000,200,0.001914
1788018528.624525000,200,0.002444
1788018528.872542000,200,0.002080
1788018529.120418000,200,0.001884
1788018529.368553000,200,0.002034
1788018529.616283000,200,0.001751
1788018529.861850000,200,0.002132
1788018530.110621000,200,0.001582
1788018530.354115000,200,0.001225
1788018530.593493000,200,0.001918
1788018530.843485000,200,0.002421
1788018531.093911000,200,0.001854
1788018531.341610000,200,0.001986
1788018531.588344000,200,0.001915
1788018531.836591000,200,0.002242
1788018532.079554000,200,0.001582
1788018532.316508000,200,0.002722
1788018532.564228000,200,0.001778
1788018532.809545000,200,0.002038
1788018533.056923000,200,0.002459
1788018533.304981000,200,0.002075
1788018533.554114000,200,0.001991
1788018533.800068000,200,0.002181
1788018534.045586000,200,0.001828
1788018534.293269000,200,0.001910
1788018534.542459000,200,0.001960
1788018534.788666000,200,0.001854
1788018535.037926000,200,0.002936
1788018535.294888000,200,0.002508
1788018535.548271000,200,0.003163
1788018535.801439000,200,0.002159
1788018536.058323000,200,0.002669
1788018536.308422000,200,0.001977
1788018536.556217000,200,0.002408
1788018536.812834000,200,0.001810
1788018537.052456000,200,0.001585
1788018537.289182000,200,0.002276
1788018537.537901000,200,0.001962
1788018537.785917000,200,0.001905
1788018538.033373000,200,0.001966
1788018538.282808000,200,0.002163
1788018538.526967000,200,0.001812
1788018538.777270000,200,0.002081
1788018539.032265000,200,0.002348
1788018539.274377000,200,0.001996
1788018539.525421000,200,0.003505
1788018539.773733000,200,0.002581
1788018540.028264000,200,0.002411
1788018540.279900000,200,0.001391
1788018540.527387000,200,0.001895
1788018540.776206000,200,0.002046
1788018541.024285000,200,0.002381
1788018541.272607000,200,0.002255
1788018541.521545000,200,0.002067
1788018541.769482000,200,0.001898
1788018542.012398000,200,0.002056
1788018542.243409000,200,0.002200
1788018542.496086000,200,0.001983
1788018542.746679000,200,0.002631
1788018542.997394000,200,0.003058
1788018543.249197000,200,0.002924
1788018543.503907000,200,0.002520
1788018543.757870000,200,0.002529
1788018544.009828000,200,0.002092
1788018544.255093000,200,0.001762
1788018544.503674000,200,0.002307
1788018544.759573000,200,0.002483
1788018545.010785000,200,0.002495
1788018545.261950000,200,0.001732
1788018545.507758000,200,0.002300
1788018545.756597000,200,0.001997
1788018546.003183000,200,0.001773
1788018546.246419000,200,0.001898
1788018546.492376000,200,0.002129
1788018546.740181000,200,0.002100
1788018546.978053000,200,0.001336
1788018547.209360000,200,0.001873
1788018547.455056000,200,0.002014
1788018547.702675000,200,0.002125
1788018547.949602000,200,0.002697
1788018548.197686000,200,0.002075
1788018548.445244000,200,0.001878
1788018548.690160000,200,0.002052
1788018548.938281000,200,0.001854
1788018549.184762000,200,0.001957
1788018549.433096000,200,0.002013
1788018549.679911000,200,0.001740
1788018549.928038000,200,0.001888
1788018550.176429000,200,0.002202
1788018550.422451000,200,0.001345
1788018550.668707000,200,0.001808
1788018550.919195000,200,0.001883
1788018551.169612000,200,0.001893
1788018551.417926000,200,0.001901
1788018551.660521000,200,0.002039
1788018551.906973000,200,0.001270
1788018552.143022000,200,0.001932
1788018552.382534000,200,0.003006
1788018552.638918000,200,0.004066
1788018552.894242000,200,0.003526
1788018553.149870000,200,0.002313
1788018553.398349000,200,0.001716
1788018553.643838000,200,0.001580
1788018553.881388000,200,0.001700
1788018554.112377000,200,0.002607
1788018554.355938000,200,0.001477
1788018554.600819000,200,0.001903
1788018554.849667000,200,0.001961
1788018555.099180000,200,0.001951
1788018555.346605000,200,0.001877
1788018555.594080000,200,0.001921
1788018555.839620000,200,0.001885
1788018556.086901000,200,0.002042
1788018556.335564000,200,0.002349
1788018556.583402000,200,0.001969
1788018556.831680000,200,0.002177
1788018557.075015000,200,0.002858
1788018557.310208000,200,0.001704
1788018557.557985000,200,0.002316
1788018557.805762000,200,0.001906
1788018558.053012000,200,0.001686
1788018558.298481000,200,0.002020
1788018558.545504000,200,0.001959
1788018558.793581000,200,0.002087
1788018559.037687000,200,0.001791
1788018559.282879000,200,0.001953
1788018559.531512000,200,0.002201
1788018559.783137000,200,0.003024
1788018560.035903000,200,0.001426
1788018560.277199000,200,0.001382
1788018560.521463000,200,0.002076
1788018560.765480000,200,0.001904
1788018561.009897000,200,0.001858
1788018561.260098000,200,0.002525
1788018561.508496000,200,0.002339
1788018561.756920000,200,0.002442
1788018561.999452000,200,0.001323
1788018562.229655000,200,0.001919
1788018562.474309000,200,0.002072
1788018562.728270000,200,0.001816
1788018562.973726000,200,0.002204
1788018563.221500000,200,0.001872
1788018563.468525000,200,0.002348
1788018563.719549000,200,0.001858
1788018563.967907000,200,0.001856
1788018564.214717000,200,0.002057
1788018564.462298000,200,0.001838
1788018564.711055000,200,0.003374
1788018564.964658000,200,0.002314
1788018565.213077000,200,0.001892
1788018565.462807000,200,0.002226
1788018565.705091000,200,0.002378
1788018565.956758000,200,0.003565
1788018566.211218000,200,0.003100
1788018566.469467000,200,0.001766
1788018566.713017000,200,0.001785
1788018566.951330000,200,0.005597
1788018567.187084000,200,0.002274
1788018567.429919000,200,0.002804
1788018567.681825000,200,0.001915
1788018567.928662000,200,0.001665
1788018568.168400000,200,0.002207
1788018568.404404000,200,0.001811
1788018568.652071000,200,0.002463
1788018568.899682000,200,0.002022
1788018569.145471000,200,0.001771
1788018569.392097000,200,0.001909
1788018569.640226000,200,0.002123
1788018569.886722000,200,0.002288
1788018570.135547000,200,0.002050
1788018570.378921000,200,0.001189
1788018570.618968000,200,0.002057
1788018570.867980000,200,0.001704
1788018571.119782000,200,0.001820
1788018571.367937000,200,0.003120
1788018571.613781000,200,0.002107
1788018571.860821000,200,0.001977
1788018572.103154000,200,0.001817
1788018572.335339000,200,0.001187
1788018572.578688000,200,0.001771
1788018572.824264000,200,0.001461
1788018573.066868000,200,0.002142
1788018573.322973000,200,0.002909
1788018573.578521000,200,0.002019
1788018573.826989000,200,0.002040
1788018574.076902000,200,0.002035
1788018574.324779000,200,0.002102
1788018574.573036000,200,0.002820
1788018574.831690000,200,0.003612
1788018575.079407000,200,0.001670
1788018575.322166000,200,0.001821
1788018575.569695000,200,0.002097
1788018575.817796000,200,0.001747
1788018576.067185000,200,0.002084
1788018576.316309000,200,0.002393
1788018576.567452000,200,0.001773
1788018576.816923000,200,0.002138
1788018577.061428000,200,0.001343
1788018577.295503000,200,0.004217
1788018577.544492000,200,0.002184
1788018577.793952000,200,0.001954
1788018578.043767000,200,0.002038
1788018578.293716000,200,0.001867
1788018578.537533000,200,0.002431
1788018578.784030000,200,0.002260
1788018579.028573000,200,0.001725
1788018579.277503000,200,0.001932
1788018579.520780000,200,0.001862
1788018579.773855000,200,0.002772
1788018580.021304000,200,0.002299
1788018580.269581000,200,0.003272
1788018580.522968000,200,0.001967
1788018580.768511000,200,0.001760
1788018581.014582000,200,0.001942
1788018581.264022000,200,0.002299
1788018581.513413000,200,0.002041
1788018581.762148000,200,0.001643
1788018582.003777000,200,0.001156
1788018582.235192000,200,0.002006
1788018582.481554000,200,0.001024
1788018582.726482000,200,0.002842
1788018582.978133000,200,0.001424
1788018583.228876000,200,0.003826
1788018583.478192000,200,0.001844
1788018583.721914000,200,0.002102
1788018583.968233000,200,0.001791
1788018584.218822000,200,0.001955
1788018584.467334000,200,0.002041
1788018584.717390000,200,0.002244
1788018584.964446000,200,0.001729
1788018585.205353000,200,0.001756
1788018585.447311000,200,0.003481
1788018585.698782000,200,0.002023
1788018585.948020000,200,0.002055
1788018586.197300000,200,0.002242
1788018586.445631000,200,0.001902
1788018586.695170000,200,0.002031
1788018586.934739000,200,0.001308
1788018587.165125000,200,0.001973
1788018587.407954000,200,0.001737
1788018587.650656000,200,0.002252
1788018587.896772000,200,0.001726
1788018588.140184000,200,0.002093
1788018588.388038000,200,0.001673
1788018588.634071000,200,0.001917
1788018588.883017000,200,0.002667
1788018589.126541000,200,0.001722
1788018589.373449000,200,0.002310
1788018589.619856000,200,0.001905
1788018589.865455000,200,0.001650
1788018590.110840000,200,0.002049
1788018590.356856000,200,0.001180
1788018590.597405000,200,0.002236
1788018590.844045000,200,0.002196
1788018591.092732000,200,0.002176
1788018591.339144000,200,0.001730
1788018591.582920000,200,0.002336
1788018591.826279000,200,0.001929
1788018592.071550000,200,0.001708
1788018592.307202000,200,0.001886
1788018592.554592000,200,0.001923
1788018592.800563000,200,0.001555
1788018593.041522000,200,0.001447
1788018593.279566000,200,0.001761
1788018593.525521000,200,0.001407
1788018593.764937000,200,0.002067
1788018594.012309000,200,0.002062
1788018594.256705000,200,0.002234
1788018594.504093000,200,0.002002
1788018594.752905000,200,0.001949
1788018595.000456000,200,0.001849
1788018595.244952000,200,0.001946
1788018595.490452000,200,0.002532
1788018595.731746000,200,0.001793
1788018595.982377000,200,0.002491
1788018596.232008000,200,0.001809
1788018596.478986000,200,0.001714
1788018596.726967000,200,0.001915
1788018596.966723000,200,0.001526
1788018597.197430000,200,0.002156
1788018597.439382000,200,0.003020
1788018597.691994000,200,0.002146
1788018597.938536000,200,0.002371
1788018598.178748000,200,0.002234
1788018598.412958000,200,0.001661
1788018598.640551000,200,0.002975
1788018598.907446000,200,0.003047
1788018599.163534000,200,0.003343
1788018599.418824000,200,0.002194
1788018599.674553000,200,0.003302
1788018599.929552000,200,0.002620
1788018600.182077000,200,0.003297
1788018600.436854000,200,0.001434
1788018600.681317000,200,0.002488
1788018600.936860000,200,0.002060
1788018601.185581000,200,0.003148
1788018601.439444000,200,0.003790
1788018601.691953000,200,0.001823
1788018601.935903000,200,0.001526
1788018602.171057000,200,0.003270
1788018602.417162000,200,0.002470
1788018602.670717000,200,0.001952
1788018602.915469000,200,0.002458
1788018603.167005000,200,0.003349
1788018603.423045000,200,0.002525
1788018603.678362000,200,0.002850
1788018603.935667000,200,0.002929
1788018604.185501000,200,0.002614
1788018604.434936000,200,0.002279
1788018604.686610000,200,0.003468
1788018604.936050000,200,0.003397
1788018605.187130000,200,0.001912
1788018605.417624000,200,0.001643
1788018605.656790000,200,0.003322
1788018605.910157000,200,0.002088
1788018606.162702000,200,0.002649
1788018606.416582000,200,0.001816
1788018606.664708000,200,0.001866
1788018606.909700000,200,0.001693
1788018607.144758000,200,0.001550
1788018607.379611000,200,0.002541
1788018607.633685000,200,0.002792
1788018607.887185000,200,0.002151
1788018608.140644000,200,0.003049
1788018608.389232000,200,0.001859
1788018608.639100000,200,0.002718
1788018608.891254000,200,0.002356
1788018609.144943000,200,0.003887
1788018609.403658000,200,0.001728
1788018609.655139000,200,0.002912
1788018609.911519000,200,0.001759
1788018610.165272000,200,0.003033
1788018610.411055000,200,0.001503
1788018610.660024000,200,0.002320
1788018610.907880000,200,0.002021
1788018611.162021000,200,0.002458
1788018611.411734000,200,0.001876
1788018611.662083000,200,0.003269
1788018611.911095000,200,0.002196
1788018612.144127000,200,0.001386
1788018612.380248000,200,0.001967
1788018612.627196000,200,0.002036
1788018612.856467000,200,0.001858
1788018613.100322000,200,0.003095
1788018613.350831000,200,0.002845
1788018613.603347000,200,0.003265
1788018613.843631000,200,0.002342
1788018614.072292000,200,0.002490
1788018614.312497000,200,0.001807
1788018614.560523000,200,0.001868
1788018614.808743000,200,0.001867
1788018615.055577000,200,0.002128
1788018615.300200000,200,0.001412
1788018615.538458000,200,0.002130
1788018615.786209000,200,0.001840
1788018616.032558000,200,0.002362
1788018616.277332000,200,0.001938
1788018616.521499000,200,0.002048
1788018616.768645000,200,0.001666
1788018617.007329000,200,0.001293
1788018617.236432000,200,0.001954
1788018617.477403000,200,0.002216
1788018617.723567000,200,0.002347
1788018617.973648000,200,0.002206
1788018618.223443000,200,0.002103
1788018618.472485000,200,0.002268
1788018618.727163000,200,0.002611
1788018618.978681000,200,0.001801
1788018619.225967000,200,0.002213
1788018619.479706000,200,0.002989
1788018619.729659000,200,0.002638
1788018619.978442000,200,0.002627
1788018620.236708000,200,0.002481
1788018620.467309000,200,0.001354
1788018620.703748000,200,0.002740
1788018620.951113000,200,0.002176
1788018621.201804000,200,0.002875
1788018621.459653000,200,0.002400
1788018621.716346000,200,0.002400
1788018621.965790000,200,0.001496
1788018622.195916000,200,0.002579
1788018622.438047000,200,0.001402
1788018622.691555000,200,0.003611
1788018622.944666000,200,0.001772
1788018623.189337000,200,0.002273
1788018623.441863000,200,0.002368
1788018623.695974000,200,0.002304
1788018623.942631000,200,0.002594
1788018624.186071000,200,0.002406
1788018624.439751000,200,0.003927
1788018624.697274000,200,0.003151
1788018624.955451000,200,0.002040
1788018625.212275000,200,0.003086
1788018625.458893000,200,0.001661
1788018625.694602000,200,0.002490
1788018625.936587000,200,0.002192
1788018626.184376000,200,0.002106
1788018626.418988000,200,0.001689
1788018626.665487000,200,0.002789
1788018626.909604000,200,0.001849
1788018627.146087000,200,0.002308
1788018627.386190000,200,0.002665
1788018627.641033000,200,0.003028
1788018627.893422000,200,0.002331
1788018628.139979000,200,0.001716
1788018628.371604000,200,0.002815
1788018628.622290000,200,0.002970
1788018628.877958000,200,0.003117
1788018629.133125000,200,0.002356
1788018629.386217000,200,0.002369
1788018629.635547000,200,0.003071
1788018629.890335000,200,0.002646
1788018630.137354000,200,0.002470
1788018630.386598000,200,0.001701
1788018630.627917000,200,0.001717
1788018630.870939000,200,0.002028
1788018631.123387000,200,0.002886
1788018631.378634000,200,0.002978
1788018631.628395000,200,0.003441
1788018631.878120000,200,0.003089
1788018632.121007000,200,0.001699
1788018632.350351000,200,0.001176
1788018632.582263000,200,0.001051
1788018632.811975000,200,0.001441
1788018633.051060000,200,0.003088
1788018633.302985000,200,0.002300
1788018633.553010000,200,0.002869
1788018633.809397000,200,0.003344
1788018634.060865000,200,0.002358
1788018634.311287000,200,0.002200
1788018634.555305000,200,0.002294
1788018634.809447000,200,0.002307
1788018635.060961000,200,0.002008
1788018635.303586000,200,0.001701
1788018635.546413000,200,0.001785
1788018635.792537000,200,0.003913
1788018636.052697000,200,0.002584
1788018636.301897000,200,0.002163
1788018636.539529000,200,0.001759
1788018636.787264000,200,0.002166
1788018637.027702000,200,0.002168
1788018637.260061000,200,0.002145
1788018637.504379000,200,0.002642
1788018637.754267000,200,0.003010
1788018638.005380000,200,0.002430
1788018638.250021000,200,0.002662
1788018638.493326000,200,0.002331
1788018638.741878000,200,0.002135
1788018638.978056000,200,0.002747
1788018639.220753000,200,0.003145
1788018639.478114000,200,0.002377
1788018639.735124000,200,0.002856
1788018640.007575000,200,0.002673
1788018640.255953000,200,0.002872
1788018640.509035000,200,0.002896
1788018640.761095000,200,0.003488
1788018641.011002000,200,0.002504
1788018641.260085000,200,0.002925
1788018641.511351000,200,0.003435
1788018641.771214000,200,0.002700
1788018642.020592000,200,0.001815
1788018642.247051000,200,0.001874
1788018642.486039000,200,0.002073
1788018642.736558000,200,0.002941
1788018642.990344000,200,0.002541
1788018643.237242000,200,0.002567
1788018643.484399000,200,0.001759
1788018643.727532000,200,0.003018
1788018643.974144000,200,0.003398
1788018644.223761000,200,0.002924
1788018644.479449000,200,0.003427
1788018644.731093000,200,0.003039
1788018644.978647000,200,0.002622
1788018645.225601000,200,0.001875
1788018645.473587000,200,0.002637
1788018645.726961000,200,0.003015
1788018645.983874000,200,0.001999
1788018646.237179000,200,0.002220
1788018646.480714000,200,0.001479
1788018646.712547000,200,0.001950
1788018646.951061000,200,0.001346
1788018647.180934000,200,0.002028
1788018647.421317000,200,0.001750
1788018647.666845000,200,0.002446
1788018647.916960000,200,0.002123
1788018648.160439000,200,0.001979
1788018648.405985000,200,0.002131
1788018648.653750000,200,0.002395
1788018648.907898000,200,0.002336
1788018649.162288000,200,0.002467
1788018649.408737000,200,0.001389
1788018649.638919000,200,0.002436
1788018649.879022000,200,0.002858
1788018650.128046000,200,0.002717
1788018650.376411000,200,0.002092
1788018650.619137000,200,0.003630
1788018650.877056000,200,0.003782
1788018651.129681000,200,0.003062
1788018651.387212000,200,0.001503
1788018651.632635000,200,0.003108
1788018651.884663000,200,0.001762
1788018652.123821000,200,0.002114
1788018652.366821000,200,0.005341
1788018652.626912000,200,0.002324
1788018652.884131000,200,0.002384
1788018653.141873000,200,0.002353
1788018653.392378000,200,0.002436
1788018653.643185000,200,0.001868
1788018653.893190000,200,0.003270
1788018654.144499000,200,0.002002
1788018654.397556000,200,0.002620
1788018654.651271000,200,0.002699
1788018654.908449000,200,0.002938
1788018655.159046000,200,0.002738
1788018655.407181000,200,0.001913
1788018655.641131000,200,0.003309
1788018655.890533000,200,0.002184
1788018656.126843000,200,0.001436
1788018656.356124000,200,0.002593
1788018656.599220000,200,0.001739
1788018656.842061000,200,0.002611
1788018657.089349000,200,0.001478
1788018657.322445000,200,0.002789
1788018657.575214000,200,0.001882
1788018657.826665000,200,0.002901
1788018658.074168000,200,0.002961
1788018658.321825000,200,0.001564
1788018658.561334000,200,0.002867
1788018658.814786000,200,0.003237
1788018659.069440000,200,0.002367
1788018659.320762000,200,0.002230
1788018659.571204000,200,0.002125
1788018659.820617000,200,0.002207
1788018660.068204000,200,0.002447
1788018660.312006000,200,0.001215
1788018660.553776000,200,0.002129
1788018660.803171000,200,0.001985
1788018661.051935000,200,0.002207
1788018661.307222000,200,0.002347
1788018661.557152000,200,0.002830
1788018661.811565000,200,0.002891
1788018662.058124000,200,0.001406
1788018662.289730000,200,0.001882
1788018662.532432000,200,0.001698
1788018662.769466000,200,0.002435
1788018663.016206000,200,0.002640
1788018663.257740000,200,0.001339
1788018663.493304000,200,0.002451
1788018663.734442000,200,0.001832
1788018663.976273000,200,0.002371
1788018664.223318000,200,0.001455
1788018664.460452000,200,0.002956
1788018664.713693000,200,0.003004
1788018664.961076000,200,0.003368
1788018665.203565000,200,0.001718
1788018665.443538000,200,0.002653
1788018665.684952000,200,0.002858
1788018665.924622000,200,0.002634
1788018666.176977000,200,0.002234
1788018666.424117000,200,0.001672
1788018666.662043000,200,0.002880
1788018666.910200000,200,0.001336
1788018667.144013000,200,0.002373
1788018667.384656000,200,0.001396
1788018667.625913000,200,0.002645
1788018667.871762000,200,0.002452
1788018668.118585000,200,0.001918
1788018668.366457000,200,0.002106
1788018668.610083000,200,0.002516
1788018668.852831000,200,0.003316
1788018669.108325000,200,0.003033
1788018669.362536000,200,0.002514
1788018669.617952000,200,0.002649
1788018669.868127000,200,0.002750
1788018670.119330000,200,0.001721
1788018670.351177000,200,0.001144
1788018670.587498000,200,0.003604
1788018670.843525000,200,0.001421
1788018671.094484000,200,0.001630
1788018671.337327000,200,0.002176
1788018671.582858000,200,0.002297
1788018671.825203000,200,0.002206
1788018672.067185000,200,0.002545
1788018672.305589000,200,0.003383
1788018672.553382000,200,0.003103
1788018672.801202000,200,0.003319
1788018673.043309000,200,0.002106
1788018673.289896000,200,0.001307
1788018673.530331000,200,0.001391
1788018673.768330000,200,0.001261
1788018673.997148000,200,0.001618
1788018674.238475000,200,0.002506
1788018674.481473000,200,0.001843
1788018674.725255000,200,0.002090
1788018674.966953000,200,0.002448
1788018675.208593000,200,0.002558
1788018675.454072000,200,0.002930
1788018675.704838000,200,0.002280
1788018675.949626000,200,0.002496
1788018676.193140000,200,0.002283
1788018676.441078000,200,0.001539
1788018676.684091000,200,0.002601
1788018676.929426000,200,0.001597
1788018677.157301000,200,0.001599
1788018677.395098000,200,0.002089
1788018677.640565000,200,0.003139
1788018677.891473000,200,0.003538
1788018678.144370000,200,0.002266
1788018678.391698000,200,0.001828
1788018678.635456000,200,0.001957
1788018678.881428000,200,0.001926
1788018679.125192000,200,0.001798
1788018679.371146000,200,0.002353
1788018679.620089000,200,0.002308
1788018679.871152000,200,0.001638
1788018680.118354000,200,0.002129
1788018680.365131000,200,0.001618
1788018680.609639000,200,0.002128
1788018680.856983000,200,0.001805
1788018681.102423000,200,0.001854
1788018681.341935000,200,0.001036
1788018681.581296000,200,0.001756
1788018681.830466000,200,0.002090
1788018682.075907000,200,0.001487
1788018682.312078000,200,0.002964
1788018682.562089000,200,0.002262
1788018682.814882000,200,0.002162
1788018683.059998000,200,0.002168
1788018683.306048000,200,0.001923
1788018683.550115000,200,0.001871
1788018683.796576000,200,0.002145
1788018684.047341000,200,0.001998
1788018684.296885000,200,0.001784
1788018684.544688000,200,0.002572
1788018684.787834000,200,0.002463
1788018685.038387000,200,0.002840
1788018685.293342000,200,0.002247
1788018685.544976000,200,0.002775
1788018685.784097000,200,0.001253
1788018686.012007000,200,0.002335
1788018686.246919000,200,0.001878
1788018686.491802000,200,0.001718
1788018686.728857000,200,0.002810
1788018686.974392000,200,0.001252
1788018687.203408000,200,0.002357
1788018687.446626000,200,0.002090
1788018687.697001000,200,0.001704
1788018687.942988000,200,0.001643
1788018688.182054000,200,0.001928
1788018688.418653000,200,0.002859
1788018688.657176000,200,0.002354
1788018688.904867000,200,0.002651
1788018689.154766000,200,0.002148
1788018689.402689000,200,0.002616
1788018689.657756000,200,0.002754
1788018689.903375000,200,0.001737
1788018690.138701000,200,0.002892
1788018690.381708000,200,0.001554
1788018690.631518000,200,0.002928
1788018690.880842000,200,0.001828
1788018691.121081000,200,0.001488
1788018691.363036000,200,0.002140
1788018691.605030000,200,0.003768
1788018691.853898000,200,0.002637
1788018692.100692000,200,0.001520
1788018692.331159000,200,0.001237
1788018692.561426000,200,0.001507
1788018692.792888000,200,0.001698
1788018693.027510000,200,0.001791
1788018693.269067000,200,0.002013
1788018693.511879000,200,0.001551
1788018693.756529000,200,0.002054
1788018694.004495000,200,0.002923
1788018694.256151000,200,0.001593
1788018694.502884000,200,0.002177
1788018694.748475000,200,0.002316
1788018694.999147000,200,0.002497
1788018695.248797000,200,0.001719
1788018695.499008000,200,0.003873
1788018695.753587000,200,0.002555
1788018696.000862000,200,0.001932
1788018696.240723000,200,0.002499
1788018696.478294000,200,0.001891
1788018696.717771000,200,0.002761
1788018696.962735000,200,0.001177
1788018697.190052000,200,0.001581
1788018697.432869000,200,0.001964
1788018697.680372000,200,0.004492
1788018697.929728000,200,0.002276
1788018698.183389000,200,0.001381
1788018698.426192000,200,0.001698
1788018698.667692000,200,0.002359
1788018698.914648000,200,0.002507
1788018699.163114000,200,0.002456
1788018699.405221000,200,0.001972
1788018699.647842000,200,0.002529
1788018699.899538000,200,0.003361
1788018700.161227000,200,0.002057
1788018700.408817000,200,0.001366
1788018700.653698000,200,0.001924
1788018700.898824000,200,0.002317
1788018701.141910000,200,0.002346
1788018701.393720000,200,0.002436
1788018701.634843000,200,0.001958
1788018701.884857000,200,0.001445
1788018702.121806000,200,0.001409
1788018702.356001000,200,0.001429
1788018702.593929000,200,0.001361
1788018702.824803000,200,0.002100
1788018703.065782000,200,0.002814
1788018703.316038000,200,0.001397
1788018703.554408000,200,0.002013
1788018703.793293000,200,0.002392
1788018704.041958000,200,0.002982
1788018704.283032000,200,0.001559
1788018704.522158000,200,0.002430
1788018704.765518000,200,0.001282
1788018705.003261000,200,0.002540
1788018705.249801000,200,0.001682
1788018705.496355000,200,0.001843
1788018705.741412000,200,0.001228
1788018705.981470000,200,0.001919
1788018706.224045000,200,0.001776
1788018706.471520000,200,0.002193
1788018706.723198000,200,0.002307
1788018706.972192000,200,0.001516
1788018707.204573000,200,0.003102
1788018707.456093000,200,0.002871
1788018707.706354000,200,0.002150
1788018707.950082000,200,0.001416
1788018708.194434000,200,0.002021
1788018708.435902000,200,0.002368
1788018708.683365000,200,0.003080
1788018708.935367000,200,0.002988
1788018709.185687000,200,0.001584
1788018709.428342000,200,0.001791
1788018709.673707000,200,0.002655
1788018709.928086000,200,0.002214
1788018710.172175000,200,0.001856
1788018710.412827000,200,0.001574
1788018710.653093000,200,0.002686
1788018710.898613000,200,0.001971
1788018711.146462000,200,0.001742
1788018711.388364000,200,0.001643
1788018711.632700000,200,0.002387
1788018711.880093000,200,0.002089
1788018712.126668000,200,0.001510
1788018712.361911000,200,0.001723
1788018712.602223000,200,0.001693
1788018712.847960000,200,0.002342
1788018713.099295000,200,0.001710
1788018713.346607000,200,0.002298
1788018713.593430000,200,0.003408
1788018713.849743000,200,0.002418
1788018714.108797000,200,0.004296
1788018714.363749000,200,0.002282
1788018714.615046000,200,0.002236
1788018714.873583000,200,0.002625
1788018715.125809000,200,0.002941
1788018715.380686000,200,0.001537
1788018715.623225000,200,0.002000
1788018715.874921000,200,0.002693
1788018716.137923000,200,0.003038
1788018716.397494000,200,0.002355
1788018716.658056000,200,0.003157
1788018716.914597000,200,0.002265
1788018717.159748000,200,0.002172
1788018717.405551000,200,0.006130
1788018717.668990000,200,0.002593
1788018717.932910000,200,0.002759
1788018718.182788000,200,0.001891
1788018718.421050000,200,0.001244
1788018718.658557000,200,0.001853
1788018718.894970000,200,0.001289
1788018719.131953000,200,0.001636
1788018719.374250000,200,0.001591
1788018719.609782000,200,0.001442
1788018719.848324000,200,0.001975
1788018720.101046000,200,0.001105
1788018720.343929000,200,0.001389
1788018720.595791000,200,0.003601
1788018720.856250000,200,0.003003
1788018721.123182000,200,0.001916
1788018721.362072000,200,0.002397
1788018721.620504000,200,0.002668
1788018721.879540000,200,0.002784
1788018722.130757000,200,0.002016
1788018722.366268000,200,0.002297
1788018722.625160000,200,0.001677
1788018722.871099000,200,0.002884
1788018723.122719000,200,0.002234
1788018723.374399000,200,0.001626
1788018723.621293000,200,0.001959
1788018723.871868000,200,0.002530
1788018724.128895000,200,0.003253
1788018724.395476000,200,0.002359
1788018724.668355000,200,0.003788
1788018724.931846000,200,0.002842
1788018725.198694000,200,0.003864
1788018725.467904000,200,0.003275
1788018725.729254000,200,0.001832
1788018725.976884000,200,0.001979
1788018726.225953000,200,0.002575
1788018726.478890000,200,0.002388
1788018726.723786000,200,0.002737
1788018726.976035000,200,0.001934
1788018727.210614000,200,0.002430
1788018727.453372000,200,0.003163
1788018727.708280000,200,0.002104
1788018727.964500000,200,0.002801
1788018728.222338000,200,0.002387
1788018728.477055000,200,0.002950
1788018728.734730000,200,0.003487
1788018728.993817000,200,0.002965
1788018729.248620000,200,0.002631
1788018729.508915000,200,0.002967
1788018729.764765000,200,0.002696
1788018730.027399000,200,0.001949
1788018730.278211000,200,0.002355
1788018730.528788000,200,0.002730
1788018730.783040000,200,0.002556
1788018731.044587000,200,0.002394
1788018731.307294000,200,0.002111
1788018731.565325000,200,0.003328
1788018731.824743000,200,0.002672
1788018732.075865000,200,0.001149
1788018732.304441000,200,0.002724
1788018732.555793000,200,0.002976
1788018732.819303000,200,0.003304
1788018733.079618000,200,0.002800
1788018733.337657000,200,0.002419
1788018733.589387000,200,0.001575
1788018733.828462000,200,0.001831
1788018734.066456000,200,0.002071
1788018734.303976000,200,0.003217
1788018734.560567000,200,0.002802
1788018734.818607000,200,0.004334
1788018735.077280000,200,0.004064
1788018735.335532000,200,0.002324
1788018735.599877000,200,0.002647
1788018735.858167000,200,0.002407
1788018736.122572000,200,0.002548
1788018736.378384000,200,0.002530
1788018736.634120000,200,0.001941
1788018736.876559000,200,0.002831
1788018737.119916000,200,0.001597
1788018737.361584000,200,0.004042
1788018737.625571000,200,0.003297
1788018737.890482000,200,0.002738
1788018738.151421000,200,0.004056
1788018738.408382000,200,0.002259
1788018738.661177000,200,0.002804
1788018738.918692000,200,0.002693
1788018739.174623000,200,0.003523
1788018739.432002000,200,0.003168
1788018739.693104000,200,0.002490
1788018739.956104000,200,0.003076
1788018740.219242000,200,0.002458
1788018740.485126000,200,0.003018
1788018740.743469000,200,0.002999
1788018741.006031000,200,0.002139
1788018741.266521000,200,0.002096
1788018741.529516000,200,0.002573
1788018741.795424000,200,0.003257
1788018742.045523000,200,0.001557
1788018742.280285000,200,0.003082
1788018742.536899000,200,0.002332
1788018742.794479000,200,0.003960
1788018743.054158000,200,0.001873
1788018743.316160000,200,0.002757
1788018743.585045000,200,0.002278
1788018743.854582000,200,0.003307
1788018744.123065000,200,0.002710
1788018744.388334000,200,0.002604
1788018744.654202000,200,0.003104
1788018744.917348000,200,0.002709
1788018745.183169000,200,0.001663
1788018745.443563000,200,0.003070
1788018745.694553000,200,0.002322
1788018745.954578000,200,0.003839
1788018746.218701000,200,0.003463
1788018746.489118000,200,0.003033
1788018746.754593000,200,0.003043
1788018747.015056000,200,0.001603
1788018747.246748000,200,0.001963
1788018747.495169000,200,0.004011
1788018747.761607000,200,0.002486
1788018748.025130000,200,0.004308
1788018748.289168000,200,0.002347
1788018748.546721000,200,0.002545
1788018748.800279000,200,0.001835
1788018749.043659000,200,0.002054
1788018749.290434000,200,0.002470
1788018749.542341000,200,0.002384
1788018749.801936000,200,0.007583
1788018750.064199000,200,0.002623
1788018750.320417000,200,0.001254
1788018750.573929000,200,0.003120
1788018750.842169000,200,0.002623
1788018751.106474000,200,0.003368
1788018751.363040000,200,0.001292
1788018751.613473000,200,0.002842
1788018751.876899000,200,0.003744
1788018752.137559000,200,0.002367
1788018752.375931000,200,0.001517
1788018752.627534000,200,0.002352
1788018752.889413000,200,0.003248
1788018753.157741000,200,0.004458
1788018753.419906000,200,0.003014
1788018753.684624000,200,0.003159
1788018753.945285000,200,0.003719
1788018754.214497000,200,0.003466
1788018754.475804000,200,0.003336
1788018754.742775000,200,0.002947
1788018755.009328000,200,0.002061
1788018755.268653000,200,0.002312
1788018755.521157000,200,0.002922
1788018755.780272000,200,0.002539
1788018756.034775000,200,0.002867
1788018756.293306000,200,0.002482
1788018756.555559000,200,0.003102
1788018756.817916000,200,0.002850
1788018757.072475000,200,0.002983
1788018757.313352000,200,0.002309
1788018757.573956000,200,0.002694
1788018757.840946000,200,0.003313
1788018758.111140000,200,0.002413
1788018758.369061000,200,0.002451
1788018758.623809000,200,0.002171
1788018758.873105000,200,0.002797
1788018759.124793000,200,0.003307
1788018759.387372000,200,0.002917
1788018759.649566000,200,0.004023
1788018759.921716000,200,0.003921
1788018760.179757000,200,0.001990
1788018760.433119000,200,0.001440
1788018760.684938000,200,0.003387
1788018760.951139000,200,0.003072
1788018761.219323000,200,0.003059
1788018761.483609000,200,0.002108
1788018761.738618000,200,0.002767
1788018761.995769000,200,0.001598
1788018762.228662000,200,0.001678
1788018762.467652000,200,0.002515
1788018762.730430000,200,0.002854
1788018762.993210000,200,0.002939
1788018763.253211000,200,0.002408
1788018763.510732000,200,0.002542
1788018763.759743000,200,0.002509
1788018764.007305000,200,0.002059
1788018764.250016000,200,0.002777
1788018764.507437000,200,0.002216
1788018764.760770000,200,0.002847
1788018765.020180000,200,0.002603
1788018765.277288000,200,0.002132
1788018765.536185000,200,0.002660
1788018765.803098000,200,0.002466
1788018766.068014000,200,0.003057
1788018766.331018000,200,0.003036
1788018766.593539000,200,0.002225
1788018766.848353000,200,0.002040
1788018767.104994000,200,0.003012
1788018767.346790000,200,0.003309
1788018767.610799000,200,0.003649
1788018767.879666000,200,0.002894
1788018768.144500000,200,0.002530
1788018768.399357000,200,0.002660
1788018768.662060000,200,0.001619
1788018768.908343000,200,0.002302
1788018769.163043000,200,0.003301
1788018769.417229000,200,0.002876
1788018769.673128000,200,0.002978
1788018769.935984000,200,0.002964
1788018770.200104000,200,0.002111
1788018770.455068000,200,0.001669
1788018770.710675000,200,0.003155
1788018770.967625000,200,0.003040
1788018771.228669000,200,0.002864
1788018771.491124000,200,0.002199
1788018771.747995000,200,0.002868
1788018772.003398000,200,0.003435
1788018772.238281000,200,0.002321
1788018772.493861000,200,0.002882
1788018772.753875000,200,0.002771
1788018773.013211000,200,0.002049
1788018773.266313000,200,0.002358
1788018773.527277000,200,0.003780
1788018773.784519000,200,0.002389
1788018774.049373000,200,0.002772
1788018774.309822000,200,0.003653
1788018774.574937000,200,0.002876
1788018774.835778000,200,0.003194
1788018775.096511000,200,0.002131
1788018775.348641000,200,0.002499
1788018775.604420000,200,0.001899
1788018775.853617000,200,0.002561
1788018776.119377000,200,0.003410
1788018776.389128000,200,0.002636
1788018776.645619000,200,0.003916
1788018776.903935000,200,0.002485
1788018777.152545000,200,0.001630
1788018777.391064000,200,0.002686
1788018777.648328000,200,0.002930
1788018777.912553000,200,0.002805
1788018778.169220000,200,0.001896
1788018778.411132000,200,0.002075
1788018778.669889000,200,0.002546
1788018778.923067000,200,0.001431
1788018779.167222000,200,0.007502
1788018779.418940000,200,0.002396
1788018779.674214000,200,0.002279
1788018779.933109000,200,0.002348
1788018780.193777000,200,0.002318
1788018780.448732000,200,0.001716
1788018780.701461000,200,0.001895
1788018780.947657000,200,0.002626
1788018781.208524000,200,0.002894
1788018781.462957000,200,0.002081
1788018781.716272000,200,0.002931
1788018781.974301000,200,0.002009
1788018782.214899000,200,0.002646
1788018782.466008000,200,0.002191
1788018782.723753000,200,0.002674
1788018782.984872000,200,0.002277
1788018783.243726000,200,0.002510
1788018783.497393000,200,0.001660
1788018783.740520000,200,0.003170
1788018784.001676000,200,0.002939
1788018784.266548000,200,0.003100
1788018784.524945000,200,0.002379
1788018784.790521000,200,0.002471
1788018785.052464000,200,0.002399
1788018785.307936000,200,0.002289
1788018785.568729000,200,0.002705
1788018785.822704000,200,0.002297
1788018786.071829000,200,0.002904
1788018786.330824000,200,0.002933
1788018786.590231000,200,0.001953
1788018786.839743000,200,0.003776
1788018787.096312000,200,0.001711
1788018787.330932000,200,0.002201
1788018787.582352000,200,0.002132
1788018787.831352000,200,0.002135
1788018788.082158000,200,0.002538
1788018788.338507000,200,0.002850
1788018788.594989000,200,0.003793
1788018788.848526000,200,0.003441
1788018789.109869000,200,0.002453
1788018789.376561000,200,0.002428
1788018789.636872000,200,0.002148
1788018789.899512000,200,0.001951
1788018790.155307000,200,0.002625
1788018790.416188000,200,0.001667
1788018790.669975000,200,0.002913
1788018790.929585000,200,0.002832
1788018791.190174000,200,0.003127
1788018791.451091000,200,0.002303
1788018791.712397000,200,0.003548
1788018791.972591000,200,0.002157
1788018792.213059000,200,0.002630
1788018792.470058000,200,0.001640
1788018792.736625000,200,0.003573
1788018793.003019000,200,0.005111
1788018793.269671000,200,0.002665
1788018793.536952000,200,0.003609
1788018793.798188000,200,0.001872
1788018794.031153000,200,0.002909
1788018794.281710000,200,0.001649
1788018794.544216000,200,0.004396
1788018794.834481000,200,0.003062
1788018795.081371000,200,0.001885
1788018795.329241000,200,0.002667
1788018795.585142000,200,0.003203
1788018795.842007000,200,0.002673
1788018796.093016000,200,0.003300
1788018796.346185000,200,0.002596
1788018796.598838000,200,0.003226
1788018796.865759000,200,0.003192
1788018797.120398000,200,0.001788
1788018797.355182000,200,0.003320
1788018797.619487000,200,0.003389
1788018797.891974000,200,0.003509
1788018798.155544000,200,0.003631
1788018798.417957000,200,0.002825
1788018798.673106000,200,0.002546
1788018798.942586000,200,0.003089
1788018799.205985000,200,0.002638
1788018799.463029000,200,0.002212
1788018799.709996000,200,0.003040
1788018799.957061000,200,0.001725
1788018800.211131000,200,0.002258
1788018800.463215000,200,0.001749
1788018800.708142000,200,0.002344
1788018800.951319000,200,0.003455
1788018801.208706000,200,0.001901
1788018801.454050000,200,0.001452
1788018801.698442000,200,0.002094
1788018801.944279000,200,0.002081
1788018802.177370000,200,0.002835
1788018802.414479000,200,0.001444
1788018802.659057000,200,0.001787
1788018802.906382000,200,0.002443
1788018803.151833000,200,0.001844
1788018803.397478000,200,0.001820
1788018803.646601000,200,0.002258
1788018803.897663000,200,0.002159
1788018804.148849000,200,0.001724
1788018804.389428000,200,0.001534
1788018804.619523000,200,0.002298
1788018804.864045000,200,0.001591
1788018805.102852000,200,0.002976
1788018805.352718000,200,0.002881
1788018805.606075000,200,0.002446
1788018805.873704000,200,0.003227
1788018806.161990000,200,0.003468
1788018806.414708000,200,0.002472
1788018806.668792000,200,0.002774
1788018806.923129000,200,0.002285
1788018807.158142000,200,0.001657
1788018807.398062000,200,0.002165
1788018807.652756000,200,0.002028
1788018807.899921000,200,0.002431
1788018808.143680000,200,0.001694
1788018808.379445000,200,0.001856
1788018808.627029000,200,0.002024
1788018808.877456000,200,0.003504
1788018809.154439000,200,0.001833
1788018809.407134000,200,0.002894
1788018809.659616000,200,0.002009
1788018809.905997000,200,0.002602
1788018810.151984000,200,0.001730
1788018810.391800000,200,0.001586
1788018810.634229000,200,0.001411
1788018810.866043000,200,0.002146
1788018811.111605000,200,0.002882
1788018811.366567000,200,0.002114
1788018811.620886000,200,0.002582
1788018811.874142000,200,0.003274
1788018812.117542000,200,0.001650
1788018812.354604000,200,0.001548
1788018812.598818000,200,0.002663
1788018812.851904000,200,0.002142
1788018813.107260000,200,0.003529
1788018813.365548000,200,0.002014
1788018813.610521000,200,0.001703
1788018813.857142000,200,0.002372
1788018814.106638000,200,0.002224
1788018814.360610000,200,0.002802
1788018814.617170000,200,0.002840
1788018814.867886000,200,0.002890
1788018815.123402000,200,0.001729
1788018815.373292000,200,0.002237
1788018815.624062000,200,0.002373
1788018815.868891000,200,0.001712
1788018816.119038000,200,0.002732
1788018816.366227000,200,0.001845
1788018816.612491000,200,0.002222
1788018816.858161000,200,0.001215
1788018817.096505000,200,0.001659
1788018817.329971000,200,0.002041
1788018817.580176000,200,0.002439
1788018817.832135000,200,0.002582
1788018818.077305000,200,0.001464
1788018818.307593000,200,0.001676
1788018818.551191000,200,0.002611
1788018818.836399000,200,0.002367
1788018819.101585000,200,0.002587
1788018819.348433000,200,0.002185
1788018819.587777000,200,0.002451
1788018819.828329000,200,0.001410
1788018820.077401000,200,0.002526
1788018820.325858000,200,0.001318
1788018820.573103000,200,0.004020
1788018820.838104000,200,0.003623
1788018821.100874000,200,0.003077
1788018821.362796000,200,0.001955
1788018821.617349000,200,0.003119
1788018821.878517000,200,0.002703
1788018822.124755000,200,0.001624
1788018822.362959000,200,0.002578
1788018822.619632000,200,0.002771
1788018822.878206000,200,0.003175
1788018823.137178000,200,0.002260
1788018823.392255000,200,0.001710
1788018823.638185000,200,0.002964
1788018823.898669000,200,0.003069
1788018824.154145000,200,0.002135
1788018824.390114000,200,0.001972
1788018824.628266000,200,0.003310
1788018824.869521000,200,0.001777
1788018825.111799000,200,0.003212
1788018825.359868000,200,0.003532
1788018825.620503000,200,0.002472
1788018825.877723000,200,0.002525
1788018826.133792000,200,0.002726
1788018826.392901000,200,0.002674
1788018826.645959000,200,0.002405
1788018826.895816000,200,0.001969
1788018827.130194000,200,0.001723
1788018827.370859000,200,0.002831
1788018827.630333000,200,0.002094
1788018827.881519000,200,0.003126
1788018828.137165000,200,0.002780
1788018828.391780000,200,0.001593
1788018828.641873000,200,0.003410
1788018828.892520000,200,0.003017
1788018829.147458000,200,0.002024
1788018829.390889000,200,0.001826
1788018829.630363000,200,0.002487
1788018829.871985000,200,0.001830
1788018830.114131000,200,0.001952
1788018830.359167000,200,0.001873
1788018830.599447000,200,0.002087
1788018830.843413000,200,0.001751
1788018831.086118000,200,0.002672
1788018831.329669000,200,0.003365
1788018831.575196000,200,0.002145
1788018831.826302000,200,0.002309
1788018832.070416000,200,0.002120
1788018832.303469000,200,0.001496
1788018832.540053000,200,0.001607
1788018832.778722000,200,0.001977
1788018833.015038000,200,0.002275
1788018833.267452000,200,0.002311
1788018833.521015000,200,0.002345
1788018833.776128000,200,0.001605
1788018834.029351000,200,0.002009
1788018834.283353000,200,0.002319
1788018834.529900000,200,0.002980
1788018834.786655000,200,0.002255
1788018835.036335000,200,0.003413
1788018835.286196000,200,0.002134
1788018835.535260000,200,0.002832
1788018835.793591000,200,0.003847
1788018836.062416000,200,0.002480
1788018836.315704000,200,0.002318
1788018836.579276000,200,0.003773
1788018836.833411000,200,0.002272
1788018837.083887000,200,0.001560
1788018837.316521000,200,0.001680
1788018837.561348000,200,0.002198
1788018837.817484000,200,0.002137
1788018838.073187000,200,0.002174
1788018838.327424000,200,0.002350
1788018838.585566000,200,0.002399
1788018838.841311000,200,0.002139
1788018839.099055000,200,0.001856
1788018839.354121000,200,0.002665
1788018839.617691000,200,0.002607
1788018839.881889000,200,0.002369
1788018840.137113000,200,0.002811
1788018840.383769000,200,0.001407
1788018840.630242000,200,0.002992
1788018840.888830000,200,0.002547
1788018841.136430000,200,0.002488
1788018841.387397000,200,0.003013
1788018841.647492000,200,0.002601
1788018841.903757000,200,0.001535
1788018842.149603000,200,0.001943
1788018842.383640000,200,0.001342
1788018842.631299000,200,0.003238
1788018842.885657000,200,0.001589
1788018843.120133000,200,0.002445
1788018843.372515000,200,0.003310
1788018843.631943000,200,0.002343
1788018843.889636000,200,0.002471
1788018844.149036000,200,0.003203
1788018844.412591000,200,0.001594
1788018844.667848000,200,0.002548
1788018844.926518000,200,0.002555
1788018845.195658000,200,0.003542
1788018845.454229000,200,0.002198
1788018845.706477000,200,0.003646
1788018845.975016000,200,0.002175
1788018846.238086000,200,0.003597
1788018846.499933000,200,0.003533
1788018846.762815000,200,0.002082
1788018847.015613000,200,0.001830
1788018847.250344000,200,0.001334
1788018847.484885000,200,0.001819
1788018847.727063000,200,0.002167
1788018847.974160000,200,0.002178
1788018848.219704000,200,0.001483
1788018848.470145000,200,0.004072
1788018848.739280000,200,0.001797
1788018849.005635000,200,0.003034
1788018849.261849000,200,0.002250
1788018849.516777000,200,0.002180
1788018849.767811000,200,0.002974
1788018850.028562000,200,0.004090
1788018850.293114000,200,0.001593
1788018850.543399000,200,0.001998
1788018850.803300000,200,0.002690
1788018851.066213000,200,0.002379
1788018851.327848000,200,0.002504
1788018851.589088000,200,0.002348
1788018851.846288000,200,0.002424
1788018852.111827000,200,0.001501
1788018852.348510000,200,0.001815
1788018852.602833000,200,0.002493
1788018852.863669000,200,0.002578
1788018853.125038000,200,0.002683
1788018853.393414000,200,0.002167
1788018853.647724000,200,0.001848
1788018853.885643000,200,0.001630
1788018854.117637000,200,0.002768
1788018854.379365000,200,0.002909
1788018854.637949000,200,0.002500
1788018854.906026000,200,0.002794
1788018855.167093000,200,0.001558
1788018855.418067000,200,0.003162
1788018855.678746000,200,0.002826
1788018855.933589000,200,0.002377
1788018856.187498000,200,0.003285
1788018856.445191000,200,0.003693
1788018856.703747000,200,0.001916
1788018856.949144000,200,0.002220
1788018857.189041000,200,0.002907
1788018857.444262000,200,0.002369
1788018857.700055000,200,0.003120
1788018857.958116000,200,0.002510
1788018858.212258000,200,0.002756
1788018858.469669000,200,0.003261
1788018858.728361000,200,0.001897
1788018858.979956000,200,0.002813
1788018859.240125000,200,0.002339
1788018859.498375000,200,0.002978
1788018859.751838000,200,0.002138
1788018860.000424000,200,0.002217
1788018860.259050000,200,0.002843
1788018860.513609000,200,0.003170
1788018860.772849000,200,0.002371
1788018861.039783000,200,0.002466
1788018861.297500000,200,0.003564
1788018861.558175000,200,0.001282
1788018861.803274000,200,0.003639
1788018862.057759000,200,0.001880
1788018862.297653000,200,0.001664
1788018862.540759000,200,0.002200
1788018862.791080000,200,0.002201
1788018863.041824000,200,0.002419
1788018863.291066000,200,0.002159
1788018863.545140000,200,0.003717
1788018863.804960000,200,0.002709
1788018864.072623000,200,0.003589
1788018864.338890000,200,0.003331
1788018864.599404000,200,0.003207
1788018864.864485000,200,0.002685
1788018865.133746000,200,0.003788
1788018865.395497000,200,0.002870
1788018865.645132000,200,0.004012
1788018865.909201000,200,0.003427
1788018866.179781000,200,0.003467
1788018866.449512000,200,0.002547
1788018866.711785000,200,0.002921
1788018866.968508000,200,0.001818
1788018867.214052000,200,0.003264
1788018867.460480000,200,0.003416
1788018867.721043000,200,0.002182
1788018867.984538000,200,0.002169
1788018868.238860000,200,0.002937
1788018868.489048000,200,0.002883
1788018868.750776000,200,0.002239
1788018869.005404000,200,0.002837
1788018869.271771000,200,0.003035
1788018869.530214000,200,0.003303
1788018869.799550000,200,0.003603
1788018870.058514000,200,0.002853
1788018870.315452000,200,0.001247
1788018870.567295000,200,0.002859
1788018870.830533000,200,0.002210
1788018871.090336000,200,0.003934
1788018871.355985000,200,0.001782
1788018871.608962000,200,0.001879
1788018871.868231000,200,0.002634
1788018872.130010000,200,0.001754
1788018872.368813000,200,0.001601
1788018872.624477000,200,0.002249
1788018872.881785000,200,0.001703
1788018873.129201000,200,0.003899
1788018873.395637000,200,0.002543
1788018873.655322000,200,0.004072
1788018873.922203000,200,0.002874
1788018874.185498000,200,0.002719
1788018874.448588000,200,0.002747
1788018874.706884000,200,0.002635
1788018874.967818000,200,0.002110
1788018875.223575000,200,0.002290
1788018875.487660000,200,0.002617
1788018875.748365000,200,0.003397
1788018876.010685000,200,0.002602
1788018876.272253000,200,0.001953
1788018876.523200000,200,0.003332
1788018876.791411000,200,0.002451
1788018877.051254000,200,0.001795
1788018877.284450000,200,0.001938
1788018877.528881000,200,0.002311
1788018877.778870000,200,0.002134
1788018878.030624000,200,0.002024
1788018878.276800000,200,0.002360
1788018878.529204000,200,0.003355
1788018878.795186000,200,0.003145
1788018879.054106000,200,0.003427
1788018879.307031000,200,0.003252
1788018879.565882000,200,0.003656
1788018879.826489000,200,0.003955
1788018880.097738000,200,0.002441
1788018880.360802000,200,0.001391
1788018880.614615000,200,0.003154
1788018880.875131000,200,0.003092
1788018881.138669000,200,0.002206
1788018881.389840000,200,0.001704
1788018881.640199000,200,0.002675
1788018881.902276000,200,0.002420
1788018882.156205000,200,0.002847
1788018882.390821000,200,0.001810
1788018882.652249000,200,0.002502
1788018882.925753000,200,0.003730
1788018883.185645000,200,0.003741
1788018883.450195000,200,0.003014
1788018883.703905000,200,0.002149
1788018883.951816000,200,0.002749
1788018884.208442000,200,0.003525
1788018884.469634000,200,0.002298
1788018884.724126000,200,0.001960
1788018884.979441000,200,0.002752
1788018885.237432000,200,0.002393
1788018885.497042000,200,0.003229
1788018885.762325000,200,0.002607
1788018886.020893000,200,0.002507
1788018886.277802000,200,0.010889
1788018886.543943000,200,0.003059
1788018886.807935000,200,0.003209
1788018887.066260000,200,0.002043
1788018887.300708000,200,0.002726
1788018887.553341000,200,0.003097
1788018887.810137000,200,0.002464
1788018888.060852000,200,0.003317
1788018888.312842000,200,0.002426
1788018888.571036000,200,0.002276
1788018888.822966000,200,0.001906
1788018889.077585000,200,0.003592
1788018889.340434000,200,0.003252
1788018889.610470000,200,0.002841
1788018889.871966000,200,0.002829
1788018890.135875000,200,0.002328
1788018890.389851000,200,0.001814
1788018890.647402000,200,0.003011
1788018890.905239000,200,0.003876
1788018891.166715000,200,0.003150
1788018891.432222000,200,0.002594
1788018891.695485000,200,0.002617
1788018891.950397000,200,0.002400
1788018892.181022000,200,0.001183
1788018892.412058000,200,0.001302
1788018892.658366000,200,0.003135
1788018892.916514000,200,0.002292
1788018893.172913000,200,0.002565
1788018893.425242000,200,0.002383
1788018893.679517000,200,0.002384
1788018893.944215000,200,0.002842
1788018894.202669000,200,0.002336
1788018894.455270000,200,0.002701
1788018894.718771000,200,0.004050
1788018894.985652000,200,0.002248
1788018895.249280000,200,0.003239
1788018895.507669000,200,0.002513
1788018895.759086000,200,0.002588
1788018896.018257000,200,0.003048
1788018896.277569000,200,0.002526
1788018896.532299000,200,0.002650
1788018896.789060000,200,0.003186
1788018897.043280000,200,0.003567
1788018897.283847000,200,0.001396
1788018897.540587000,200,0.002849
1788018897.800406000,200,0.003142
1788018898.064441000,200,0.003354
1788018898.331271000,200,0.003253
1788018898.594760000,200,0.002269
1788018898.850230000,200,0.003189
1788018899.106040000,200,0.002369
1788018899.364181000,200,0.002395
1788018899.625588000,200,0.001637
1788018899.882971000,200,0.002107
1788018900.142070000,200,0.002571
1788018900.404268000,200,0.001507
1788018900.652380000,200,0.002329
1788018900.909163000,200,0.002847
1788018901.168556000,200,0.002227
1788018901.417034000,200,0.002413
1788018901.667058000,200,0.002839
1788018901.927608000,200,0.003100
1788018902.173910000,200,0.004831
1788018902.419341000,200,0.001375
1788018902.671358000,200,0.002701
1788018902.932978000,200,0.002667
1788018903.196942000,200,0.003184
1788018903.453852000,200,0.003537
1788018903.720311000,200,0.002541
1788018903.982232000,200,0.003346
1788018904.249130000,200,0.002180
1788018904.508711000,200,0.002814
1788018904.773686000,200,0.001962
1788018905.037078000,200,0.002383
1788018905.297231000,200,0.002939
1788018905.557090000,200,0.002908
1788018905.826529000,200,0.002736
1788018906.096285000,200,0.002206
1788018906.361995000,200,0.002391
1788018906.623652000,200,0.003390
1788018906.890000000,200,0.002626
1788018907.135183000,200,0.001325
1788018907.365884000,200,0.002064
1788018907.615869000,200,0.002849
1788018907.879077000,200,0.002943
1788018908.146460000,200,0.002547
1788018908.400134000,200,0.001929
1788018908.647706000,200,0.002410
1788018908.903678000,200,0.002059
1788018909.162108000,200,0.002657
1788018909.425591000,200,0.002647
1788018909.688295000,200,0.002468
1788018909.956324000,200,0.003620
1788018910.215492000,200,0.002658
1788018910.480584000,200,0.001661
1788018910.738805000,200,0.007626
1788018911.004689000,200,0.002959
1788018911.264585000,200,0.001803
1788018911.523837000,200,0.003676
1788018911.784886000,200,0.002981
1788018912.038901000,200,0.001562
1788018912.274958000,200,0.002336
1788018912.528772000,200,0.002272
1788018912.798142000,200,0.002372
1788018913.057678000,200,0.002418
1788018913.323696000,200,0.005248
1788018913.587858000,200,0.002697
1788018913.841077000,200,0.001482
1788018914.073591000,200,0.004302
1788018914.334158000,200,0.002809
1788018914.597430000,200,0.003346
1788018914.864870000,200,0.003095
1788018915.130372000,200,0.003455
1788018915.388485000,200,0.002594
1788018915.646334000,200,0.002856
1788018915.910311000,200,0.003198
1788018916.176649000,200,0.003934
1788018916.443365000,200,0.003746
1788018916.707322000,200,0.002549
1788018916.967523000,200,0.002238
1788018917.207771000,200,0.002557
1788018917.455421000,200,0.002040
1788018917.715480000,200,0.003364
1788018917.979634000,200,0.003335
1788018918.245884000,200,0.002528
1788018918.511768000,200,0.003411
1788018918.774173000,200,0.003380
1788018919.041053000,200,0.003002
1788018919.305838000,200,0.002281
1788018919.571989000,200,0.002553
1788018919.833219000,200,0.002891
1788018920.096747000,200,0.002742
1788018920.356494000,200,0.001717
1788018920.609677000,200,0.002729
1788018920.869042000,200,0.002361
1788018921.134865000,200,0.003365
1788018921.393048000,200,0.002517
1788018921.658137000,200,0.003303
1788018921.916935000,200,0.003063
1788018922.163076000,200,0.002212
1788018922.391774000,200,0.001870
1788018922.640200000,200,0.002635
1788018922.901192000,200,0.003403
1788018923.168018000,200,0.002283
1788018923.420983000,200,0.001621
1788018923.668032000,200,0.002230
1788018923.924317000,200,0.003198
1788018924.184426000,200,0.002389
1788018924.445526000,200,0.002422
1788018924.710986000,200,0.003039
1788018924.971315000,200,0.002790
1788018925.232533000,200,0.002331
1788018925.499140000,200,0.003841
1788018925.748195000,200,0.001912
1788018925.996863000,200,0.002890
1788018926.256780000,200,0.002868
1788018926.514978000,200,0.003714
1788018926.788393000,200,0.003512
1788018927.050533000,200,0.001768
1788018927.282591000,200,0.002328
1788018927.539292000,200,0.003096
1788018927.797219000,200,0.002750
1788018928.049513000,200,0.003120
1788018928.312465000,200,0.002451
1788018928.579120000,200,0.002293
1788018928.844011000,200,0.002594
1788018929.105734000,200,0.002030
1788018929.374874000,200,0.002347
1788018929.634348000,200,0.002710
1788018929.891453000,200,0.002885
1788018930.155028000,200,0.002262
1788018930.418976000,200,0.001415
1788018930.673208000,200,0.003201
1788018930.940877000,200,0.002736
1788018931.205878000,200,0.002832
1788018931.478085000,200,0.002413
1788018931.739418000,200,0.002100
1788018931.998510000,200,0.001890
1788018932.239340000,200,0.002410
1788018932.487074000,200,0.001722
1788018932.747520000,200,0.003222
1788018933.015590000,200,0.002417
1788018933.275755000,200,0.004968
1788018933.522482000,200,0.001602
1788018933.786612000,200,0.002860
1788018934.049818000,200,0.003177
1788018934.314281000,200,0.002716
1788018934.570321000,200,0.004175
1788018934.836258000,200,0.002874
1788018935.102729000,200,0.002647
1788018935.372462000,200,0.002169
1788018935.633076000,200,0.002693
1788018935.898310000,200,0.002585
1788018936.154790000,200,0.003443
1788018936.419064000,200,0.002193
1788018936.681427000,200,0.002593
1788018936.935024000,200,0.002855
1788018937.180336000,200,0.001513
1788018937.408493000,200,0.001866
1788018937.655452000,200,0.001862
1788018937.901502000,200,0.003087
1788018938.155263000,200,0.002104
1788018938.400418000,200,0.002139
1788018938.646301000,200,0.002592
1788018938.907536000,200,0.003138
1788018939.165599000,200,0.001653
1788018939.409556000,200,0.003891
1788018939.677696000,200,0.002633
1788018939.943399000,200,0.003487
1788018940.202763000,200,0.003123
1788018940.467235000,200,0.001501
1788018940.723645000,200,0.001729
1788018940.989687000,200,0.003573
1788018941.249110000,200,0.004820
1788018941.516276000,200,0.003778
1788018941.780617000,200,0.002443
1788018942.037211000,200,0.001981
1788018942.273576000,200,0.001941
1788018942.513164000,200,0.001900
1788018942.758266000,200,0.002198
1788018943.005661000,200,0.002663
1788018943.266654000,200,0.002660
1788018943.530140000,200,0.003441
1788018943.802178000,200,0.004251
1788018944.068308000,200,0.002459
1788018944.335889000,200,0.002745
1788018944.602876000,200,0.003848
1788018944.864670000,200,0.001716
1788018945.114982000,200,0.003698
1788018945.384874000,200,0.002459
1788018945.646982000,200,0.003006
1788018945.906273000,200,0.003883
1788018946.171978000,200,0.002409
1788018946.431415000,200,0.003269
1788018946.693589000,200,0.002545
1788018946.950188000,200,0.002428
1788018947.188986000,200,0.001731
1788018947.429678000,200,0.002975
1788018947.687897000,200,0.004223
1788018947.958985000,200,0.003513
1788018948.216075000,200,0.003057
1788018948.483266000,200,0.003550
1788018948.744775000,200,0.002243
1788018949.009164000,200,0.003605
1788018949.270328000,200,0.002530
1788018949.532768000,200,0.004010
1788018949.798234000,200,0.003430
1788018950.070873000,200,0.002930
1788018950.323187000,200,0.001405
1788018950.577944000,200,0.002914
1788018950.841104000,200,0.003050
1788018951.110804000,200,0.004131
1788018951.368071000,200,0.002064
1788018951.626517000,200,0.003403
1788018951.882846000,200,0.001925
1788018952.131291000,200,0.002415
1788018952.369328000,200,0.001727
1788018952.614960000,200,0.002612
1788018952.869487000,200,0.002781
1788018953.120412000,200,0.002460
1788018953.364917000,200,0.001903
1788018953.612595000,200,0.002174
1788018953.864869000,200,0.002577
1788018954.121427000,200,0.002964
1788018954.381173000,200,0.002036
1788018954.642945000,200,0.002395
1788018954.907705000,200,0.003290
1788018955.172581000,200,0.002438
1788018955.423304000,200,0.002410
1788018955.670367000,200,0.002632
1788018955.932042000,200,0.002612
1788018956.192392000,200,0.002916
1788018956.444484000,200,0.002830
1788018956.700150000,200,0.002172
1788018956.945263000,200,0.004549
1788018957.190937000,200,0.002731
1788018957.433705000,200,0.002172
1788018957.686649000,200,0.002174
1788018957.945880000,200,0.002759
1788018958.197605000,200,0.002308
1788018958.444577000,200,0.003987
1788018958.703419000,200,0.002171
1788018958.969396000,200,0.002404
1788018959.231723000,200,0.002868
1788018959.485492000,200,0.002786
1788018959.741921000,200,0.001848
1788018959.997194000,200,0.002051
1788018960.254997000,200,0.002397
1788018960.517140000,200,0.002103
1788018960.768371000,200,0.002356
1788018961.014436000,200,0.002266
1788018961.264666000,200,0.002110
1788018961.513219000,200,0.001929
1788018961.764885000,200,0.002931
1788018962.020916000,200,0.001681
1788018962.261184000,200,0.002982
1788018962.519147000,200,0.002099
1788018962.783587000,200,0.003282
1788018963.049172000,200,0.003748
1788018963.312394000,200,0.003205
1788018963.579745000,200,0.003983
1788018963.847091000,200,0.003853
1788018964.111624000,200,0.002093
1788018964.369896000,200,0.002210
1788018964.631869000,200,0.003395
1788018964.898800000,200,0.002911
1788018965.164396000,200,0.002656
1788018965.427581000,200,0.002906
1788018965.689904000,200,0.002511
1788018965.953845000,200,0.002479
1788018966.204840000,200,0.002537
1788018966.461738000,200,0.003319
1788018966.723570000,200,0.003604
1788018966.986311000,200,0.002487
1788018967.222916000,200,0.001837
1788018967.457015000,200,0.001932
1788018967.706124000,200,0.002534
1788018967.960196000,200,0.002430
1788018968.209155000,200,0.001941
1788018968.455973000,200,0.002012
1788018968.701232000,200,0.002356
1788018968.954951000,200,0.003028
1788018969.220028000,200,0.002863
1788018969.486125000,200,0.003313
1788018969.750117000,200,0.003353
1788018970.012909000,200,0.002781
1788018970.270779000,200,0.005070
1788018970.536982000,200,0.002048
1788018970.794557000,200,0.003109
1788018971.059378000,200,0.002819
1788018971.322834000,200,0.003330
1788018971.584607000,200,0.002411
1788018971.849888000,200,0.002202
1788018972.099478000,200,0.001334
1788018972.335116000,200,0.002065
1788018972.587954000,200,0.002160
1788018972.852330000,200,0.003347
1788018973.113338000,200,0.002219
1788018973.376839000,200,0.002901
1788018973.633669000,200,0.002432
1788018973.876084000,200,0.001250
1788018974.107308000,200,0.003211
1788018974.361640000,200,0.002206
1788018974.620356000,200,0.002762
1788018974.884939000,200,0.003074
1788018975.141243000,200,0.003455
1788018975.396000000,200,0.002603
1788018975.661707000,200,0.002314
1788018975.928116000,200,0.002576
1788018976.198105000,200,0.004120
1788018976.468563000,200,0.003466
1788018976.727892000,200,0.002582
1788018976.983522000,200,0.001613
1788018977.225853000,200,0.002539
1788018977.482116000,200,0.003142
1788018977.743544000,200,0.002471
1788018978.010154000,200,0.003160
1788018978.274367000,200,0.003352
1788018978.534552000,200,0.003517
1788018978.798871000,200,0.003034
1788018979.061734000,200,0.003378
1788018979.325617000,200,0.002641
1788018979.592215000,200,0.003466
1788018979.858077000,200,0.002808
1788018980.120577000,200,0.002392
1788018980.383544000,200,0.001249
1788018980.636201000,200,0.003193
1788018980.890993000,200,0.004140
1788018981.149928000,200,0.002576
1788018981.409623000,200,0.002485
1788018981.672571000,200,0.003794
1788018981.938413000,200,0.002393
1788018982.181202000,200,0.001382
1788018982.409671000,200,0.001341
1788018982.648259000,200,0.002446
1788018982.899834000,200,0.002411
1788018983.150498000,200,0.001932
1788018983.397718000,200,0.002398
1788018983.655753000,200,0.003755
1788018983.927142000,200,0.003020
1788018984.188856000,200,0.002573
1788018984.450595000,200,0.003327
1788018984.706689000,200,0.002734
1788018984.971364000,200,0.002835
1788018985.230784000,200,0.002412
1788018985.490045000,200,0.002185
1788018985.743794000,200,0.002271
1788018986.006991000,200,0.002948
1788018986.270268000,200,0.003716
1788018986.529962000,200,0.003286
1788018986.794531000,200,0.002777
1788018987.045852000,200,0.001675
1788018987.282197000,200,0.001968
1788018987.531336000,200,0.002284
1788018987.779809000,200,0.003063
1788018988.039051000,200,0.002997
1788018988.301731000,200,0.002856
1788018988.561449000,200,0.003930
1788018988.827042000,200,0.003571
1788018989.086890000,200,0.003231
1788018989.339582000,200,0.002260
1788018989.599243000,200,0.001591
1788018989.845890000,200,0.003127
1788018990.106232000,200,0.003027
1788018990.367307000,200,0.001237
1788018990.617957000,200,0.002614
1788018990.875556000,200,0.002887
1788018991.136262000,200,0.001929
1788018991.385446000,200,0.001948
1788018991.636634000,200,0.002441
1788018991.905167000,200,0.002316
1788018992.155183000,200,0.001794
1788018992.385737000,200,0.001612
1788018992.635816000,200,0.002478
1788018992.889090000,200,0.001715
1788018993.141699000,200,0.003133
1788018993.403812000,200,0.002347
1788018993.664459000,200,0.001741
1788018993.914141000,200,0.002073
1788018994.167545000,200,0.003021
1788018994.429720000,200,0.003434
1788018994.685702000,200,0.003243
1788018994.943930000,200,0.003521
1788018995.199332000,200,0.001960
1788018995.442881000,200,0.004498
1788018995.706208000,200,0.003167
1788018995.962113000,200,0.002241
1788018996.218469000,200,0.002756
1788018996.478424000,200,0.002910
1788018996.741924000,200,0.002295
1788018996.998126000,200,0.002656
1788018997.237680000,200,0.001346
1788018997.472540000,200,0.002054
1788018997.721543000,200,0.002221
1788018997.971462000,200,0.001819
1788018998.222263000,200,0.001896
1788018998.476028000,200,0.002663
1788018998.729841000,200,0.002343
1788018998.991699000,200,0.002063
1788018999.238414000,200,0.001956
1788018999.489013000,200,0.002592
1788018999.761935000,200,0.002865
1788019000.022357000,200,0.003288
1788019000.289428000,200,0.004163
1788019000.561932000,200,0.001938
1788019000.812112000,200,0.003118
1788019001.069965000,200,0.003277
1788019001.325453000,200,0.002541
1788019001.586345000,200,0.003061
1788019001.847513000,200,0.002491
1788019002.103017000,200,0.001946
1788019002.344479000,200,0.001901
1788019002.603443000,200,0.002922
1788019002.868343000,200,0.003015
1788019003.123947000,200,0.003632
1788019003.382115000,200,0.002241
1788019003.641537000,200,0.002832
1788019003.913582000,200,0.002624
1788019004.175445000,200,0.002503
1788019004.422647000,200,0.002189
1788019004.674540000,200,0.003032
1788019004.942020000,200,0.002476
1788019005.204795000,200,0.004196
1788019005.473001000,200,0.003664
1788019005.734969000,200,0.001910
1788019005.986914000,200,0.001974
1788019006.235491000,200,0.001930
1788019006.486699000,200,0.002008
1788019006.741390000,200,0.002865
1788019006.997884000,200,0.002301
1788019007.237166000,200,0.002326
1788019007.486232000,200,0.002977
1788019007.740248000,200,0.002067
1788019007.989460000,200,0.002307
1788019008.237278000,200,0.002546
1788019008.491053000,200,0.003166
1788019008.756026000,200,0.002601
1788019009.011553000,200,0.002858
1788019009.267953000,200,0.001525
1788019009.516116000,200,0.001870
1788019009.769552000,200,0.002185
1788019010.021744000,200,0.003123
1788019010.281214000,200,0.002790
1788019010.546189000,200,0.002139
1788019010.809581000,200,0.002841
1788019011.078092000,200,0.002144
1788019011.344160000,200,0.002789
1788019011.604843000,200,0.003245
1788019011.870068000,200,0.001999
1788019012.112139000,200,0.009066
1788019012.356282000,200,0.002117
1788019012.603612000,200,0.002635
1788019012.852780000,200,0.002207
1788019013.099969000,200,0.002211
1788019013.346118000,200,0.002607
1788019013.597028000,200,0.003024
1788019013.863918000,200,0.002852
1788019014.125922000,200,0.003503
1788019014.392502000,200,0.002495
1788019014.647282000,200,0.003821
1788019014.916133000,200,0.002988
1788019015.175329000,200,0.001618
1788019015.420468000,200,0.002652
1788019015.670166000,200,0.003175
1788019015.934867000,200,0.002898
1788019016.197083000,200,0.003362
1788019016.453162000,200,0.002310
1788019016.714411000,200,0.002675
1788019016.978778000,200,0.002639
1788019017.220543000,200,0.002079
1788019017.467162000,200,0.002891
1788019017.726425000,200,0.003993
1788019017.990147000,200,0.003759
1788019018.254443000,200,0.002596
1788019018.509885000,200,0.002935
1788019018.776603000,200,0.003578
1788019019.039357000,200,0.002688
1788019019.296515000,200,0.002382
1788019019.548219000,200,0.002573
1788019019.803658000,200,0.003358
1788019020.071058000,200,0.002477
1788019020.330332000,200,0.001414
1788019020.584744000,200,0.001843
1788019020.845575000,200,0.002529
1788019021.106594000,200,0.002582
1788019021.371702000,200,0.003055
1788019021.627206000,200,0.002019
1788019021.890376000,200,0.002853
1788019022.149463000,200,0.001729
1788019022.382845000,200,0.001930
1788019022.644190000,200,0.003052
1788019022.909910000,200,0.002578
1788019023.181025000,200,0.002589
1788019023.443863000,200,0.003728
1788019023.700125000,200,0.001886
1788019023.947753000,200,0.003267
1788019024.214005000,200,0.002675
1788019024.478138000,200,0.002505
1788019024.736432000,200,0.002672
1788019024.999811000,200,0.003300
1788019025.261544000,200,0.002704
1788019025.524203000,200,0.002856
1788019025.792286000,200,0.002871
1788019026.047350000,200,0.002990
1788019026.309329000,200,0.003471
1788019026.568841000,200,0.003019
1788019026.830531000,200,0.002712
1788019027.113264000,200,0.002100
1788019027.351621000,200,0.001806
1788019027.604585000,200,0.002301
1788019027.858667000,200,0.002378
1788019028.107463000,200,0.001954
1788019028.358746000,200,0.002019
1788019028.614085000,200,0.002407
1788019028.872518000,200,0.003120
1788019029.136550000,200,0.002998
1788019029.396290000,200,0.002480
1788019029.657312000,200,0.004614
1788019029.927659000,200,0.002758
1788019030.192528000,200,0.002378
1788019030.448233000,200,0.001665
1788019030.706683000,200,0.003328
1788019030.972523000,200,0.003246
1788019031.237397000,200,0.002023
1788019031.503786000,200,0.003002
1788019031.763035000,200,0.002480
1788019032.018625000,200,0.002201
1788019032.259357000,200,0.001437
1788019032.495110000,200,0.002278
1788019032.750807000,200,0.003192
1788019033.016093000,200,0.002352
1788019033.270570000,200,0.002408
1788019033.533296000,200,0.002754
1788019033.787803000,200,0.001907
1788019034.025584000,200,0.002263
1788019034.277580000,200,0.002300
1788019034.537029000,200,0.003103
1788019034.797279000,200,0.002557
1788019035.064474000,200,0.003142
1788019035.323671000,200,0.004243
1788019035.588042000,200,0.003763
1788019035.849696000,200,0.002375
1788019036.120520000,200,0.002842
1788019036.383842000,200,0.002200
1788019036.644651000,200,0.003087
1788019036.909160000,200,0.003095
1788019037.159717000,200,0.002678
1788019037.399218000,200,0.002447
1788019037.652645000,200,0.002863
1788019037.920788000,200,0.002174
1788019038.183227000,200,0.003684
1788019038.450992000,200,0.003031
1788019038.705754000,200,0.001603
1788019038.965279000,200,0.002915
1788019039.226990000,200,0.003586
1788019039.485738000,200,0.002904
1788019039.746770000,200,0.003159
1788019040.014880000,200,0.002553
1788019040.270593000,200,0.003762
1788019040.528385000,200,0.002118
1788019040.773876000,200,0.002409
1788019041.027455000,200,0.002728
1788019041.292786000,200,0.003064
1788019041.554536000,200,0.003386
1788019041.827541000,200,0.003869
1788019042.085388000,200,0.002014
1788019042.316039000,200,0.001923
1788019042.558023000,200,0.001582
1788019042.803101000,200,0.001857
1788019043.053665000,200,0.001890
1788019043.301844000,200,0.001847
1788019043.556673000,200,0.002582
1788019043.809544000,200,0.002361
1788019044.065114000,200,0.002031
1788019044.310377000,200,0.002088
1788019044.560720000,200,0.001796
1788019044.817992000,200,0.003716
1788019045.073775000,200,0.001642
1788019045.331747000,200,0.003679
1788019045.596372000,200,0.002776
1788019045.862305000,200,0.001753
1788019046.124587000,200,0.003181
1788019046.383208000,200,0.002510
1788019046.646129000,200,0.003333
1788019046.910774000,200,0.008389
1788019047.166616000,200,0.002538
1788019047.402818000,200,0.002476
1788019047.657832000,200,0.007477
1788019047.919943000,200,0.003085
1788019048.173677000,200,0.001870
1788019048.409972000,200,0.006954
1788019048.673238000,200,0.003024
1788019048.934643000,200,0.002733
1788019049.202622000,200,0.002457
1788019049.471657000,200,0.002357
1788019049.736213000,200,0.002896
1788019049.998791000,200,0.003002
1788019050.266610000,200,0.002366
1788019050.523481000,200,0.002448
1788019050.782938000,200,0.002534
1788019051.049153000,200,0.003777
1788019051.308962000,200,0.003220
1788019051.571606000,200,0.002217
1788019051.832814000,200,0.002949
1788019052.087344000,200,0.001820
1788019052.322738000,200,0.003129
1788019052.587918000,200,0.001635
1788019052.849336000,200,0.002818
1788019053.117347000,200,0.002839
1788019053.381973000,200,0.001574
1788019053.633189000,200,0.002942
1788019053.894139000,200,0.002565
1788019054.161057000,200,0.003636
1788019054.424406000,200,0.003798
1788019054.686976000,200,0.002453
1788019054.952790000,200,0.002730
1788019055.217260000,200,0.002854
1788019055.481886000,200,0.003171
1788019055.742173000,200,0.002350
1788019055.996140000,200,0.002699
1788019056.249330000,200,0.002007
1788019056.497578000,200,0.002098
1788019056.748916000,200,0.002928
1788019057.005631000,200,0.002536
1788019057.252799000,200,0.001335
1788019057.486579000,200,0.002764
1788019057.735170000,200,0.002605
1788019057.985979000,200,0.002335
1788019058.245085000,200,0.002712
1788019058.501341000,200,0.002328
1788019058.752535000,200,0.003183
1788019059.012597000,200,0.003736
1788019059.274029000,200,0.003001
1788019059.536454000,200,0.004160
1788019059.806282000,200,0.003223
1788019060.078619000,200,0.002658
1788019060.334531000,200,0.001726
1788019060.588498000,200,0.002420
1788019060.854454000,200,0.002791
1788019061.117541000,200,0.003271
1788019061.379158000,200,0.003025
1788019061.638813000,200,0.002370
1788019061.904391000,200,0.002429
1788019062.153111000,200,0.001752
1788019062.391669000,200,0.002168
1788019062.649122000,200,0.003002
1788019062.910353000,200,0.003211
1788019063.176043000,200,0.003139
1788019063.438878000,200,0.002275
1788019063.695172000,200,0.002615
1788019063.949739000,200,0.002613
1788019064.208533000,200,0.001907
1788019064.454302000,200,0.002585
1788019064.715657000,200,0.002925
1788019064.978937000,200,0.002552
1788019065.235567000,200,0.002463
1788019065.491568000,200,0.002416
1788019065.743140000,200,0.002590
1788019066.011679000,200,0.003844
1788019066.278683000,200,0.002319
1788019066.534136000,200,0.003342
1788019066.797156000,200,0.003763
1788019067.057262000,200,0.001529
1788019067.294542000,200,0.002427
1788019067.549556000,200,0.002421
1788019067.813309000,200,0.002871
1788019068.077621000,200,0.002638
1788019068.340289000,200,0.004259
1788019068.603106000,200,0.003199
1788019068.857036000,200,0.003032
1788019069.118128000,200,0.003318
1788019069.368043000,200,0.002068
1788019069.618676000,200,0.002357
1788019069.881506000,200,0.002770
1788019070.144018000,200,0.002749
1788019070.405101000,200,0.001655
1788019070.651252000,200,0.001832
1788019070.901126000,200,0.003304
1788019071.162537000,200,0.005942
1788019071.422195000,200,0.001552
1788019071.677283000,200,0.003121
1788019071.936603000,200,0.001842
1788019072.176395000,200,0.001605
1788019072.416595000,200,0.003527
1788019072.665598000,200,0.002168
1788019072.916774000,200,0.002827
1788019073.177156000,200,0.002410
1788019073.437362000,200,0.002908
1788019073.696741000,200,0.004677
1788019073.954990000,200,0.002389
1788019074.216746000,200,0.003301
1788019074.475801000,200,0.002363
1788019074.731214000,200,0.001810
1788019074.985362000,200,0.002874
1788019075.244351000,200,0.002455
1788019075.497362000,200,0.002921
1788019075.749527000,200,0.003070
1788019076.008789000,200,0.002915
1788019076.264162000,200,0.002550
1788019076.512770000,200,0.002748
1788019076.770576000,200,0.002492
1788019077.018387000,200,0.002096
1788019077.254429000,200,0.002086
1788019077.502197000,200,0.001917
1788019077.752009000,200,0.002714
1788019078.008309000,200,0.002925
1788019078.270229000,200,0.003497
1788019078.526630000,200,0.001842
1788019078.779265000,200,0.002648
1788019079.037499000,200,0.002166
1788019079.289313000,200,0.002184
1788019079.545950000,200,0.002525
1788019079.806534000,200,0.002718
1788019080.075389000,200,0.003335
1788019080.338333000,200,0.001143
1788019080.582440000,200,0.002194
1788019080.829750000,200,0.001871
1788019081.087587000,200,0.002547
1788019081.348519000,200,0.002323
1788019081.604035000,200,0.002819
1788019081.859552000,200,0.001861
1788019082.101065000,200,0.001592
1788019082.337109000,200,0.001947
1788019082.601477000,200,0.002576
1788019082.861477000,200,0.003264
1788019083.122201000,200,0.002662
1788019083.384785000,200,0.001883
1788019083.639744000,200,0.002528
1788019083.900159000,200,0.002549
1788019084.156590000,200,0.002900
1788019084.416882000,200,0.002890
1788019084.675447000,200,0.002812
1788019084.934368000,200,0.002780
1788019085.190176000,200,0.002885
1788019085.445858000,200,0.002909
1788019085.698317000,200,0.001957
1788019085.947378000,200,0.003102
1788019086.199524000,200,0.001889
1788019086.452694000,200,0.001923
1788019086.702647000,200,0.002315
1788019086.952269000,200,0.002626
1788019087.199601000,200,0.003033
1788019087.436997000,200,0.002023
1788019087.685027000,200,0.001950
1788019087.931520000,200,0.003559
1788019088.193925000,200,0.002785
1788019088.455829000,200,0.003334
1788019088.715439000,200,0.002381
1788019088.976495000,200,0.003133
1788019089.235221000,200,0.002787
1788019089.492260000,200,0.003146
1788019089.752385000,200,0.001499
1788019090.002341000,200,0.002784
1788019090.260449000,200,0.002475
1788019090.511103000,200,0.001773
1788019090.759078000,200,0.003068
1788019091.022220000,200,0.002737
1788019091.281034000,200,0.002221
1788019091.539287000,200,0.002881
1788019091.805013000,200,0.002572
1788019092.060765000,200,0.001572
1788019092.293260000,200,0.001754
1788019092.536416000,200,0.001481
1788019092.778084000,200,0.002116
1788019093.031004000,200,0.003004
1788019093.293456000,200,0.002589
1788019093.557369000,200,0.003697
1788019093.813573000,200,0.001760
1788019094.045341000,200,0.002266
1788019094.294806000,200,0.002782
1788019094.558666000,200,0.003060
1788019094.817750000,200,0.002727
1788019095.078207000,200,0.003349
1788019095.338274000,200,0.002389
1788019095.600800000,200,0.002593
1788019095.865000000,200,0.002560
1788019096.127337000,200,0.002670
1788019096.382627000,200,0.002035
1788019096.634766000,200,0.002483
1788019096.894930000,200,0.002850
1788019097.149409000,200,0.001599
1788019097.385223000,200,0.001802
1788019097.633816000,200,0.002370
1788019097.889711000,200,0.003361
1788019098.153140000,200,0.002727
1788019098.416400000,200,0.002382
1788019098.668742000,200,0.002371
1788019098.923271000,200,0.003243
1788019099.185394000,200,0.002543
1788019099.446226000,200,0.003849
1788019099.708115000,200,0.002355
1788019099.970164000,200,0.002484
1788019100.225362000,200,0.003235
1788019100.486503000,200,0.001903
1788019100.737647000,200,0.002491
1788019100.991151000,200,0.002459
1788019101.250128000,200,0.002710
1788019101.515887000,200,0.003041
1788019101.778726000,200,0.002713
1788019102.034370000,200,0.002255
1788019102.261851000,200,0.001685
1788019102.497738000,200,0.001223
1788019102.744074000,200,0.002896
1788019103.010126000,200,0.003122
1788019103.271970000,200,0.002675
1788019103.533520000,200,0.003092
1788019103.797861000,200,0.002535
1788019104.053675000,200,0.002462
1788019104.311644000,200,0.002441
1788019104.568493000,200,0.001883
1788019104.816062000,200,0.003796
1788019105.076040000,200,0.003719
1788019105.336305000,200,0.003118
1788019105.594467000,200,0.003251
1788019105.863038000,200,0.004230
1788019106.136291000,200,0.002378
1788019106.392068000,200,0.002704
1788019106.647423000,200,0.002889
1788019106.905686000,200,0.002603
1788019107.161089000,200,0.001907
1788019107.398362000,200,0.002105
1788019107.649573000,200,0.002453
1788019107.910566000,200,0.002390
1788019108.168542000,200,0.001431
1788019108.408244000,200,0.009592
1788019108.672392000,200,0.001883
1788019108.930661000,200,0.001963
1788019109.178544000,200,0.002917
1788019109.441828000,200,0.001707
1788019109.699064000,200,0.002948
1788019109.961285000,200,0.002554
1788019110.218402000,200,0.002833
1788019110.476718000,200,0.002631
1788019110.731723000,200,0.002881
1788019110.994898000,200,0.002664
1788019111.248003000,200,0.003079
1788019111.508005000,200,0.002903
1788019111.772377000,200,0.003666
1788019112.030830000,200,0.001827
1788019112.268269000,200,0.001479
1788019112.514397000,200,0.001359
1788019112.768047000,200,0.002735
1788019113.020620000,200,0.003531
1788019113.273648000,200,0.002328
1788019113.528650000,200,0.002465
1788019113.791424000,200,0.003774
1788019114.052986000,200,0.003554
1788019114.311044000,200,0.002462
1788019114.564640000,200,0.002292
1788019114.818190000,200,0.003306
1788019115.073251000,200,0.002369
1788019115.326341000,200,0.005076
1788019115.572800000,200,0.001556
1788019115.810190000,200,0.003112
1788019116.053160000,200,0.002437
1788019116.304110000,200,0.003071
1788019116.557105000,200,0.003132
1788019116.806258000,200,0.001936
1788019117.048683000,200,0.001545
1788019117.278442000,200,0.001865
1788019117.512295000,200,0.001867
1788019117.759488000,200,0.003317
1788019118.015984000,200,0.002619
1788019118.265594000,200,0.001915
1788019118.507617000,200,0.002313
1788019118.753407000,200,0.002294
1788019119.001837000,200,0.002737
1788019119.254371000,200,0.002259
1788019119.503188000,200,0.002310
1788019119.766031000,200,0.001583
1788019120.013849000,200,0.001604
1788019120.256844000,200,0.001593
1788019120.493194000,200,0.001648
1788019120.735090000,200,0.002306
1788019120.987376000,200,0.002114
1788019121.239150000,200,0.002046
1788019121.490117000,200,0.003095
1788019121.742315000,200,0.002781
1788019121.990465000,200,0.002489
1788019122.227990000,200,0.001725
1788019122.463685000,200,0.001505
1788019122.718820000,200,0.002257
1788019122.981451000,200,0.002399
1788019123.245887000,200,0.001831
1788019123.505151000,200,0.002442
1788019123.754120000,200,0.002730
1788019124.004436000,200,0.002012
1788019124.255663000,200,0.002725
1788019124.515704000,200,0.003051
1788019124.773554000,200,0.001582
1788019125.029441000,200,0.003221
1788019125.282292000,200,0.002453
1788019125.538591000,200,0.002825
1788019125.796122000,200,0.002364
1788019126.051785000,200,0.001963
1788019126.300455000,200,0.002285
1788019126.559693000,200,0.002802
1788019126.820987000,200,0.003350
1788019127.071802000,200,0.001800
1788019127.307293000,200,0.001931
1788019127.552460000,200,0.002703
1788019127.809098000,200,0.003582
1788019128.066556000,200,0.002286
1788019128.318145000,200,0.002573
1788019128.571458000,200,0.002272
1788019128.826872000,200,0.002985
1788019129.086055000,200,0.002541
1788019129.347396000,200,0.004406
1788019129.614022000,200,0.001908
1788019129.870929000,200,0.002878
1788019130.120891000,200,0.002510
1788019130.380028000,200,0.001642
1788019130.627073000,200,0.003175
1788019130.885625000,200,0.001915
1788019131.134967000,200,0.001942
1788019131.364031000,200,0.001976
1788019131.598703000,200,0.002579
1788019131.849122000,200,0.002861
1788019132.098609000,200,0.002078
1788019132.330393000,200,0.001629
1788019132.567925000,200,0.001797
1788019132.812452000,200,0.002642
1788019133.066938000,200,0.002851
1788019133.327381000,200,0.002774
1788019133.583151000,200,0.002772
1788019133.835075000,200,0.002957
1788019134.091041000,200,0.002554
1788019134.332724000,200,0.002225
1788019134.580545000,200,0.002351
1788019134.827866000,200,0.002869
1788019135.081265000,200,0.002278
1788019135.333068000,200,0.003108
1788019135.587204000,200,0.002300
1788019135.838098000,200,0.002641
1788019136.089650000,200,0.002795
1788019136.344372000,200,0.002470
1788019136.597587000,200,0.001550
1788019136.842807000,200,0.002721
1788019137.088371000,200,0.001580
1788019137.320338000,200,0.002664
1788019137.567097000,200,0.002049
1788019137.814165000,200,0.001893
1788019138.058369000,200,0.002490
1788019138.298117000,200,0.002039
1788019138.544182000,200,0.002243
1788019138.795727000,200,0.002097
1788019139.040604000,200,0.001686
1788019139.279044000,200,0.001792
1788019139.524937000,200,0.002396
1788019139.772585000,200,0.003131
1788019140.024318000,200,0.002572
1788019140.281182000,200,0.002498
1788019140.532378000,200,0.002120
1788019140.784439000,200,0.002543
1788019141.031267000,200,0.002819
1788019141.280707000,200,0.003255
1788019141.530249000,200,0.002944
1788019141.783123000,200,0.003360
1788019142.033358000,200,0.001619
1788019142.265084000,200,0.002009
1788019142.506674000,200,0.001489
1788019142.747573000,200,0.002239
1788019142.992622000,200,0.003003
1788019143.238054000,200,0.001690
1788019143.481600000,200,0.002050
1788019143.729984000,200,0.003005
1788019143.994392000,200,0.002723
1788019144.252640000,200,0.002440
1788019144.511484000,200,0.001552
1788019144.767883000,200,0.002840
1788019145.028142000,200,0.002271
1788019145.283613000,200,0.002745
1788019145.542382000,200,0.002508
1788019145.802657000,200,0.002897
1788019146.066397000,200,0.002350
1788019146.326445000,200,0.002887
1788019146.582995000,200,0.002410
1788019146.841900000,200,0.003025
1788019147.087284000,200,0.001588
1788019147.318210000,200,0.001748
1788019147.568518000,200,0.003010
1788019147.831214000,200,0.002606
1788019148.092714000,200,0.002285
1788019148.354282000,200,0.002945
1788019148.612701000,200,0.002031
1788019148.867800000,200,0.001848
1788019149.113687000,200,0.002875
1788019149.362098000,200,0.002009
1788019149.607515000,200,0.002773
1788019149.868932000,200,0.002580
1788019150.122733000,200,0.003283
1788019150.375800000,200,0.001299
1788019150.628784000,200,0.003175
1788019150.887610000,200,0.002480
1788019151.148227000,200,0.001889
1788019151.401181000,200,0.001916
1788019151.661565000,200,0.002954
1788019151.926447000,200,0.002782
1788019152.175525000,200,0.001930
1788019152.410456000,200,0.001743
1788019152.661941000,200,0.005832
1788019152.925806000,200,0.002058
1788019153.180425000,200,0.002364
1788019153.436053000,200,0.002479
1788019153.685270000,200,0.001842
1788019153.918437000,200,0.002547
1788019154.151798000,200,0.004189
1788019154.394228000,200,0.002709
1788019154.642386000,200,0.002908
1788019154.897058000,200,0.002961
1788019155.159534000,200,0.002816
1788019155.408957000,200,0.001681
1788019155.644793000,200,0.003087
1788019155.897202000,200,0.002691
1788019156.154030000,200,0.002060
1788019156.401705000,200,0.002469
1788019156.658434000,200,0.002228
1788019156.915910000,200,0.003477
1788019157.169124000,200,0.001630
1788019157.406756000,200,0.001896
1788019157.662785000,200,0.002345
1788019157.911246000,200,0.001871
1788019158.167688000,200,0.002021
1788019158.416075000,200,0.008743
1788019158.671480000,200,0.001964
1788019158.920075000,200,0.002760
1788019159.171251000,200,0.002400
1788019159.424558000,200,0.002006
1788019159.667997000,200,0.003108
1788019159.916574000,200,0.002971
1788019160.170395000,200,0.002135
1788019160.419280000,200,0.001634
1788019160.668380000,200,0.002852
1788019160.923057000,200,0.002455
1788019161.177002000,200,0.002225
1788019161.426860000,200,0.002073
1788019161.676958000,200,0.002639
1788019161.928798000,200,0.002386
1788019162.175224000,200,0.002118
1788019162.410823000,200,0.001052
1788019162.653657000,200,0.002041
1788019162.905130000,200,0.002662
1788019163.155015000,200,0.002803
1788019163.396076000,200,0.002210
1788019163.642969000,200,0.002655
1788019163.893956000,200,0.003113
1788019164.146462000,200,0.003173
1788019164.396669000,200,0.002306
1788019164.646796000,200,0.003474
1788019164.899782000,200,0.002618
1788019165.151478000,200,0.002544
1788019165.403572000,200,0.002048
1788019165.640502000,200,0.002763
1788019165.888057000,200,0.002713
1788019166.136492000,200,0.002299
1788019166.385675000,200,0.002022
1788019166.633190000,200,0.003026
1788019166.890936000,200,0.002127
1788019167.138654000,200,0.001404
1788019167.371748000,200,0.002191
1788019167.622426000,200,0.002728
1788019167.881746000,200,0.002556
1788019168.130274000,200,0.001772
1788019168.366497000,200,0.001747
1788019168.612732000,200,0.001571
1788019168.843712000,200,0.002912
1788019169.081099000,200,0.001627
1788019169.320510000,200,0.001872
1788019169.565723000,200,0.001791
1788019169.814237000,200,0.002602
1788019170.064186000,200,0.002304
1788019170.319166000,200,0.001638
1788019170.566626000,200,0.001905
1788019170.814859000,200,0.002417
1788019171.063720000,200,0.002278
1788019171.305835000,200,0.002610
1788019171.553941000,200,0.003125
1788019171.802549000,200,0.003336
1788019172.047245000,200,0.001714
1788019172.278082000,200,0.003278
1788019172.531644000,200,0.003714
1788019172.786872000,200,0.001747
1788019173.030495000,200,0.003462
1788019173.286144000,200,0.002014
1788019173.531386000,200,0.001618
1788019173.774588000,200,0.002610
1788019174.021104000,200,0.002289
1788019174.273692000,200,0.002476
1788019174.526689000,200,0.003690
1788019174.779325000,200,0.001921
1788019175.027762000,200,0.003354
1788019175.277958000,200,0.002878
1788019175.533869000,200,0.002117
1788019175.790867000,200,0.002807
1788019176.049355000,200,0.002966
1788019176.294580000,200,0.001692
1788019176.537288000,200,0.002054
1788019176.772621000,200,0.002302
1788019177.020548000,200,0.001024
1788019177.254221000,200,0.000610
1788019177.483084000,200,0.000624
1788019177.720941000,200,0.000607
1788019177.956499000,200,0.000521
1788019178.191002000,200,0.000730
1788019178.423092000,200,0.000580
1788019178.654138000,200,0.000645
1788019178.886483000,200,0.000623
1788019179.120149000,200,0.000686
1788019179.352977000,200,0.000574
1788019179.586162000,200,0.000643
1788019179.819359000,200,0.000730
1788019180.056663000,200,0.000636
1788019180.293440000,200,0.000894
1788019180.532904000,200,0.000823
1788019180.766334000,200,0.000615
1788019180.994295000,200,0.001097
1788019181.232679000,200,0.000759
1788019181.465862000,200,0.000593
1788019181.700945000,200,0.000906
1788019181.935721000,200,0.000525
1788019182.168267000,200,0.000726
1788019182.393578000,200,0.000967
1788019182.627910000,200,0.000795
1788019182.861197000,200,0.000699
1788019183.097659000,200,0.000580
1788019183.329052000,200,0.000692
1788019183.561859000,200,0.001122
1788019183.803929000,200,0.000639
1788019184.032135000,200,0.000654
1788019184.261693000,200,0.000641
1788019184.492242000,200,0.000980
1788019184.725843000,200,0.000553
1788019184.960995000,200,0.000611
1788019185.191751000,200,0.000776
1788019185.424305000,200,0.000731
1788019185.659529000,200,0.000720
1788019185.893886000,200,0.000744
1788019186.129144000,200,0.000595
1788019186.361881000,200,0.001238
1788019186.597978000,200,0.000586
1788019186.831120000,200,0.001186
1788019187.064536000,200,0.000655
1788019187.290810000,200,0.000622
1788019187.518904000,200,0.000830
1788019187.751427000,200,0.000631
1788019187.985017000,200,0.000944
1788019188.218348000,200,0.000631
1788019188.453520000,200,0.000595
1788019188.684862000,200,0.000681
1788019188.920590000,200,0.000582
1788019189.149258000,200,0.000708
1788019189.380283000,200,0.000658
1788019189.617465000,200,0.000656
1788019189.849536000,200,0.000903
1788019190.084645000,200,0.000666
1788019190.318916000,200,0.001093
1788019190.553798000,200,0.000676
1788019190.787200000,200,0.000758
1788019191.020899000,200,0.000722
1788019191.253272000,200,0.000625
1788019191.486430000,200,0.000523
1788019191.719194000,200,0.000708
1788019191.952098000,200,0.000653
1788019192.180200000,200,0.000605
1788019192.405919000,200,0.000693
1788019192.637070000,200,0.000908
1788019192.867875000,200,0.000711
1788019193.096051000,200,0.000581
1788019193.321162000,200,0.000724
1788019193.552946000,200,0.000751
1788019193.785368000,200,0.000678
1788019194.016368000,200,0.000770
1788019194.248464000,200,0.000842
1788019194.484088000,200,0.000631
1788019194.713343000,200,0.000556
1788019194.948698000,200,0.000750
1788019195.178928000,200,0.000848
1788019195.409438000,200,0.000582
1788019195.636791000,200,0.000619
1788019195.873354000,200,0.000592
1788019196.106331000,200,0.000823
1788019196.339465000,200,0.000532
1788019196.570989000,200,0.000661
1788019196.801712000,200,0.000595
1788019197.035836000,200,0.000729
1788019197.267299000,200,0.000617
1788019197.494940000,200,0.000649
1788019197.731470000,200,0.000580
1788019197.962555000,200,0.000577
1788019198.197045000,200,0.000539
1788019198.424478000,200,0.000719
1788019198.660527000,200,0.000705
1788019198.894430000,200,0.000651
1788019199.130391000,200,0.000556
1788019199.367406000,200,0.000828
1788019199.603871000,200,0.000674
1788019199.837913000,200,0.000923
1788019200.077453000,200,0.002648
1788019200.326720000,200,0.001317
1788019200.566340000,200,0.002205
1788019200.820393000,200,0.002590
1788019201.074010000,200,0.002867
1788019201.331177000,200,0.001825
1788019201.581123000,200,0.002471
1788019201.839852000,200,0.001873
1788019202.095181000,200,0.001711
1788019202.326680000,200,0.002313
1788019202.567772000,200,0.002155
1788019202.819635000,200,0.003080
1788019203.078695000,200,0.003844
1788019203.329601000,200,0.001877
1788019203.565181000,200,0.003126
1788019203.822406000,200,0.003660
1788019204.086711000,200,0.002469
1788019204.348727000,200,0.003653
1788019204.607923000,200,0.002797
1788019204.866246000,200,0.002372
1788019205.121997000,200,0.003926
1788019205.386443000,200,0.002451
1788019205.644385000,200,0.002774
1788019205.899801000,200,0.003704
1788019206.165317000,200,0.003557
1788019206.434972000,200,0.004071
1788019206.698800000,200,0.003135
1788019206.964256000,200,0.002379
1788019207.204838000,200,0.001714
1788019207.440174000,200,0.002471
1788019207.698328000,200,0.002439
1788019207.960032000,200,0.002706
1788019208.216636000,200,0.002693
1788019208.481411000,200,0.003561
1788019208.740630000,200,0.002211
1788019209.001881000,200,0.004013
1788019209.261779000,200,0.001498
1788019209.517828000,200,0.001592
1788019209.768313000,200,0.002226
1788019210.025344000,200,0.002632
1788019210.281811000,200,0.002695
1788019210.539562000,200,0.002236
1788019210.792051000,200,0.002677
1788019211.044379000,200,0.002940
1788019211.307323000,200,0.003556
1788019211.583947000,200,0.002627
1788019211.852995000,200,0.002953
1788019212.107765000,200,0.001692
1788019212.344935000,200,0.003533
1788019212.602360000,200,0.001652
1788019212.849648000,200,0.001881
1788019213.103037000,200,0.002993
1788019213.367860000,200,0.002099
1788019213.628863000,200,0.002601
1788019213.874051000,200,0.001596
1788019214.105745000,200,0.002979
1788019214.360635000,200,0.002432
1788019214.623619000,200,0.002988
1788019214.884508000,200,0.002031
1788019215.137442000,200,0.002720
1788019215.392204000,200,0.003742
1788019215.651536000,200,0.003044
1788019215.915732000,200,0.004380
1788019216.175724000,200,0.003344
1788019216.430460000,200,0.001510
1788019216.679334000,200,0.003930
1788019216.927989000,200,0.002017
1788019217.171727000,200,0.009612
1788019217.416454000,200,0.001878
1788019217.667249000,200,0.003805
1788019217.934470000,200,0.002795
1788019218.200009000,200,0.001996
1788019218.459444000,200,0.002984
1788019218.715796000,200,0.002494
1788019218.973366000,200,0.003615
1788019219.230830000,200,0.002430
1788019219.481527000,200,0.003153
1788019219.742366000,200,0.002784
1788019220.005243000,200,0.003088
1788019220.265448000,200,0.003744
1788019220.527642000,200,0.002521
1788019220.785291000,200,0.003997
1788019221.050369000,200,0.002242
1788019221.304394000,200,0.002248
1788019221.561913000,200,0.003218
1788019221.830581000,200,0.003149
1788019222.093890000,200,0.002128
1788019222.327736000,200,0.002275
1788019222.571291000,200,0.001808
1788019222.822174000,200,0.003184
1788019223.083942000,200,0.003263
1788019223.343599000,200,0.002331
1788019223.604943000,200,0.002652
1788019223.855222000,200,0.002375
1788019224.109015000,200,0.003185
1788019224.369031000,200,0.002453
1788019224.628255000,200,0.002624
1788019224.886330000,200,0.008264
1788019225.151989000,200,0.003190
1788019225.411853000,200,0.004617
1788019225.666487000,200,0.002978
1788019225.929958000,200,0.003075
1788019226.188117000,200,0.002772
1788019226.444225000,200,0.003923
1788019226.707455000,200,0.003248
1788019226.962270000,200,0.001887
1788019227.204214000,200,0.002090
1788019227.445209000,200,0.002207
1788019227.703477000,200,0.002620
1788019227.959966000,200,0.002809
1788019228.213098000,200,0.002921
1788019228.453892000,200,0.003169
1788019228.712676000,200,0.003289
1788019228.970708000,200,0.002630
1788019229.222309000,200,0.001317
1788019229.468449000,200,0.001898
1788019229.712649000,200,0.001294
1788019229.953068000,200,0.001709
1788019230.201086000,200,0.002334
1788019230.450130000,200,0.002034
1788019230.703046000,200,0.002919
1788019230.962407000,200,0.003247
1788019231.217527000,200,0.002382
1788019231.472556000,200,0.002449
1788019231.723009000,200,0.002915
1788019231.985524000,200,0.002488
1788019232.227076000,200,0.001674
1788019232.464579000,200,0.001254
1788019232.717425000,200,0.001849
1788019232.967426000,200,0.003140
1788019233.227832000,200,0.002679
1788019233.487007000,200,0.002926
1788019233.749661000,200,0.002697
1788019234.011018000,200,0.002205
1788019234.259804000,200,0.002821
1788019234.517497000,200,0.002488
1788019234.782109000,200,0.003255
1788019235.049307000,200,0.003219
1788019235.306001000,200,0.002672
1788019235.566535000,200,0.003424
1788019235.835915000,200,0.003132
1788019236.099361000,200,0.002318
1788019236.354926000,200,0.003551
1788019236.619174000,200,0.001905
1788019236.873907000,200,0.002850
1788019237.123765000,200,0.001809
1788019237.352634000,200,0.001913
1788019237.606175000,200,0.003272
1788019237.868397000,200,0.002681
1788019238.132495000,200,0.004305
1788019238.388950000,200,0.002125
1788019238.643372000,200,0.003070
1788019238.912041000,200,0.002796
1788019239.172015000,200,0.002448
1788019239.435496000,200,0.003082
1788019239.702552000,200,0.002908
1788019239.959075000,200,0.001920
1788019240.207238000,200,0.002501
1788019240.467933000,200,0.001706
1788019240.719810000,200,0.003094
1788019240.984861000,200,0.002690
1788019241.241636000,200,0.002577
1788019241.500664000,200,0.002830
1788019241.762832000,200,0.001918
1788019242.018496000,200,0.002089
1788019242.259938000,200,0.001996
1788019242.497864000,200,0.001754
1788019242.747502000,200,0.002311
1788019243.008597000,200,0.003093
1788019243.263830000,200,0.002266
1788019243.518117000,200,0.002760
1788019243.776467000,200,0.003240
1788019244.038848000,200,0.003418
1788019244.300642000,200,0.003228
1788019244.559608000,200,0.002314
1788019244.819482000,200,0.003042
1788019245.078283000,200,0.002656
1788019245.334914000,200,0.002912
1788019245.594279000,200,0.002187
1788019245.851754000,200,0.003670
1788019246.137083000,200,0.002596
1788019246.382121000,200,0.001856
1788019246.632268000,200,0.003350
1788019246.883758000,200,0.002463
1788019247.135742000,200,0.002827
1788019247.371490000,200,0.002049
1788019247.620175000,200,0.001481
1788019247.867095000,200,0.001873
1788019248.113577000,200,0.001490
1788019248.351582000,200,0.002203
1788019248.592857000,200,0.002064
1788019248.840489000,200,0.001405
1788019249.084661000,200,0.002040
1788019249.332218000,200,0.001946
1788019249.582283000,200,0.001964
1788019249.832151000,200,0.002520
1788019250.082642000,200,0.001834
1788019250.329250000,200,0.001215
1788019250.572162000,200,0.002141
1788019250.821862000,200,0.002159
1788019251.068199000,200,0.001780
1788019251.310849000,200,0.001846
1788019251.553590000,200,0.002328
1788019251.800197000,200,0.001937
1788019252.045192000,200,0.001745
1788019252.274922000,200,0.003247
1788019252.524425000,200,0.001484
1788019252.775883000,200,0.002563
1788019253.030998000,200,0.001977
1788019253.279062000,200,0.002458
1788019253.532275000,200,0.001982
1788019253.783104000,200,0.002806
1788019254.039230000,200,0.002354
1788019254.293307000,200,0.003535
1788019254.546375000,200,0.002550
1788019254.792242000,200,0.001885
1788019255.038543000,200,0.001757
1788019255.281400000,200,0.001561
1788019255.524200000,200,0.002294
1788019255.774129000,200,0.001879
1788019256.021538000,200,0.002438
1788019256.268685000,200,0.003031
1788019256.516407000,200,0.001875
1788019256.759274000,200,0.001900
1788019256.999620000,200,0.001348
1788019257.230552000,200,0.001887
1788019257.469599000,200,0.002062
1788019257.713568000,200,0.001811
1788019257.961791000,200,0.002770
1788019258.212814000,200,0.002093
1788019258.449873000,200,0.002425
1788019258.705567000,200,0.002221
1788019258.955803000,200,0.001674
1788019259.206261000,200,0.002522
1788019259.456491000,200,0.002401
1788019259.710554000,200,0.002004
1788019259.959567000,200,0.001911
1788019260.213989000,200,0.003165
1788019260.461039000,200,0.001798
1788019260.706164000,200,0.002846
1788019260.955032000,200,0.002527
1788019261.199906000,200,0.002928
1788019261.450477000,200,0.002261
1788019261.692406000,200,0.001629
1788019261.934042000,200,0.002460
1788019262.175657000,200,0.007412
1788019262.411179000,200,0.001679
1788019262.655694000,200,0.001692
1788019262.903069000,200,0.003339
1788019263.157968000,200,0.003091
1788019263.414653000,200,0.003120
1788019263.672432000,200,0.002749
1788019263.925753000,200,0.002846
1788019264.177557000,200,0.002221
1788019264.433496000,200,0.002842
1788019264.689726000,200,0.002614
1788019264.938889000,200,0.002577
1788019265.192164000,200,0.002422
1788019265.447699000,200,0.001961
1788019265.699509000,200,0.001527
1788019265.942257000,200,0.002876
1788019266.193024000,200,0.002295
1788019266.445172000,200,0.001622
1788019266.685234000,200,0.002635
1788019266.929315000,200,0.001732
1788019267.159081000,200,0.001569
1788019267.387375000,200,0.001399
1788019267.616495000,200,0.001393
1788019267.856996000,200,0.002229
1788019268.106904000,200,0.002707
1788019268.358213000,200,0.002752
1788019268.614553000,200,0.003282
1788019268.874387000,200,0.002718
1788019269.132081000,200,0.003595
1788019269.392835000,200,0.002438
1788019269.648402000,200,0.002678
1788019269.906314000,200,0.002658
1788019270.157672000,200,0.001906
1788019270.402870000,200,0.001421
1788019270.648339000,200,0.003115
1788019270.902059000,200,0.002391
1788019271.146105000,200,0.002138
1788019271.390792000,200,0.001791
1788019271.632521000,200,0.001819
1788019271.878404000,200,0.002101
1788019272.121378000,200,0.001803
1788019272.354012000,200,0.001502
1788019272.599330000,200,0.002210
1788019272.854095000,200,0.003233
1788019273.110215000,200,0.003596
1788019273.365644000,200,0.002199
1788019273.617088000,200,0.002529
1788019273.861399000,200,0.001767
1788019274.091657000,200,0.001975
1788019274.335070000,200,0.001813
1788019274.580009000,200,0.002179
1788019274.829115000,200,0.001942
1788019275.077690000,200,0.002701
1788019275.321553000,200,0.001747
1788019275.567499000,200,0.002139
1788019275.815254000,200,0.001883
1788019276.063786000,200,0.002503
1788019276.312499000,200,0.002269
1788019276.558079000,200,0.001692
1788019276.801638000,200,0.003253
1788019277.049487000,200,0.001438
1788019277.285686000,200,0.002077
1788019277.533761000,200,0.002815
1788019277.788387000,200,0.002868
1788019278.038200000,200,0.002329
1788019278.289356000,200,0.003259
1788019278.538896000,200,0.002487
1788019278.791236000,200,0.002025
1788019279.038893000,200,0.001897
1788019279.287783000,200,0.001778
1788019279.537204000,200,0.002012
1788019279.786474000,200,0.001685
1788019280.034921000,200,0.002436
1788019280.282793000,200,0.001825
1788019280.528860000,200,0.002608
1788019280.772690000,200,0.001865
1788019281.015700000,200,0.002519
1788019281.278212000,200,0.002330
1788019281.526465000,200,0.002049
1788019281.767515000,200,0.001798
1788019282.004904000,200,0.001573
1788019282.237735000,200,0.001712
1788019282.478957000,200,0.001507
1788019282.726638000,200,0.002346
1788019282.973482000,200,0.002357
1788019283.222538000,200,0.003355
1788019283.476680000,200,0.002269
1788019283.731530000,200,0.003127
1788019283.980505000,200,0.001924
1788019284.227526000,200,0.002539
1788019284.476956000,200,0.001938
1788019284.726170000,200,0.002317
1788019284.974938000,200,0.001964
1788019285.220644000,200,0.002358
1788019285.465806000,200,0.001887
1788019285.712118000,200,0.001946
1788019285.965355000,200,0.001935
1788019286.216246000,200,0.001880
1788019286.463544000,200,0.003002
1788019286.721003000,200,0.001849
1788019286.969150000,200,0.002361
1788019287.210676000,200,0.001304
1788019287.445592000,200,0.002377
1788019287.694529000,200,0.002512
1788019287.944408000,200,0.001947
1788019288.189932000,200,0.001642
1788019288.424978000,200,0.002004
1788019288.675731000,200,0.002298
1788019288.921344000,200,0.002700
1788019289.169232000,200,0.003381
1788019289.416000000,200,0.001781
1788019289.663603000,200,0.001997
1788019289.911842000,200,0.001959
1788019290.160019000,200,0.001999
1788019290.404011000,200,0.001255
1788019290.643217000,200,0.002335
1788019290.893822000,200,0.001767
1788019291.141257000,200,0.002117
1788019291.387541000,200,0.001248
1788019291.633495000,200,0.002383
1788019291.881502000,200,0.002841
1788019292.128992000,200,0.002305
1788019292.359144000,200,0.004938
1788019292.613598000,200,0.001264
1788019292.860706000,200,0.002836
1788019293.119602000,200,0.002546
1788019293.370681000,200,0.002312
1788019293.623634000,200,0.002037
1788019293.871948000,200,0.002571
1788019294.121926000,200,0.003439
1788019294.380578000,200,0.002638
1788019294.638447000,200,0.002785
1788019294.893223000,200,0.002857
1788019295.149488000,200,0.002566
1788019295.403872000,200,0.002167
1788019295.652194000,200,0.001478
1788019295.894463000,200,0.003135
1788019296.148108000,200,0.002894
1788019296.398056000,200,0.002416
1788019296.648120000,200,0.002427
1788019296.903921000,200,0.003664
1788019297.154873000,200,0.001968
1788019297.393131000,200,0.002341
1788019297.640766000,200,0.002402
1788019297.886105000,200,0.002011
1788019298.131609000,200,0.003480
1788019298.385377000,200,0.002104
1788019298.640027000,200,0.002250
1788019298.898229000,200,0.004451
1788019299.154414000,200,0.002273
1788019299.400935000,200,0.002773
1788019299.656815000,200,0.002433
1788019299.906544000,200,0.003269
1788019300.157947000,200,0.002128
1788019300.402059000,200,0.001493
1788019300.648437000,200,0.003047
1788019300.900566000,200,0.002644
1788019301.155134000,200,0.002702
1788019301.405908000,200,0.002020
1788019301.653698000,200,0.002367
1788019301.905297000,200,0.001750
1788019302.147991000,200,0.001564
1788019302.383844000,200,0.001751
1788019302.626758000,200,0.002348
1788019302.879828000,200,0.002302
1788019303.126296000,200,0.002269
1788019303.372550000,200,0.001880
1788019303.621439000,200,0.001982
1788019303.869655000,200,0.001712
1788019304.112907000,200,0.001710
1788019304.358599000,200,0.002550
1788019304.602098000,200,0.002507
1788019304.856466000,200,0.003579
1788019305.112344000,200,0.002426
1788019305.367002000,200,0.002127
1788019305.621342000,200,0.002904
1788019305.871844000,200,0.002000
1788019306.119496000,200,0.002275
1788019306.364294000,200,0.001741
1788019306.609922000,200,0.002159
1788019306.864912000,200,0.002492
1788019307.117278000,200,0.001847
1788019307.351687000,200,0.003161
1788019307.606409000,200,0.003231
1788019307.855099000,200,0.002521
1788019308.102473000,200,0.002038
1788019308.350395000,200,0.003860
1788019308.599038000,200,0.002321
1788019308.842147000,200,0.002115
1788019309.087955000,200,0.001743
1788019309.321640000,200,0.001192
1788019309.559588000,200,0.002225
1788019309.808533000,200,0.002589
1788019310.055305000,200,0.002717
1788019310.307224000,200,0.002930
1788019310.556776000,200,0.001772
1788019310.800719000,200,0.001945
1788019311.054439000,200,0.003201
1788019311.316849000,200,0.002006
1788019311.553459000,200,0.002393
1788019311.794994000,200,0.002853
1788019312.044969000,200,0.001332
1788019312.279644000,200,0.002908
1788019312.525116000,200,0.002234
1788019312.781256000,200,0.002809
1788019313.031398000,200,0.002441
1788019313.289963000,200,0.002556
1788019313.546680000,200,0.002226
1788019313.787985000,200,0.001556
1788019314.021459000,200,0.001927
1788019314.267360000,200,0.001693
1788019314.515009000,200,0.002262
1788019314.762760000,200,0.002180
1788019315.009369000,200,0.002678
1788019315.263837000,200,0.002549
1788019315.511985000,200,0.002988
1788019315.757808000,200,0.002874
1788019316.010086000,200,0.003335
1788019316.265665000,200,0.002509
1788019316.517630000,200,0.001434
1788019316.764527000,200,0.003055
1788019317.011569000,200,0.001605
1788019317.247488000,200,0.001841
1788019317.490522000,200,0.002416
1788019317.740057000,200,0.002817
1788019317.996117000,200,0.003208
1788019318.244215000,200,0.001764
1788019318.489109000,200,0.002789
1788019318.742733000,200,0.002447
1788019318.997389000,200,0.001924
1788019319.248680000,200,0.002366
1788019319.499673000,200,0.002505
1788019319.753930000,200,0.003198
1788019320.012748000,200,0.003708
1788019320.269815000,200,0.002304
1788019320.520577000,200,0.002329
1788019320.769510000,200,0.003246
1788019321.023992000,200,0.003368
1788019321.272618000,200,0.002455
1788019321.520040000,200,0.001653
1788019321.764277000,200,0.003107
1788019322.015457000,200,0.001809
1788019322.250200000,200,0.001559
1788019322.488000000,200,0.001252
1788019322.726782000,200,0.001598
1788019322.976928000,200,0.002944
1788019323.222753000,200,0.001822
1788019323.469183000,200,0.002531
1788019323.721182000,200,0.002375
1788019323.970255000,200,0.002229
1788019324.224489000,200,0.002809
1788019324.475828000,200,0.002420
1788019324.731362000,200,0.002925
1788019324.987851000,200,0.002308
1788019325.239125000,200,0.002301
1788019325.494748000,200,0.002539
1788019325.746859000,200,0.003031
1788019326.013918000,200,0.002720
1788019326.271735000,200,0.002469
1788019326.524396000,200,0.002312
1788019326.773168000,200,0.002850
1788019327.020921000,200,0.001526
1788019327.254854000,200,0.001621
1788019327.491255000,200,0.001561
1788019327.739235000,200,0.002176
1788019327.993219000,200,0.002480
1788019328.239579000,200,0.003047
1788019328.480102000,200,0.002455
1788019328.726027000,200,0.001895
1788019328.956877000,200,0.003199
1788019329.208524000,200,0.002663
1788019329.460760000,200,0.002345
1788019329.711438000,200,0.002928
1788019329.965963000,200,0.003132
1788019330.219075000,200,0.002661
1788019330.470886000,200,0.001791
1788019330.723221000,200,0.002137
1788019330.976360000,200,0.003725
1788019331.234514000,200,0.002592
1788019331.485188000,200,0.001535
1788019331.737440000,200,0.002427
1788019331.987771000,200,0.001922
1788019332.226956000,200,0.001780
1788019332.466637000,200,0.002120
1788019332.714611000,200,0.002453
1788019332.965113000,200,0.002102
1788019333.212763000,200,0.001923
1788019333.465903000,200,0.002217
1788019333.709092000,200,0.001688
1788019333.935636000,200,0.001875
1788019334.168249000,200,0.002751
1788019334.416293000,200,0.003166
1788019334.674197000,200,0.002539
1788019334.922730000,200,0.002819
1788019335.174035000,200,0.002550
1788019335.428829000,200,0.003159
1788019335.683876000,200,0.002421
1788019335.931125000,200,0.002049
1788019336.174689000,200,0.001859
1788019336.414817000,200,0.002753
1788019336.670036000,200,0.003730
1788019336.927959000,200,0.003485
1788019337.174167000,200,0.003739
1788019337.410821000,200,0.002534
1788019337.661513000,200,0.002320
1788019337.918607000,200,0.001886
1788019338.170756000,200,0.001737
1788019338.414415000,200,0.002777
1788019338.659076000,200,0.002074
1788019338.907932000,200,0.002399
1788019339.162119000,200,0.002363
1788019339.413881000,200,0.002871
1788019339.663749000,200,0.001920
1788019339.915859000,200,0.002747
1788019340.170276000,200,0.001705
1788019340.410708000,200,0.001195
1788019340.655578000,200,0.002709
1788019340.907284000,200,0.004772
1788019341.170153000,200,0.002633
1788019341.422179000,200,0.003108
1788019341.679362000,200,0.002272
1788019341.933674000,200,0.002673
1788019342.181991000,200,0.002271
1788019342.417752000,200,0.002374
1788019342.666348000,200,0.001981
1788019342.914045000,200,0.003691
1788019343.168717000,200,0.002728
1788019343.421028000,200,0.003254
1788019343.672890000,200,0.002899
1788019343.926996000,200,0.003158
1788019344.186464000,200,0.003123
1788019344.438001000,200,0.001999
1788019344.678013000,200,0.002024
1788019344.927521000,200,0.003238
1788019345.178730000,200,0.002287
1788019345.428097000,200,0.002136
1788019345.666987000,200,0.002006
1788019345.912342000,200,0.002670
1788019346.160194000,200,0.004501
1788019346.413566000,200,0.003216
1788019346.668714000,200,0.002384
1788019346.925372000,200,0.002603
1788019347.175339000,200,0.003472
1788019347.410421000,200,0.001679
1788019347.646266000,200,0.002382
1788019347.886436000,200,0.001611
1788019348.113724000,200,0.001858
1788019348.340380000,200,0.001490
1788019348.567942000,200,0.001256
1788019348.796508000,200,0.001605
1788019349.037678000,200,0.002265
1788019349.288859000,200,0.002017
1788019349.541015000,200,0.002315
1788019349.796357000,200,0.001910
1788019350.046335000,200,0.003121
1788019350.295835000,200,0.002811
1788019350.545255000,200,0.002238
1788019350.788740000,200,0.002838
1788019351.033256000,200,0.003173
1788019351.286825000,200,0.001915
1788019351.530272000,200,0.001960
1788019351.772231000,200,0.002952
1788019352.017212000,200,0.001766
1788019352.250468000,200,0.001924
1788019352.486710000,200,0.001377
1788019352.731018000,200,0.002400
1788019352.980345000,200,0.002095
1788019353.228916000,200,0.002470
1788019353.475165000,200,0.002360
1788019353.720762000,200,0.001741
1788019353.970933000,200,0.001825
1788019354.229790000,200,0.002568
1788019354.484905000,200,0.002538
1788019354.738830000,200,0.003202
1788019354.995823000,200,0.003062
1788019355.245620000,200,0.002245
1788019355.492946000,200,0.002320
1788019355.744865000,200,0.002658
1788019355.994104000,200,0.002156
1788019356.258118000,200,0.002290
1788019356.508254000,200,0.002709
1788019356.755343000,200,0.002245
1788019357.000801000,200,0.001544
1788019357.233287000,200,0.001574
1788019357.462705000,200,0.002076
1788019357.698139000,200,0.001559
1788019357.930248000,200,0.002407
1788019358.175581000,200,0.002192
1788019358.415975000,200,0.002034
1788019358.662142000,200,0.001881
1788019358.912000000,200,0.002692
1788019359.168447000,200,0.002782
1788019359.420771000,200,0.003099
1788019359.672921000,200,0.002674
1788019359.925472000,200,0.002782
1788019360.178483000,200,0.002105
1788019360.423977000,200,0.001452
1788019360.670724000,200,0.002344
1788019360.922888000,200,0.003658
1788019361.180489000,200,0.001784
1788019361.432976000,200,0.002202
1788019361.680498000,200,0.002441
1788019361.930873000,200,0.002613
1788019362.176766000,200,0.002591
1788019362.406423000,200,0.002487
1788019362.658801000,200,0.001945
1788019362.911323000,200,0.002518
1788019363.159329000,200,0.003170
1788019363.414911000,200,0.002298
1788019363.668637000,200,0.003039
1788019363.919066000,200,0.002896
1788019364.170047000,200,0.003040
1788019364.426161000,200,0.002132
1788019364.681275000,200,0.002602
1788019364.929592000,200,0.003112
1788019365.179968000,200,0.003015
1788019365.434016000,200,0.002688
1788019365.679803000,200,0.002201
1788019365.918333000,200,0.002625
1788019366.165446000,200,0.001936
1788019366.413819000,200,0.002545
1788019366.662555000,200,0.002502
1788019366.913835000,200,0.002257
1788019367.155526000,200,0.001560
1788019367.390961000,200,0.001808
1788019367.631072000,200,0.003084
1788019367.882151000,200,0.002568
1788019368.136750000,200,0.003348
1788019368.395910000,200,0.002258
1788019368.646371000,200,0.002478
1788019368.896415000,200,0.003341
1788019369.153724000,200,0.002804
1788019369.405542000,200,0.002297
1788019369.654979000,200,0.002296
1788019369.904906000,200,0.001680
1788019370.141639000,200,0.001550
1788019370.368874000,200,0.001180
1788019370.607885000,200,0.001205
1788019370.838979000,200,0.002010
1788019371.093856000,200,0.003371
1788019371.356428000,200,0.004280
1788019371.613975000,200,0.007550
1788019371.881241000,200,0.002187
1788019372.121119000,200,0.001692
1788019372.354770000,200,0.002357
1788019372.607218000,200,0.002609
1788019372.856915000,200,0.002241
1788019373.111827000,200,0.003035
1788019373.362460000,200,0.002050
1788019373.614939000,200,0.001835
1788019373.862152000,200,0.002266
1788019374.111722000,200,0.002091
1788019374.358171000,200,0.002302
1788019374.606781000,200,0.001992
1788019374.853228000,200,0.002003
1788019375.102873000,200,0.002535
1788019375.351373000,200,0.002938
1788019375.605109000,200,0.001941
1788019375.850096000,200,0.002485
1788019376.099709000,200,0.002484
1788019376.345275000,200,0.001407
1788019376.584896000,200,0.002139
1788019376.834568000,200,0.001967
1788019377.078013000,200,0.001442
1788019377.310573000,200,0.003178
1788019377.561298000,200,0.002868
1788019377.816921000,200,0.002574
1788019378.070070000,200,0.002244
1788019378.316900000,200,0.001807
1788019378.557479000,200,0.002003
1788019378.805780000,200,0.001827
1788019379.053544000,200,0.001763
1788019379.301707000,200,0.002211
1788019379.548821000,200,0.001856
1788019379.791235000,200,0.002232
1788019380.039049000,200,0.001957
1788019380.286469000,200,0.001759
1788019380.532447000,200,0.001458
1788019380.769153000,200,0.001748
1788019381.018405000,200,0.001726
1788019381.264297000,200,0.001943
1788019381.515970000,200,0.002642
1788019381.769259000,200,0.002538
1788019382.014808000,200,0.002167
1788019382.256538000,200,0.002098
1788019382.491814000,200,0.001639
1788019382.738631000,200,0.001776
1788019382.987455000,200,0.002279
1788019383.241194000,200,0.002250
1788019383.494474000,200,0.002323
1788019383.743427000,200,0.002308
1788019383.991512000,200,0.002338
1788019384.240773000,200,0.002667
1788019384.488093000,200,0.001908
1788019384.732788000,200,0.001794
1788019384.975392000,200,0.001904
1788019385.220867000,200,0.001938
1788019385.469593000,200,0.002347
1788019385.719576000,200,0.001944
1788019385.967543000,200,0.002247
1788019386.216930000,200,0.002279
1788019386.464318000,200,0.001872
1788019386.712980000,200,0.001963
1788019386.961318000,200,0.001269
1788019387.202952000,200,0.001841
1788019387.440867000,200,0.002041
1788019387.690462000,200,0.002312
1788019387.939060000,200,0.001976
1788019388.186735000,200,0.001889
1788019388.432776000,200,0.002052
1788019388.680420000,200,0.002071
1788019388.929020000,200,0.002070
1788019389.175706000,200,0.001868
1788019389.422022000,200,0.001930
1788019389.669644000,200,0.001852
1788019389.919514000,200,0.001909
1788019390.164376000,200,0.001802
1788019390.406176000,200,0.001204
1788019390.647783000,200,0.001947
1788019390.890999000,200,0.001934
1788019391.137852000,200,0.001945
1788019391.383612000,200,0.001789
1788019391.632381000,200,0.002088
1788019391.877508000,200,0.001873
1788019392.118751000,200,0.001724
1788019392.351483000,200,0.002303
1788019392.600208000,200,0.002128
1788019392.852607000,200,0.003049
1788019393.108129000,200,0.003245
1788019393.363666000,200,0.001668
1788019393.607230000,200,0.002573
1788019393.849283000,200,0.002102
1788019394.076809000,200,0.001917
1788019394.319482000,200,0.002226
1788019394.568831000,200,0.001927
1788019394.817138000,200,0.001791
1788019395.066029000,200,0.001966
1788019395.313112000,200,0.001831
1788019395.560959000,200,0.002224
1788019395.808477000,200,0.001941
1788019396.056095000,200,0.001972
1788019396.305539000,200,0.001999
1788019396.553433000,200,0.001826
1788019396.797847000,200,0.001601
1788019397.037194000,200,0.001558
1788019397.274051000,200,0.002351
1788019397.514194000,200,0.002127
1788019397.760313000,200,0.002710
1788019398.006087000,200,0.001974
1788019398.252596000,200,0.002108
1788019398.497973000,200,0.001707
1788019398.741478000,200,0.001986
1788019398.988407000,200,0.001841
1788019399.238648000,200,0.001784
1788019399.487676000,200,0.002135
1788019399.735598000,200,0.001927
1788019399.979101000,200,0.002011
1788019400.226889000,200,0.002004
1788019400.472575000,200,0.001360
1788019400.719843000,200,0.001910
1788019400.968954000,200,0.001890
1788019401.219653000,200,0.002454
1788019401.471396000,200,0.002325
1788019401.722744000,200,0.002102
1788019401.966748000,200,0.001619
1788019402.202186000,200,0.002091
1788019402.443756000,200,0.004616
1788019402.701641000,200,0.002303
1788019402.951352000,200,0.001817
1788019403.195248000,200,0.001942
1788019403.443700000,200,0.002509
1788019403.692923000,200,0.001767
1788019403.940562000,200,0.004026
1788019404.186276000,200,0.001817
1788019404.423795000,200,0.001757
1788019404.670135000,200,0.001744
1788019404.916935000,200,0.002077
1788019405.158269000,200,0.002102
1788019405.401131000,200,0.001382
1788019405.639166000,200,0.001812
1788019405.891414000,200,0.002471
1788019406.145174000,200,0.001761
1788019406.389391000,200,0.002714
1788019406.639840000,200,0.002023
1788019406.887520000,200,0.002168
1788019407.131202000,200,0.001511
1788019407.363958000,200,0.001841
1788019407.613464000,200,0.002005
1788019407.861174000,200,0.001762
1788019408.110985000,200,0.001381
1788019408.354643000,200,0.001837
1788019408.604250000,200,0.001764
1788019408.852883000,200,0.002423
1788019409.106181000,200,0.001890
1788019409.353889000,200,0.002407
1788019409.603438000,200,0.002119
1788019409.852326000,200,0.002084
1788019410.102769000,200,0.001913
1788019410.348730000,200,0.001224
1788019410.592921000,200,0.001963
1788019410.839247000,200,0.002817
1788019411.097870000,200,0.002108
1788019411.344075000,200,0.002026
1788019411.583689000,200,0.002386
1788019411.836039000,200,0.003684
1788019412.091751000,200,0.001839
1788019412.324419000,200,0.002573
1788019412.569132000,200,0.001450
1788019412.812279000,200,0.002502
1788019413.067358000,200,0.003553
1788019413.325375000,200,0.002589
1788019413.579668000,200,0.002603
1788019413.830705000,200,0.002582
1788019414.084681000,200,0.002099
1788019414.327596000,200,0.002479
1788019414.577961000,200,0.002267
1788019414.826045000,200,0.001842
1788019415.066292000,200,0.003573
1788019415.320577000,200,0.002619
1788019415.574718000,200,0.002954
1788019415.830940000,200,0.001832
1788019416.080410000,200,0.003661
1788019416.336032000,200,0.002267
1788019416.587816000,200,0.001894
1788019416.831520000,200,0.001452
1788019417.060650000,200,0.001691
1788019417.290662000,200,0.002266
1788019417.531861000,200,0.003406
1788019417.785188000,200,0.002706
1788019418.035904000,200,0.003220
1788019418.292172000,200,0.003209
1788019418.546875000,200,0.002194
1788019418.792178000,200,0.002464
1788019419.040013000,200,0.001902
1788019419.286216000,200,0.001962
1788019419.529588000,200,0.001850
1788019419.772793000,200,0.001791
1788019420.023894000,200,0.002970
1788019420.276107000,200,0.002629
1788019420.521200000,200,0.002369
1788019420.770337000,200,0.002852
1788019421.020879000,200,0.002573
1788019421.265785000,200,0.001939
1788019421.515341000,200,0.002669
1788019421.759809000,200,0.002395
1788019422.013276000,200,0.002212
1788019422.251971000,200,0.001635
1788019422.488569000,200,0.001802
1788019422.741446000,200,0.002543
1788019422.994285000,200,0.002005
1788019423.242476000,200,0.001683
1788019423.488824000,200,0.002537
1788019423.743123000,200,0.001559
1788019423.986762000,200,0.002322
1788019424.236653000,200,0.001891
1788019424.483946000,200,0.002486
1788019424.738363000,200,0.002660
1788019424.989003000,200,0.003237
1788019425.243171000,200,0.002159
1788019425.489836000,200,0.002486
1788019425.744417000,200,0.002368
1788019425.996946000,200,0.002618
1788019426.244975000,200,0.002301
1788019426.490275000,200,0.001889
1788019426.735063000,200,0.003063
1788019426.984027000,200,0.001931
1788019427.224709000,200,0.001241
1788019427.453269000,200,0.001403
1788019427.690360000,200,0.002014
1788019427.946660000,200,0.003732
1788019428.203296000,200,0.003233
1788019428.455603000,200,0.002324
1788019428.712929000,200,0.003585
1788019428.968140000,200,0.002294
1788019429.213259000,200,0.002305
1788019429.461631000,200,0.002528
1788019429.713091000,200,0.001876
1788019429.960442000,200,0.003063
1788019430.211895000,200,0.002385
1788019430.460574000,200,0.001386
1788019430.710614000,200,0.002418
1788019430.962848000,200,0.002388
1788019431.217677000,200,0.002982
1788019431.470206000,200,0.002334
1788019431.722406000,200,0.001866
1788019431.972651000,200,0.003253
1788019432.225215000,200,0.001217
1788019432.459075000,200,0.001709
1788019432.706660000,200,0.002568
1788019432.960878000,200,0.002925
1788019433.214478000,200,0.002874
1788019433.467507000,200,0.002307
1788019433.718918000,200,0.002411
1788019433.971961000,200,0.003246
1788019434.226717000,200,0.002380
1788019434.479472000,200,0.003085
1788019434.733063000,200,0.002379
1788019434.992589000,200,0.003193
1788019435.246828000,200,0.001728
1788019435.494812000,200,0.003562
1788019435.737606000,200,0.002458
1788019435.990707000,200,0.001967
1788019436.242020000,200,0.002379
1788019436.496095000,200,0.002151
1788019436.745899000,200,0.002332
1788019436.997606000,200,0.002656
1788019437.235054000,200,0.001868
1788019437.470129000,200,0.002282
1788019437.721126000,200,0.001987
1788019437.973273000,200,0.002742
1788019438.218752000,200,0.001927
1788019438.457019000,200,0.003015
1788019438.709214000,200,0.002906
1788019438.962325000,200,0.002787
1788019439.214412000,200,0.002312
1788019439.468885000,200,0.002492
1788019439.721550000,200,0.003101
1788019439.972096000,200,0.002686
1788019440.230507000,200,0.002658
1788019440.484934000,200,0.002422
1788019440.738155000,200,0.003324
1788019440.991080000,200,0.003051
1788019441.242427000,200,0.001733
1788019441.492953000,200,0.002019
1788019441.743056000,200,0.002362
1788019441.995050000,200,0.003333
1788019442.236152000,200,0.001518
1788019442.469387000,200,0.001148
1788019442.709552000,200,0.002182
1788019442.963191000,200,0.003619
1788019443.213308000,200,0.001885
1788019443.465152000,200,0.003056
1788019443.719055000,200,0.002922
1788019443.970257000,200,0.002420
1788019444.224222000,200,0.003390
1788019444.481447000,200,0.001834
1788019444.732205000,200,0.003045
1788019444.984312000,200,0.002183
1788019445.235776000,200,0.001792
1788019445.482165000,200,0.002285
1788019445.735989000,200,0.002105
1788019445.987046000,200,0.003231
1788019446.243833000,200,0.002245
1788019446.494167000,200,0.002128
1788019446.737756000,200,0.002604
1788019446.978604000,200,0.002277
1788019447.220614000,200,0.001542
1788019447.455387000,200,0.001945
1788019447.700825000,200,0.001931
1788019447.945618000,200,0.002920
1788019448.194659000,200,0.002212
1788019448.446231000,200,0.002628
1788019448.695755000,200,0.002040
1788019448.940537000,200,0.003242
1788019449.197683000,200,0.003852
1788019449.453220000,200,0.003634
1788019449.712802000,200,0.002436
1788019449.962808000,200,0.001972
1788019450.210494000,200,0.002221
1788019450.459388000,200,0.001520
1788019450.704438000,200,0.002197
1788019450.953208000,200,0.003136
1788019451.204515000,200,0.004211
1788019451.455947000,200,0.003342
1788019451.712601000,200,0.002569
1788019451.967172000,200,0.002775
1788019452.214364000,200,0.001580
1788019452.445230000,200,0.001883
1788019452.687783000,200,0.002374
1788019452.945778000,200,0.002893
1788019453.191272000,200,0.003359
1788019453.443524000,200,0.002853
1788019453.689381000,200,0.001573
1788019453.917107000,200,0.001364
1788019454.146885000,200,0.002270
1788019454.392674000,200,0.002199
1788019454.644173000,200,0.003205
1788019454.896733000,200,0.002554
1788019455.148070000,200,0.001785
1788019455.391020000,200,0.002818
1788019455.645943000,200,0.002457
1788019455.897059000,200,0.002376
1788019456.152860000,200,0.002502
1788019456.404145000,200,0.002861
1788019456.660666000,200,0.002487
1788019456.903056000,200,0.002990
1788019457.153103000,200,0.002043
1788019457.388957000,200,0.001934
1788019457.634653000,200,0.002022
1788019457.883361000,200,0.002633
1788019458.133788000,200,0.002726
1788019458.387773000,200,0.002390
1788019458.631513000,200,0.006527
1788019458.887796000,200,0.002870
1788019459.139397000,200,0.002404
1788019459.385078000,200,0.001487
1788019459.633988000,200,0.002690
1788019459.886003000,200,0.003015
1788019460.133940000,200,0.002560
1788019460.383521000,200,0.001273
1788019460.624933000,200,0.003236
1788019460.877855000,200,0.002297
1788019461.130347000,200,0.002660
1788019461.378336000,200,0.001320
1788019461.621903000,200,0.002823
1788019461.870871000,200,0.002316
1788019462.120505000,200,0.001643
1788019462.354556000,200,0.002784
1788019462.593897000,200,0.001844
1788019462.841610000,200,0.003016
1788019463.095111000,200,0.001971
1788019463.346603000,200,0.003230
1788019463.593105000,200,0.001846
1788019463.829106000,200,0.003021
1788019464.083257000,200,0.002823
1788019464.340644000,200,0.003514
1788019464.594372000,200,0.002139
1788019464.843264000,200,0.003100
1788019465.091143000,200,0.002685
1788019465.335081000,200,0.001772
1788019465.583544000,200,0.001648
1788019465.829780000,200,0.002802
1788019466.079527000,200,0.001809
1788019466.322040000,200,0.001947
1788019466.572666000,200,0.001965
1788019466.818682000,200,0.001731
1788019467.065241000,200,0.001433
1788019467.296313000,200,0.002069
1788019467.539391000,200,0.002109
1788019467.786674000,200,0.001760
1788019468.034791000,200,0.002219
1788019468.280678000,200,0.002462
1788019468.522969000,200,0.002309
1788019468.776231000,200,0.002483
1788019469.022186000,200,0.002237
1788019469.270015000,200,0.001870
1788019469.517916000,200,0.002332
1788019469.766236000,200,0.002016
1788019470.011349000,200,0.001816
1788019470.259649000,200,0.002561
1788019470.508604000,200,0.002480
1788019470.755883000,200,0.002216
1788019471.002184000,200,0.002018
1788019471.254400000,200,0.002966
1788019471.519442000,200,0.001960
1788019471.764987000,200,0.002672
1788019472.012313000,200,0.002252
1788019472.243988000,200,0.001748
1788019472.480403000,200,0.001275
1788019472.725963000,200,0.001415
1788019472.971719000,200,0.001910
1788019473.220561000,200,0.002454
1788019473.476746000,200,0.003339
1788019473.735916000,200,0.001625
1788019473.984589000,200,0.001680
1788019474.227471000,200,0.002011
1788019474.476990000,200,0.001766
1788019474.722878000,200,0.002253
1788019474.969410000,200,0.001830
1788019475.216786000,200,0.002408
1788019475.464784000,200,0.002176
1788019475.712376000,200,0.001726
1788019475.959292000,200,0.001852
1788019476.201381000,200,0.002603
1788019476.445165000,200,0.001747
1788019476.691521000,200,0.002637
1788019476.940826000,200,0.002303
1788019477.189451000,200,0.001830
1788019477.420074000,200,0.002507
1788019477.670175000,200,0.001869
1788019477.912557000,200,0.001760
1788019478.156863000,200,0.001901
1788019478.404748000,200,0.001823
1788019478.648870000,200,0.002140
1788019478.896587000,200,0.003628
1788019479.151248000,200,0.002097
1788019479.391150000,200,0.002026
1788019479.637249000,200,0.001880
1788019479.884304000,200,0.002316
1788019480.130065000,200,0.001847
1788019480.372210000,200,0.001211
1788019480.613025000,200,0.001956
1788019480.857321000,200,0.003213
1788019481.103652000,200,0.001819
1788019481.351137000,200,0.002295
1788019481.600490000,200,0.002213
1788019481.850649000,200,0.002246
1788019482.101641000,200,0.001340
1788019482.335379000,200,0.002773
1788019482.577718000,200,0.001517
1788019482.827541000,200,0.001968
1788019483.076383000,200,0.002323
1788019483.324992000,200,0.002031
1788019483.573705000,200,0.002307
1788019483.822529000,200,0.002474
1788019484.070107000,200,0.002460
1788019484.318158000,200,0.002863
1788019484.567821000,200,0.002014
1788019484.814217000,200,0.001819
1788019485.061433000,200,0.001888
1788019485.309007000,200,0.001670
1788019485.557957000,200,0.001855
1788019485.805195000,200,0.001987
1788019486.051633000,200,0.001903
1788019486.301182000,200,0.002568
1788019486.547583000,200,0.002355
1788019486.793161000,200,0.002652
1788019487.037093000,200,0.001810
1788019487.269702000,200,0.001710
1788019487.503391000,200,0.001650
1788019487.751910000,200,0.002658
1788019488.006223000,200,0.002708
1788019488.258761000,200,0.002358
1788019488.513204000,200,0.003031
1788019488.767024000,200,0.002160
1788019489.020969000,200,0.001809
1788019489.266060000,200,0.002109
1788019489.519272000,200,0.009810
1788019489.779252000,200,0.002663
1788019490.036032000,200,0.002392
1788019490.287131000,200,0.002299
1788019490.536732000,200,0.003229
1788019490.787672000,200,0.003004
1788019491.037885000,200,0.002898
1788019491.296914000,200,0.002465
1788019491.548436000,200,0.002898
1788019491.803877000,200,0.002428
1788019492.050385000,200,0.001739
1788019492.290191000,200,0.001880
1788019492.528623000,200,0.001569
1788019492.774448000,200,0.002398
1788019493.028126000,200,0.002999
1788019493.279013000,200,0.002070
1788019493.531013000,200,0.003357
1788019493.784118000,200,0.002278
1788019494.034491000,200,0.001580
1788019494.283784000,200,0.002064
1788019494.537906000,200,0.003915
1788019494.794493000,200,0.002676
1788019495.045892000,200,0.002414
1788019495.294822000,200,0.001673
1788019495.538147000,200,0.002464
1788019495.779099000,200,0.002556
1788019496.030825000,200,0.002748
1788019496.284965000,200,0.002250
1788019496.533534000,200,0.002668
1788019496.784508000,200,0.002279
1788019497.028498000,200,0.001677
1788019497.262188000,200,0.001650
1788019497.494262000,200,0.002003
1788019497.737128000,200,0.001683
1788019497.985271000,200,0.001829
1788019498.228162000,200,0.001785
1788019498.460894000,200,0.002081
1788019498.704930000,200,0.003205
1788019498.953506000,200,0.001894
1788019499.198375000,200,0.002735
1788019499.440654000,200,0.002932
1788019499.700309000,200,0.001174
1788019499.948227000,200,0.001239
1788019500.191760000,200,0.002012
1788019500.431607000,200,0.001141
1788019500.672878000,200,0.001527
1788019500.927926000,200,0.001777
1788019501.170568000,200,0.002123
1788019501.416319000,200,0.001738
1788019501.660217000,200,0.001427
1788019501.901221000,200,0.002014
1788019502.140772000,200,0.001494
1788019502.369737000,200,0.001693
1788019502.612749000,200,0.001881
1788019502.858684000,200,0.003054
1788019503.105452000,200,0.003119
1788019503.359231000,200,0.002082
1788019503.609582000,200,0.002460
1788019503.855601000,200,0.001559
1788019504.104288000,200,0.002438
1788019504.348712000,200,0.002282
1788019504.598590000,200,0.003285
1788019504.851774000,200,0.003052
1788019505.103551000,200,0.002144
1788019505.347725000,200,0.002518
1788019505.594277000,200,0.001646
1788019505.845085000,200,0.001663
1788019506.089936000,200,0.001954
1788019506.345068000,200,0.003490
1788019506.600239000,200,0.002572
1788019506.853305000,200,0.002323
1788019507.100137000,200,0.001375
1788019507.332302000,200,0.002537
1788019507.562978000,200,0.001724
1788019507.793684000,200,0.002308
1788019508.033513000,200,0.002159
1788019508.280897000,200,0.002467
1788019508.534998000,200,0.002274
1788019508.789783000,200,0.001751
1788019509.040305000,200,0.001812
1788019509.285583000,200,0.002164
1788019509.532918000,200,0.001835
1788019509.779783000,200,0.002135
1788019510.019669000,200,0.003487
1788019510.268957000,200,0.002039
1788019510.511306000,200,0.002066
1788019510.757043000,200,0.001971
1788019511.006081000,200,0.001885
1788019511.253864000,200,0.002387
1788019511.496522000,200,0.001442
1788019511.741740000,200,0.001881
1788019511.990034000,200,0.001944
1788019512.232215000,200,0.001582
1788019512.466251000,200,0.001779
1788019512.707315000,200,0.001738
1788019512.954667000,200,0.002369
1788019513.202359000,200,0.002257
1788019513.449493000,200,0.001973
1788019513.688489000,200,0.001817
1788019513.917033000,200,0.001692
1788019514.150923000,200,0.002818
1788019514.390400000,200,0.002258
1788019514.636567000,200,0.001927
1788019514.883798000,200,0.002048
1788019515.130946000,200,0.001781
1788019515.376619000,200,0.002081
1788019515.625732000,200,0.001945
1788019515.873147000,200,0.001601
1788019516.120277000,200,0.002316
1788019516.366420000,200,0.001772
1788019516.607235000,200,0.001725
1788019516.848006000,200,0.002203
1788019517.091377000,200,0.001540
1788019517.323410000,200,0.002675
1788019517.567232000,200,0.002345
1788019517.822332000,200,0.002028
1788019518.069749000,200,0.002163
1788019518.317177000,200,0.001849
1788019518.564277000,200,0.001859
1788019518.812910000,200,0.002250
1788019519.061620000,200,0.002123
1788019519.308296000,200,0.001984
1788019519.557433000,200,0.001933
1788019519.806007000,200,0.001818
1788019520.054928000,200,0.001832
1788019520.303442000,200,0.002038
1788019520.548205000,200,0.001782
1788019520.793085000,200,0.001362
1788019521.035517000,200,0.002885
1788019521.290808000,200,0.001826
1788019521.540274000,200,0.002066
1788019521.788531000,200,0.001860
1788019522.032043000,200,0.001261
1788019522.265430000,200,0.001717
1788019522.503001000,200,0.002013
1788019522.758954000,200,0.003213
1788019523.009212000,200,0.001828
1788019523.251890000,200,0.001610
1788019523.506419000,200,0.001881
1788019523.756063000,200,0.001934
1788019524.004373000,200,0.002852
1788019524.254770000,200,0.001964
1788019524.504965000,200,0.002153
1788019524.751659000,200,0.002603
1788019525.000051000,200,0.001834
1788019525.243605000,200,0.002088
1788019525.485966000,200,0.002228
1788019525.723787000,200,0.001711
1788019525.970680000,200,0.002093
1788019526.217919000,200,0.002233
1788019526.475796000,200,0.003198
1788019526.732383000,200,0.002473
1788019526.995431000,200,0.002557
1788019527.238976000,200,0.001806
1788019527.472423000,200,0.001868
1788019527.719436000,200,0.002988
1788019527.968527000,200,0.001986
1788019528.209353000,200,0.001655
1788019528.445486000,200,0.002306
1788019528.692801000,200,0.002345
1788019528.944535000,200,0.002418
1788019529.190851000,200,0.001825
1788019529.437262000,200,0.001743
1788019529.681791000,200,0.001987
1788019529.926500000,200,0.002112
1788019530.175572000,200,0.002107
1788019530.419781000,200,0.001218
1788019530.662601000,200,0.003289
1788019530.908884000,200,0.001796
1788019531.151766000,200,0.001803
1788019531.396036000,200,0.001972
1788019531.640719000,200,0.001859
1788019531.889943000,200,0.001850
1788019532.132301000,200,0.001404
1788019532.366126000,200,0.001831
1788019532.609123000,200,0.001879
1788019532.856766000,200,0.002602
1788019533.119698000,200,0.002464
1788019533.370723000,200,0.001189
1788019533.605887000,200,0.001086
1788019533.842771000,200,0.001715
1788019534.085773000,200,0.002338
1788019534.334626000,200,0.002610
1788019534.584313000,200,0.001991
1788019534.831381000,200,0.002052
1788019535.079579000,200,0.001969
1788019535.327514000,200,0.002240
1788019535.573922000,200,0.001792
1788019535.814910000,200,0.002207
1788019536.057246000,200,0.003166
1788019536.306522000,200,0.002888
1788019536.555945000,200,0.002060
1788019536.802803000,200,0.002271
1788019537.051915000,200,0.001435
1788019537.285478000,200,0.001721
1788019537.518458000,200,0.002513
1788019537.755850000,200,0.001646
1788019537.995200000,200,0.002091
1788019538.241753000,200,0.001797
1788019538.483887000,200,0.002751
1788019538.720427000,200,0.001739
1788019538.968901000,200,0.001716
1788019539.212312000,200,0.001906
1788019539.448751000,200,0.002112
1788019539.688941000,200,0.002509
1788019539.935221000,200,0.001725
1788019540.175942000,200,0.002349
1788019540.422488000,200,0.001703
1788019540.666751000,200,0.003060
1788019540.920370000,200,0.002861
1788019541.174312000,200,0.004092
1788019541.431807000,200,0.002600
1788019541.683721000,200,0.001974
1788019541.926726000,200,0.002050
1788019542.155814000,200,0.001818
1788019542.387200000,200,0.001756
1788019542.629395000,200,0.002270
1788019542.880795000,200,0.002928
1788019543.131370000,200,0.003055
1788019543.389305000,200,0.002074
1788019543.643390000,200,0.002321
1788019543.897545000,200,0.002218
1788019544.147072000,200,0.002381
1788019544.399856000,200,0.002500
1788019544.650275000,200,0.002166
1788019544.895919000,200,0.003060
1788019545.148463000,200,0.002544
1788019545.401063000,200,0.002590
1788019545.653309000,200,0.002447
1788019545.899600000,200,0.002605
1788019546.147108000,200,0.001852
1788019546.391295000,200,0.001438
1788019546.628811000,200,0.002175
1788019546.879022000,200,0.001887
1788019547.121971000,200,0.001523
1788019547.355836000,200,0.003328
1788019547.604969000,200,0.001989
1788019547.853513000,200,0.002397
1788019548.101762000,200,0.002036
1788019548.349627000,200,0.001814
1788019548.592303000,200,0.001812
1788019548.837200000,200,0.001905
1788019549.088983000,200,0.003068
1788019549.341245000,200,0.003106
1788019549.597668000,200,0.002323
1788019549.848264000,200,0.003204
1788019550.098220000,200,0.002404
1788019550.350033000,200,0.001728
1788019550.595850000,200,0.002211
1788019550.843590000,200,0.001907
1788019551.099173000,200,0.003370
1788019551.363819000,200,0.002606
1788019551.618174000,200,0.002687
1788019551.867729000,200,0.002380
1788019552.113319000,200,0.001250
1788019552.347730000,200,0.001712
1788019552.575104000,200,0.001198
1788019552.800434000,200,0.001268
1788019553.023879000,200,0.002746
1788019553.246833000,200,0.001375
1788019553.468755000,200,0.001281
1788019553.694823000,200,0.002438
1788019553.930469000,200,0.002274
1788019554.182654000,200,0.001733
1788019554.430821000,200,0.003122
1788019554.686285000,200,0.002274
1788019554.934378000,200,0.001694
1788019555.177653000,200,0.002640
1788019555.429134000,200,0.001854
1788019555.668167000,200,0.002328
1788019555.922980000,200,0.002368
1788019556.173157000,200,0.001823
1788019556.418560000,200,0.002683
1788019556.670593000,200,0.002659
1788019556.921892000,200,0.003109
1788019557.164603000,200,0.001944
1788019557.395958000,200,0.002225
1788019557.637691000,200,0.002558
1788019557.892121000,200,0.002389
1788019558.146401000,200,0.001951
1788019558.389755000,200,0.002745
1788019558.640374000,200,0.002035
1788019558.891349000,200,0.002758
1788019559.143511000,200,0.001919
1788019559.389991000,200,0.002257
1788019559.642187000,200,0.002868
1788019559.897914000,200,0.002990
1788019560.142566000,200,0.002136
1788019560.378397000,200,0.001526
1788019560.616088000,200,0.003008
1788019560.866801000,200,0.002497
1788019561.123193000,200,0.002721
1788019561.372428000,200,0.001617
1788019561.618534000,200,0.002428
1788019561.865203000,200,0.002603
1788019562.103800000,200,0.001410
1788019562.332607000,200,0.001936
1788019562.573236000,200,0.001675
1788019562.824003000,200,0.003445
1788019563.085006000,200,0.003140
1788019563.341233000,200,0.001559
1788019563.586517000,200,0.003476
1788019563.835939000,200,0.002038
1788019564.089659000,200,0.002050
1788019564.338211000,200,0.002353
1788019564.591616000,200,0.003951
1788019564.846807000,200,0.003439
1788019565.099840000,200,0.002714
1788019565.356012000,200,0.002892
1788019565.607393000,200,0.002219
1788019565.857047000,200,0.002284
1788019566.114097000,200,0.002371
1788019566.367471000,200,0.002153
1788019566.622030000,200,0.003326
1788019566.879215000,200,0.002392
1788019567.123087000,200,0.001584
1788019567.356539000,200,0.003624
1788019567.599673000,200,0.001798
1788019567.845994000,200,0.003197
1788019568.099151000,200,0.003053
1788019568.347751000,200,0.001939
1788019568.592154000,200,0.003648
1788019568.848903000,200,0.002778
1788019569.108200000,200,0.002991
1788019569.358437000,200,0.002309
1788019569.613760000,200,0.002421
1788019569.865120000,200,0.002690
1788019570.117172000,200,0.002009
1788019570.361898000,200,0.001579
1788019570.611512000,200,0.002389
1788019570.866899000,200,0.002040
1788019571.118305000,200,0.003323
1788019571.371862000,200,0.002394
1788019571.622057000,200,0.002163
1788019571.864828000,200,0.002196
1788019572.108099000,200,0.001587
1788019572.340416000,200,0.002347
1788019572.590117000,200,0.002892
1788019572.842080000,200,0.003167
1788019573.098738000,200,0.003652
1788019573.354923000,200,0.003073
1788019573.611911000,200,0.002344
1788019573.853691000,200,0.001796
1788019574.081400000,200,0.001595
1788019574.322812000,200,0.001967
1788019574.570734000,200,0.002042
1788019574.820273000,200,0.002219
1788019575.068018000,200,0.001979
1788019575.312746000,200,0.001724
1788019575.560199000,200,0.002680
1788019575.814796000,200,0.003341
1788019576.065779000,200,0.003570
1788019576.316451000,200,0.001875
1788019576.567574000,200,0.003222
1788019576.823015000,200,0.002473
1788019577.086932000,200,0.001527
1788019577.321406000,200,0.002020
1788019577.561023000,200,0.002962
1788019577.806848000,200,0.001780
1788019578.050333000,200,0.002068
1788019578.294773000,200,0.002332
1788019578.539038000,200,0.002452
1788019578.795592000,200,0.002281
1788019579.042570000,200,0.002177
1788019579.294707000,200,0.002617
1788019579.549938000,200,0.003281
1788019579.805886000,200,0.001842
1788019580.050696000,200,0.002456
1788019580.303396000,200,0.002272
1788019580.556344000,200,0.002965
1788019580.810623000,200,0.002977
1788019581.080307000,200,0.002849
1788019581.345118000,200,0.003578
1788019581.594865000,200,0.001447
1788019581.843211000,200,0.002662
1788019582.089589000,200,0.001846
1788019582.323126000,200,0.002364
1788019582.563784000,200,0.001891
1788019582.805654000,200,0.002033
1788019583.053778000,200,0.002126
1788019583.299908000,200,0.002042
1788019583.548471000,200,0.002080
1788019583.797359000,200,0.001899
1788019584.046938000,200,0.001924
1788019584.290498000,200,0.001730
1788019584.534372000,200,0.001951
1788019584.774903000,200,0.001767
1788019585.020530000,200,0.001665
1788019585.268687000,200,0.002941
1788019585.514132000,200,0.002420
1788019585.757040000,200,0.001875
1788019585.999178000,200,0.002051
1788019586.250960000,200,0.002514
1788019586.505830000,200,0.003359
1788019586.761297000,200,0.002298
1788019587.004053000,200,0.002290
1788019587.250615000,200,0.001578
1788019587.486769000,200,0.001908
1788019587.736096000,200,0.001977
1788019587.984456000,200,0.002174
1788019588.228564000,200,0.001849
1788019588.466664000,200,0.002459
1788019588.714519000,200,0.002324
1788019588.966423000,200,0.002595
1788019589.217982000,200,0.002730
1788019589.471172000,200,0.002325
1788019589.724554000,200,0.001562
1788019589.971028000,200,0.002561
1788019590.220534000,200,0.002569
1788019590.471067000,200,0.001239
1788019590.712436000,200,0.003027
1788019590.968875000,200,0.001727
1788019591.217280000,200,0.003086
1788019591.473934000,200,0.003701
1788019591.727107000,200,0.003319
1788019591.978854000,200,0.003535
1788019592.229533000,200,0.001965
1788019592.464710000,200,0.002161
1788019592.720390000,200,0.002321
1788019592.969643000,200,0.002908
1788019593.221746000,200,0.002768
1788019593.470940000,200,0.001498
1788019593.716731000,200,0.002848
1788019593.972501000,200,0.002146
1788019594.223157000,200,0.002943
1788019594.475458000,200,0.003146
1788019594.731108000,200,0.003450
1788019594.988728000,200,0.002135
1788019595.242042000,200,0.001906
1788019595.489964000,200,0.003194
1788019595.745082000,200,0.002592
1788019595.990625000,200,0.002671
1788019596.246969000,200,0.002380
1788019596.503737000,200,0.002128
1788019596.756105000,200,0.003089
1788019597.003173000,200,0.002932
1788019597.247375000,200,0.001339
1788019597.483608000,200,0.001960
1788019597.734683000,200,0.001953
1788019597.989129000,200,0.003381
1788019598.246676000,200,0.002462
1788019598.497875000,200,0.002724
1788019598.759544000,200,0.001445
1788019599.006758000,200,0.002623
1788019599.250328000,200,0.002587
1788019599.500302000,200,0.002394
1788019599.751751000,200,0.003060
1788019600.001049000,200,0.002793
1788019600.250031000,200,0.002366
1788019600.505233000,200,0.001833
1788019600.755848000,200,0.003175
1788019601.007203000,200,0.002515
1788019601.249466000,200,0.001540
1788019601.483063000,200,0.001528
1788019601.728520000,200,0.002065
1788019601.978974000,200,0.002720
1788019602.226279000,200,0.002948
1788019602.466995000,200,0.002424
1788019602.722158000,200,0.002130
1788019602.973626000,200,0.002595
1788019603.224657000,200,0.002644
1788019603.476779000,200,0.002409
1788019603.726363000,200,0.002026
1788019603.975899000,200,0.003196
1788019604.227707000,200,0.001961
1788019604.477001000,200,0.003259
1788019604.732845000,200,0.002288
1788019604.978727000,200,0.003284
1788019605.231903000,200,0.002737
1788019605.489525000,200,0.002376
1788019605.745221000,200,0.002028
1788019605.992628000,200,0.001986
1788019606.244961000,200,0.001825
1788019606.493998000,200,0.002907
1788019606.752680000,200,0.002389
1788019607.000509000,200,0.002953
1788019607.252445000,200,0.001725
1788019607.488910000,200,0.001783
1788019607.737158000,200,0.002342
1788019607.985537000,200,0.001764
1788019608.231711000,200,0.002020
1788019608.481386000,200,0.001940
1788019608.730752000,200,0.002014
1788019608.980482000,200,0.002039
1788019609.228684000,200,0.001129
1788019609.469734000,200,0.001854
1788019609.713730000,200,0.002512
1788019609.959446000,200,0.001861
1788019610.204153000,200,0.001890
1788019610.445679000,200,0.001458
1788019610.688802000,200,0.002683
1788019610.944133000,200,0.002862
1788019611.187582000,200,0.001659
1788019611.415157000,200,0.001736
1788019611.658623000,200,0.004135
1788019611.913538000,200,0.002355
1788019612.160366000,200,0.001508
1788019612.394598000,200,0.001643
1788019612.638741000,200,0.002500
1788019612.893324000,200,0.002127
1788019613.144352000,200,0.002365
1788019613.399937000,200,0.002554
1788019613.654105000,200,0.002174
1788019613.909893000,200,0.002361
1788019614.164792000,200,0.003299
1788019614.413799000,200,0.001965
1788019614.657119000,200,0.001945
1788019614.914103000,200,0.003066
1788019615.166156000,200,0.003057
1788019615.415068000,200,0.002070
1788019615.657508000,200,0.002394
1788019615.906140000,200,0.002692
1788019616.156521000,200,0.002567
1788019616.408747000,200,0.001648
1788019616.648737000,200,0.002936
1788019616.901051000,200,0.002105
1788019617.146253000,200,0.001830
1788019617.380701000,200,0.001869
1788019617.625422000,200,0.002470
1788019617.880060000,200,0.002189
1788019618.137899000,200,0.002153
1788019618.386123000,200,0.002169
1788019618.650115000,200,0.002230
1788019618.903356000,200,0.002032
1788019619.157146000,200,0.002518
1788019619.410745000,200,0.001898
1788019619.660584000,200,0.002254
1788019619.914924000,200,0.002697
1788019620.167994000,200,0.002606
1788019620.415180000,200,0.001130
1788019620.648979000,200,0.002012
1788019620.885760000,200,0.002169
1788019621.127713000,200,0.002872
1788019621.383885000,200,0.003228
1788019621.645430000,200,0.002017
1788019621.902024000,200,0.002125
1788019622.145566000,200,0.001785
1788019622.377522000,200,0.003071
1788019622.619423000,200,0.001280
1788019622.855924000,200,0.002633
1788019623.097506000,200,0.003109
1788019623.349049000,200,0.002459
1788019623.601616000,200,0.002338
1788019623.853185000,200,0.001902
1788019624.108018000,200,0.002187
1788019624.365797000,200,0.002142
1788019624.620498000,200,0.002246
1788019624.871338000,200,0.001852
1788019625.111416000,200,0.002265
1788019625.357509000,200,0.002372
1788019625.614862000,200,0.002483
1788019625.863221000,200,0.002531
1788019626.121277000,200,0.003326
1788019626.387635000,200,0.002568
1788019626.639636000,200,0.002552
1788019626.889802000,200,0.002709
1788019627.138169000,200,0.001479
1788019627.371301000,200,0.002551
1788019627.616759000,200,0.002829
1788019627.872696000,200,0.002805
1788019628.125994000,200,0.002559
1788019628.380376000,200,0.002811
1788019628.626590000,200,0.002000
1788019628.872129000,200,0.002743
1788019629.125843000,200,0.001892
1788019629.374979000,200,0.002541
1788019629.623375000,200,0.002232
1788019629.874248000,200,0.002574
1788019630.124656000,200,0.002471
1788019630.372305000,200,0.002088
1788019630.609519000,200,0.002282
1788019630.863049000,200,0.002986
1788019631.116405000,200,0.002871
1788019631.368792000,200,0.002288
1788019631.615024000,200,0.001503
1788019631.853790000,200,0.002290
1788019632.102335000,200,0.001776
1788019632.338907000,200,0.001633
1788019632.574971000,200,0.001885
1788019632.827233000,200,0.003102
1788019633.087583000,200,0.002219
1788019633.340476000,200,0.001765
1788019633.581530000,200,0.002257
1788019633.822554000,200,0.001212
1788019634.046800000,200,0.001327
1788019634.286025000,200,0.002179
1788019634.532259000,200,0.001741
1788019634.773507000,200,0.002108
1788019635.021525000,200,0.002195
1788019635.268406000,200,0.001847
1788019635.511990000,200,0.001369
1788019635.751262000,200,0.001932
1788019635.999452000,200,0.001850
1788019636.247350000,200,0.002095
1788019636.496042000,200,0.002084
1788019636.748873000,200,0.001754
1788019636.993739000,200,0.003187
1788019637.242498000,200,0.001764
1788019637.476092000,200,0.001876
1788019637.721348000,200,0.001680
1788019637.967508000,200,0.001844
1788019638.214621000,200,0.002386
1788019638.464809000,200,0.002129
1788019638.713719000,200,0.001861
1788019638.965806000,200,0.001772
1788019639.209951000,200,0.001837
1788019639.457193000,200,0.001890
1788019639.704235000,200,0.001999
1788019639.948925000,200,0.001835
1788019640.193422000,200,0.002829
1788019640.433653000,200,0.001060
1788019640.679490000,200,0.001830
1788019640.926820000,200,0.002619
1788019641.175167000,200,0.002592
1788019641.427437000,200,0.002313
1788019641.678808000,200,0.002401
1788019641.930926000,200,0.001609
1788019642.168892000,200,0.001601
1788019642.402884000,200,0.002296
1788019642.648417000,200,0.002126
1788019642.899541000,200,0.002344
1788019643.151191000,200,0.001847
1788019643.400059000,200,0.002425
1788019643.652978000,200,0.001867
1788019643.893373000,200,0.002300
1788019644.125255000,200,0.003308
1788019644.354635000,200,0.002204
1788019644.594247000,200,0.002304
1788019644.844755000,200,0.002650
1788019645.099554000,200,0.002401
1788019645.355814000,200,0.002810
1788019645.607936000,200,0.002528
1788019645.856158000,200,0.002669
1788019646.109756000,200,0.003126
1788019646.360531000,200,0.002025
1788019646.613145000,200,0.003030
1788019646.866860000,200,0.002367
1788019647.114960000,200,0.001665
1788019647.350071000,200,0.002135
1788019647.590826000,200,0.003043
1788019647.847083000,200,0.003664
1788019648.099086000,200,0.002279
1788019648.348291000,200,0.001936
1788019648.593040000,200,0.003077
1788019648.844961000,200,0.002764
1788019649.094134000,200,0.001434
1788019649.340579000,200,0.002570
1788019649.592018000,200,0.002244
1788019649.844322000,200,0.002866
1788019650.102167000,200,0.002966
1788019650.350587000,200,0.003180
1788019650.597283000,200,0.002936
1788019650.849258000,200,0.003356
1788019651.101442000,200,0.003744
1788019651.352857000,200,0.003268
1788019651.604349000,200,0.003119
1788019651.862832000,200,0.001906
1788019652.103234000,200,0.001775
1788019652.336192000,200,0.002663
1788019652.575930000,200,0.002862
1788019652.822388000,200,0.001907
1788019653.060940000,200,0.001503
1788019653.294826000,200,0.002213
1788019653.540626000,200,0.001224
1788019653.772718000,200,0.001771
1788019654.018972000,200,0.003579
1788019654.272292000,200,0.001857
1788019654.522423000,200,0.002864
1788019654.775496000,200,0.004622
1788019655.033218000,200,0.002152
1788019655.275945000,200,0.001785
1788019655.523884000,200,0.002081
1788019655.772110000,200,0.002801
1788019656.027121000,200,0.003270
1788019656.287016000,200,0.002492
1788019656.539077000,200,0.003633
1788019656.787409000,200,0.002931
1788019657.040150000,200,0.002654
1788019657.289412000,200,0.002163
1788019657.525475000,200,0.002817
1788019657.778400000,200,0.001738
1788019658.024067000,200,0.002401
1788019658.267354000,200,0.001973
1788019658.514579000,200,0.002261
1788019658.761441000,200,0.002121
1788019659.001010000,200,0.001730
1788019659.245343000,200,0.002169
1788019659.495551000,200,0.003618
1788019659.755282000,200,0.002551
1788019660.004374000,200,0.003251
1788019660.265852000,200,0.003480
1788019660.513827000,200,0.001510
1788019660.760906000,200,0.003428
1788019661.006128000,200,0.002860
1788019661.247791000,200,0.002262
1788019661.494757000,200,0.001837
1788019661.742484000,200,0.001968
1788019661.989816000,200,0.002008
1788019662.232850000,200,0.001627
1788019662.468515000,200,0.001854
1788019662.719650000,200,0.001895
1788019662.961313000,200,0.002147
1788019663.205222000,200,0.001715
1788019663.451108000,200,0.001863
1788019663.694843000,200,0.002007
1788019663.940653000,200,0.001978
1788019664.192407000,200,0.003400
1788019664.448837000,200,0.002783
1788019664.705866000,200,0.002553
1788019664.958895000,200,0.002195
1788019665.204138000,200,0.001650
1788019665.448514000,200,0.003042
1788019665.702051000,200,0.002054
1788019665.950417000,200,0.002057
1788019666.198512000,200,0.002381
1788019666.447579000,200,0.002779
1788019666.712473000,200,0.002162
1788019666.959738000,200,0.002358
1788019667.200872000,200,0.001592
1788019667.433200000,200,0.001901
1788019667.675067000,200,0.002225
1788019667.927504000,200,0.002970
1788019668.177578000,200,0.001918
1788019668.425152000,200,0.001953
1788019668.671043000,200,0.002000
1788019668.917994000,200,0.001628
1788019669.163179000,200,0.002512
1788019669.412091000,200,0.001767
1788019669.653133000,200,0.001930
1788019669.903153000,200,0.001888
1788019670.151312000,200,0.001823
1788019670.401053000,200,0.002078
1788019670.646545000,200,0.001998
1788019670.893914000,200,0.001908
1788019671.145878000,200,0.001786
1788019671.401408000,200,0.001816
1788019671.646357000,200,0.001824
1788019671.887976000,200,0.003409
1788019672.136360000,200,0.002020
1788019672.374688000,200,0.003084
1788019672.625536000,200,0.001497
1788019672.869784000,200,0.002057
1788019673.119535000,200,0.002142
1788019673.365893000,200,0.001328
1788019673.601060000,200,0.002148
1788019673.837816000,200,0.001467
1788019674.075452000,200,0.001871
1788019674.327014000,200,0.002172
1788019674.569983000,200,0.001910
1788019674.811200000,200,0.002963
1788019675.047905000,200,0.002366
1788019675.287325000,200,0.001433
1788019675.520101000,200,0.001895
1788019675.750318000,200,0.001296
1788019675.985715000,200,0.001720
1788019676.230034000,200,0.001785
1788019676.478797000,200,0.001922
1788019676.722843000,200,0.002792
1788019676.968731000,200,0.002461
1788019677.208955000,200,0.002414
1788019677.441941000,200,0.002525
1788019677.686611000,200,0.003160
1788019677.935700000,200,0.003106
1788019678.184573000,200,0.001479
1788019678.422334000,200,0.001972
1788019678.670212000,200,0.001920
1788019678.915281000,200,0.003054
1788019679.169457000,200,0.003244
1788019679.416221000,200,0.001671
1788019679.650049000,200,0.002043
1788019679.888852000,200,0.001816
1788019680.126841000,200,0.002584
1788019680.368759000,200,0.002663
1788019680.625670000,200,0.002201
1788019680.880786000,200,0.002353
1788019681.134848000,200,0.003193
1788019681.384950000,200,0.002376
1788019681.633885000,200,0.003130
1788019681.886842000,200,0.001919
1788019682.132621000,200,0.001601
1788019682.365740000,200,0.002352
1788019682.609172000,200,0.001499
1788019682.861019000,200,0.003516
1788019683.117912000,200,0.003080
1788019683.374621000,200,0.002891
1788019683.630417000,200,0.003114
1788019683.886352000,200,0.002937
1788019684.139100000,200,0.002067
1788019684.385589000,200,0.002277
1788019684.631395000,200,0.002033
1788019684.878844000,200,0.001801
1788019685.127178000,200,0.001921
1788019685.374675000,200,0.002297
1788019685.624083000,200,0.002379
1788019685.872584000,200,0.002074
1788019686.122018000,200,0.003151
1788019686.377675000,200,0.002098
1788019686.625143000,200,0.002602
1788019686.874458000,200,0.001948
1788019687.116093000,200,0.001681
1788019687.350360000,200,0.002317
1788019687.594920000,200,0.001817
1788019687.842610000,200,0.001922
1788019688.090947000,200,0.002137
1788019688.339113000,200,0.002107
1788019688.584847000,200,0.001344
1788019688.826727000,200,0.001970
1788019689.069946000,200,0.001607
1788019689.303570000,200,0.002874
1788019689.555472000,200,0.002631
1788019689.810285000,200,0.002086
1788019690.060641000,200,0.002440
1788019690.310600000,200,0.002224
1788019690.555741000,200,0.001868
1788019690.800455000,200,0.002141
1788019691.047568000,200,0.003046
1788019691.302620000,200,0.002512
1788019691.554453000,200,0.003105
1788019691.807423000,200,0.002427
1788019692.055722000,200,0.005457
1788019692.295596000,200,0.001892
1788019692.533617000,200,0.001657
1788019692.771620000,200,0.002728
1788019693.028388000,200,0.002471
1788019693.285097000,200,0.002998
1788019693.550524000,200,0.003265
1788019693.811763000,200,0.001601
1788019694.043851000,200,0.001462
1788019694.274245000,200,0.002044
1788019694.520058000,200,0.002481
1788019694.782648000,200,0.002443
1788019695.037919000,200,0.001793
1788019695.287842000,200,0.002684
1788019695.539192000,200,0.002540
1788019695.804783000,200,0.002422
1788019696.058796000,200,0.001922
1788019696.314035000,200,0.001962
1788019696.568107000,200,0.001945
1788019696.822439000,200,0.001911
1788019697.073208000,200,0.002295
1788019697.308860000,200,0.002270
1788019697.547077000,200,0.002470
1788019697.803800000,200,0.002593
1788019698.061747000,200,0.002677
1788019698.316847000,200,0.002743
1788019698.575826000,200,0.002883
1788019698.830655000,200,0.001909
1788019699.074050000,200,0.001732
1788019699.312175000,200,0.002066
1788019699.558520000,200,0.001877
1788019699.804211000,200,0.003474
1788019700.059336000,200,0.002317
1788019700.308330000,200,0.002390
1788019700.556824000,200,0.002507
1788019700.807789000,200,0.002962
1788019701.062011000,200,0.002601
1788019701.317782000,200,0.002598
1788019701.563048000,200,0.001930
1788019701.810116000,200,0.001640
1788019702.054292000,200,0.001634
1788019702.293473000,200,0.001624
1788019702.525330000,200,0.001397
1788019702.763419000,200,0.002534
1788019703.014426000,200,0.002594
1788019703.265438000,200,0.002965
1788019703.512999000,200,0.001651
1788019703.753233000,200,0.002176
1788019703.996680000,200,0.001971
1788019704.238214000,200,0.002249
1788019704.493008000,200,0.002792
1788019704.747861000,200,0.002740
1788019705.002188000,200,0.002736
1788019705.259100000,200,0.002123
1788019705.506876000,200,0.002564
1788019705.745579000,200,0.002575
1788019705.999546000,200,0.003727
1788019706.254093000,200,0.002456
1788019706.506737000,200,0.003436
1788019706.759666000,200,0.002727
1788019707.014020000,200,0.003346
1788019707.265124000,200,0.001356
1788019707.494816000,200,0.001832
1788019707.727091000,200,0.001682
1788019707.961341000,200,0.002108
1788019708.201609000,200,0.001302
1788019708.431214000,200,0.002467
1788019708.680395000,200,0.002512
1788019708.930537000,200,0.002788
1788019709.174848000,200,0.002310
1788019709.421813000,200,0.001665
1788019709.653627000,200,0.002961
1788019709.899170000,200,0.001676
1788019710.145175000,200,0.002997
1788019710.400673000,200,0.001553
1788019710.650762000,200,0.002685
1788019710.901912000,200,0.002465
1788019711.158529000,200,0.003006
1788019711.410962000,200,0.002213
1788019711.660717000,200,0.003631
1788019711.911250000,200,0.001925
1788019712.154138000,200,0.001860
1788019712.382948000,200,0.001694
1788019712.621206000,200,0.002572
1788019712.875780000,200,0.001261
1788019713.123767000,200,0.002585
1788019713.381054000,200,0.003039
1788019713.641673000,200,0.002509
1788019713.889732000,200,0.002835
1788019714.140303000,200,0.002841
1788019714.391724000,200,0.002158
1788019714.640484000,200,0.002529
1788019714.891967000,200,0.002179
1788019715.139366000,200,0.003091
1788019715.389905000,200,0.001808
1788019715.642024000,200,0.002682
1788019715.892649000,200,0.002820
1788019716.150290000,200,0.001836
1788019716.402568000,200,0.001895
1788019716.652724000,200,0.003137
1788019716.907620000,200,0.001183
1788019717.144161000,200,0.001168
1788019717.375801000,200,0.002284
1788019717.611552000,200,0.003266
1788019717.857875000,200,0.002116
1788019718.109714000,200,0.002348
1788019718.363500000,200,0.003040
1788019718.611884000,200,0.002187
1788019718.864231000,200,0.001876
1788019719.112373000,200,0.002449
1788019719.356711000,200,0.002727
1788019719.597778000,200,0.002100
1788019719.839939000,200,0.002441
1788019720.091781000,200,0.002012
1788019720.341808000,200,0.001959
1788019720.594523000,200,0.002716
1788019720.846509000,200,0.003799
1788019721.102875000,200,0.003024
1788019721.356317000,200,0.003269
1788019721.605421000,200,0.002131
1788019721.847585000,200,0.001485
1788019722.084515000,200,0.001702
1788019722.321907000,200,0.001615
1788019722.556265000,200,0.001551
1788019722.798363000,200,0.001652
1788019723.048590000,200,0.003309
1788019723.299355000,200,0.002942
1788019723.546944000,200,0.002291
1788019723.788365000,200,0.002266
1788019724.031864000,200,0.002546
1788019724.283048000,200,0.002186
1788019724.532092000,200,0.002303
1788019724.770241000,200,0.001597
1788019725.009594000,200,0.001900
1788019725.263214000,200,0.003298
1788019725.514868000,200,0.002762
1788019725.758013000,200,0.002410
1788019726.002426000,200,0.002255
1788019726.255796000,200,0.002486
1788019726.504342000,200,0.001635
1788019726.747875000,200,0.002337
1788019726.998522000,200,0.001810
1788019727.237376000,200,0.001755
1788019727.467324000,200,0.001960
1788019727.712375000,200,0.002536
1788019727.943736000,200,0.002131
1788019728.184231000,200,0.002355
1788019728.430653000,200,0.002581
1788019728.675121000,200,0.003588
1788019728.924580000,200,0.002278
1788019729.175709000,200,0.002955
1788019729.426037000,200,0.002071
1788019729.670120000,200,0.001622
1788019729.901056000,200,0.001668
1788019730.149104000,200,0.001830
1788019730.402535000,200,0.001295
1788019730.653479000,200,0.003293
1788019730.909534000,200,0.002206
1788019731.165397000,200,0.001850
1788019731.423544000,200,0.003913
1788019731.672722000,200,0.002424
1788019731.926018000,200,0.001866
1788019732.172075000,200,0.001667
1788019732.403911000,200,0.001888
1788019732.641313000,200,0.002227
1788019732.892271000,200,0.002842
1788019733.147852000,200,0.001961
1788019733.400338000,200,0.001302
1788019733.647242000,200,0.002674
1788019733.909620000,200,0.003148
1788019734.170410000,200,0.002766
1788019734.427489000,200,0.002701
1788019734.686408000,200,0.003900
1788019734.948182000,200,0.002680
1788019735.215092000,200,0.002263
1788019735.464085000,200,0.001624
1788019735.704208000,200,0.001857
1788019735.960853000,200,0.002870
1788019736.228299000,200,0.002058
1788019736.482795000,200,0.002093
1788019736.732144000,200,0.002260
1788019736.985614000,200,0.003116
1788019737.236540000,200,0.002251
1788019737.473109000,200,0.002232
1788019737.733908000,200,0.001655
1788019737.984949000,200,0.002540
1788019738.236241000,200,0.002266
1788019738.476649000,200,0.002387
1788019738.721178000,200,0.001651
1788019738.952327000,200,0.002655
1788019739.203716000,200,0.002864
1788019739.467706000,200,0.002501
1788019739.720278000,200,0.002698
1788019739.980050000,200,0.001879
1788019740.229829000,200,0.002585
1788019740.489418000,200,0.001716
1788019740.739527000,200,0.002583
1788019741.000853000,200,0.003256
1788019741.267796000,200,0.001679
1788019741.522020000,200,0.002946
1788019741.783476000,200,0.002474
1788019742.045856000,200,0.001827
1788019742.289753000,200,0.001428
1788019742.523066000,200,0.002629
1788019742.783729000,200,0.002236
1788019743.046251000,200,0.003060
1788019743.310241000,200,0.002084
1788019743.569680000,200,0.003212
1788019743.838784000,200,0.003415
1788019744.103140000,200,0.002771
1788019744.360045000,200,0.003238
1788019744.631743000,200,0.003442
1788019744.895962000,200,0.003201
1788019745.160898000,200,0.002547
1788019745.420406000,200,0.003001
1788019745.680970000,200,0.003107
1788019745.943427000,200,0.001711
1788019746.187768000,200,0.001793
1788019746.428663000,200,0.003327
1788019746.689874000,200,0.002714
1788019746.953938000,200,0.002660
1788019747.213225000,200,0.001635
1788019747.447316000,200,0.004550
1788019747.702258000,200,0.005497
1788019747.969421000,200,0.002549
1788019748.226571000,200,0.002428
1788019748.482630000,200,0.002945
1788019748.748743000,200,0.003147
1788019749.009633000,200,0.003034
1788019749.275575000,200,0.002314
1788019749.533359000,200,0.003108
1788019749.797429000,200,0.002775
1788019750.050857000,200,0.001687
1788019750.294165000,200,0.001343
1788019750.535040000,200,0.015961
1788019750.801487000,200,0.001600
1788019751.059855000,200,0.003003
1788019751.318207000,200,0.002319
1788019751.575041000,200,0.001975
1788019751.825618000,200,0.003102
1788019752.089138000,200,0.002923
1788019752.336357000,200,0.001684
1788019752.573408000,200,0.001661
1788019752.827771000,200,0.003483
1788019753.088704000,200,0.003659
1788019753.348785000,200,0.002619
1788019753.612741000,200,0.002466
1788019753.870803000,200,0.001832
1788019754.102280000,200,0.002669
1788019754.349154000,200,0.001955
1788019754.610552000,200,0.002304
1788019754.863259000,200,0.002546
1788019755.123941000,200,0.002626
1788019755.389516000,200,0.003198
1788019755.658635000,200,0.003945
1788019755.920834000,200,0.003215
1788019756.182273000,200,0.001772
1788019756.435194000,200,0.002277
1788019756.691120000,200,0.002764
1788019756.941852000,200,0.002150
1788019757.189950000,200,0.001605
1788019757.423985000,200,0.002389
1788019757.672802000,200,0.007637
1788019757.942730000,200,0.002721
1788019758.212376000,200,0.002167
1788019758.472581000,200,0.003548
1788019758.739468000,200,0.002159
1788019758.998257000,200,0.002867
1788019759.263706000,200,0.002671
1788019759.527884000,200,0.002993
1788019759.790565000,200,0.001691
1788019760.039387000,200,0.001774
1788019760.294959000,200,0.002721
1788019760.551947000,200,0.002493
1788019760.807628000,200,0.001934
1788019761.055677000,200,0.003497
1788019761.321737000,200,0.002845
1788019761.584310000,200,0.002637
1788019761.848047000,200,0.003022
1788019762.105001000,200,0.003033
1788019762.347207000,200,0.002203
1788019762.586633000,200,0.002235
1788019762.851376000,200,0.003075
1788019763.110662000,200,0.003103
1788019763.377571000,200,0.003450
1788019763.635524000,200,0.002192
1788019763.887256000,200,0.003012
1788019764.150144000,200,0.005289
1788019764.425109000,200,0.002468
1788019764.681504000,200,0.003206
1788019764.943042000,200,0.002939
1788019765.190279000,200,0.002499
1788019765.435762000,200,0.002832
1788019765.696200000,200,0.003489
1788019765.956716000,200,0.003609
1788019766.223686000,200,0.002533
1788019766.481415000,200,0.003229
1788019766.736462000,200,0.002846
1788019766.999522000,200,0.002491
1788019767.248398000,200,0.001906
1788019767.482568000,200,0.002278
1788019767.729154000,200,0.002079
1788019767.982287000,200,0.002023
1788019768.228682000,200,0.002326
1788019768.463104000,200,0.002116
1788019768.719648000,200,0.002142
1788019768.972977000,200,0.001721
1788019769.217487000,200,0.001840
1788019769.462028000,200,0.001838
1788019769.705501000,200,0.001875
1788019769.951025000,200,0.002543
1788019770.204813000,200,0.003295
1788019770.460166000,200,0.001411
1788019770.705510000,200,0.002176
1788019770.967208000,200,0.002178
1788019771.226175000,200,0.002933
1788019771.486188000,200,0.003031
1788019771.746783000,200,0.001840
1788019771.999284000,200,0.001864
1788019772.236699000,200,0.001685
1788019772.468649000,200,0.001903
1788019772.716967000,200,0.003242
1788019772.980781000,200,0.001455
1788019773.224119000,200,0.002638
1788019773.478557000,200,0.001505
1788019773.729064000,200,0.003191
1788019773.998559000,200,0.002555
1788019774.261518000,200,0.002745
1788019774.518489000,200,0.002585
1788019774.790350000,200,0.003173
1788019775.050835000,200,0.004069
1788019775.310761000,200,0.002178
1788019775.566447000,200,0.001778
1788019775.820430000,200,0.003158
1788019776.089399000,200,0.003183
1788019776.353618000,200,0.002689
1788019776.622150000,200,0.003266
1788019776.890561000,200,0.002474
1788019777.147240000,200,0.002107
1788019777.388218000,200,0.003755
1788019777.636239000,200,0.002871
1788019777.897665000,200,0.001914
1788019778.143757000,200,0.001834
1788019778.403823000,200,0.002458
1788019778.665714000,200,0.002839
1788019778.923205000,200,0.002082
1788019779.184385000,200,0.001588
1788019779.429186000,200,0.002155
1788019779.691984000,200,0.002491
1788019779.955564000,200,0.001988
1788019780.206494000,200,0.002462
1788019780.455725000,200,0.001347
1788019780.705310000,200,0.003023
1788019780.965276000,200,0.001666
1788019781.222400000,200,0.002197
1788019781.476962000,200,0.002548
1788019781.741743000,200,0.002903
1788019781.995791000,200,0.001816
1788019782.234970000,200,0.001478
1788019782.468966000,200,0.002810
1788019782.738167000,200,0.001250
1788019782.986921000,200,0.002132
1788019783.235321000,200,0.002049
1788019783.481453000,200,0.001890
1788019783.724726000,200,0.011725
1788019783.992179000,200,0.002365
1788019784.250398000,200,0.002290
1788019784.512673000,200,0.003248
1788019784.775185000,200,0.003527
1788019785.032670000,200,0.002927
1788019785.292245000,200,0.002832
1788019785.553380000,200,0.002306
1788019785.818044000,200,0.002026
1788019786.076205000,200,0.003542
1788019786.337129000,200,0.002218
1788019786.590093000,200,0.002786
1788019786.871348000,200,0.002369
1788019787.125441000,200,0.003016
1788019787.358230000,200,0.002561
1788019787.607976000,200,0.002928
1788019787.873703000,200,0.003720
1788019788.136570000,200,0.003594
1788019788.393530000,200,0.001763
1788019788.640255000,200,0.003296
1788019788.900224000,200,0.002916
1788019789.163853000,200,0.003210
1788019789.421526000,200,0.002503
1788019789.677129000,200,0.001894
1788019789.931136000,200,0.002025
1788019790.187413000,200,0.001658
1788019790.434203000,200,0.001314
1788019790.679145000,200,0.002148
1788019790.925248000,200,0.001485
1788019791.170440000,200,0.002254
1788019791.422982000,200,0.002039
1788019791.670662000,200,0.002903
1788019791.926289000,200,0.002972
1788019792.179159000,200,0.001612
1788019792.414772000,200,0.002541
1788019792.662117000,200,0.001800
1788019792.919838000,200,0.002789
1788019793.184258000,200,0.003633
1788019793.446178000,200,0.002649
1788019793.698911000,200,0.003149
1788019793.958183000,200,0.002492
1788019794.220059000,200,0.002938
1788019794.487402000,200,0.003182
1788019794.747075000,200,0.002167
1788019795.004283000,200,0.003277
1788019795.264027000,200,0.002266
1788019795.522200000,200,0.003269
1788019795.776331000,200,0.002567
1788019796.025215000,200,0.002093
1788019796.269320000,200,0.002531
1788019796.507025000,200,0.002279
1788019796.748191000,200,0.002076
1788019796.996117000,200,0.001835
1788019797.231422000,200,0.001738
1788019797.463108000,200,0.002363
1788019797.713757000,200,0.002421
1788019797.964458000,200,0.002575
1788019798.210956000,200,0.002356
1788019798.446623000,200,0.002195
1788019798.697573000,200,0.001863
1788019798.944626000,200,0.001515
1788019799.184082000,200,0.002028
1788019799.429617000,200,0.001771
1788019799.677889000,200,0.001409
1788019799.919132000,200,0.002353
1788019800.164164000,200,0.003027
1788019800.413830000,200,0.001241
1788019800.659145000,200,0.002275
1788019800.907368000,200,0.001670
1788019801.159109000,200,0.002074
1788019801.405297000,200,0.008263
1788019801.666021000,200,0.002616
1788019801.921533000,200,0.002787
1788019802.174914000,200,0.001345
1788019802.403414000,200,0.001771
1788019802.649053000,200,0.001904
1788019802.899129000,200,0.002396
1788019803.147271000,200,0.003021
1788019803.399934000,200,0.002269
1788019803.651131000,200,0.002685
1788019803.898330000,200,0.002873
1788019804.152178000,200,0.002687
1788019804.407320000,200,0.002296
1788019804.658082000,200,0.002700
1788019804.903474000,200,0.002354
1788019805.152622000,200,0.002264
1788019805.402381000,200,0.001767
1788019805.648774000,200,0.002239
1788019805.892759000,200,0.002346
1788019806.149076000,200,0.003756
1788019806.407914000,200,0.003090
1788019806.657084000,200,0.002531
1788019806.905559000,200,0.001695
1788019807.145458000,200,0.001614
1788019807.380692000,200,0.001726
1788019807.619577000,200,0.001972
1788019807.865720000,200,0.002436
1788019808.123054000,200,0.002546
1788019808.375088000,200,0.002957
1788019808.629798000,200,0.002167
1788019808.883153000,200,0.003171
1788019809.138439000,200,0.001745
1788019809.387540000,200,0.002210
1788019809.636462000,200,0.002219
1788019809.880470000,200,0.001717
1788019810.129168000,200,0.001958
1788019810.377124000,200,0.002394
1788019810.622331000,200,0.001840
1788019810.871056000,200,0.001967
1788019811.119216000,200,0.001800
1788019811.367329000,200,0.002146
1788019811.613128000,200,0.001671
1788019811.858004000,200,0.002061
1788019812.104552000,200,0.001365
1788019812.337928000,200,0.001664
1788019812.577526000,200,0.002220
1788019812.830332000,200,0.002392
1788019813.088325000,200,0.003353
1788019813.339418000,200,0.002076
1788019813.587267000,200,0.001891
1788019813.831842000,200,0.001484
1788019814.064193000,200,0.001501
1788019814.300056000,200,0.002011
1788019814.547107000,200,0.001993
1788019814.796528000,200,0.001856
1788019815.044423000,200,0.002489
1788019815.291773000,200,0.001994
1788019815.539719000,200,0.001811
1788019815.787353000,200,0.002225
1788019816.034508000,200,0.002387
1788019816.277643000,200,0.001849
1788019816.523748000,200,0.003116
1788019816.773199000,200,0.003817
1788019817.025281000,200,0.002391
1788019817.257791000,200,0.001631
1788019817.488655000,200,0.003623
1788019817.732557000,200,0.002133
1788019817.979550000,200,0.003481
1788019818.229136000,200,0.001819
1788019818.481642000,200,0.003399
1788019818.737493000,200,0.001846
1788019818.988373000,200,0.002601
1788019819.239068000,200,0.003188
1788019819.491059000,200,0.002663
1788019819.742092000,200,0.002268
1788019819.993813000,200,0.003415
1788019820.248748000,200,0.002290
1788019820.495088000,200,0.001644
1788019820.744255000,200,0.003225
1788019820.995944000,200,0.002414
1788019821.248790000,200,0.003127
1788019821.501945000,200,0.002443
1788019821.753456000,200,0.002430
1788019822.007718000,200,0.002349
1788019822.259170000,200,0.001913
1788019822.493376000,200,0.001778
1788019822.739612000,200,0.002385
1788019822.987008000,200,0.001679
1788019823.232281000,200,0.002719
1788019823.482772000,200,0.003120
1788019823.734731000,200,0.002842
1788019823.987098000,200,0.002542
1788019824.230437000,200,0.002315
1788019824.464365000,200,0.002738
1788019824.706549000,200,0.002220
1788019824.953547000,200,0.002599
1788019825.200755000,200,0.002352
1788019825.440693000,200,0.001453
1788019825.671379000,200,0.002993
1788019825.921200000,200,0.003203
1788019826.180331000,200,0.003490
1788019826.435993000,200,0.002409
1788019826.686633000,200,0.002341
1788019826.937575000,200,0.002802
1788019827.186917000,200,0.002253
1788019827.419803000,200,0.001837
1788019827.669148000,200,0.002355
1788019827.921826000,200,0.002713
1788019828.169941000,200,0.001838
1788019828.417638000,200,0.001814
1788019828.667682000,200,0.001877
1788019828.912533000,200,0.003919
1788019829.171501000,200,0.002316
1788019829.424993000,200,0.002999
1788019829.676614000,200,0.003013
1788019829.931246000,200,0.001821
1788019830.183911000,200,0.002890
1788019830.434751000,200,0.000870
1788019830.677282000,200,0.002845
1788019830.927831000,200,0.001562
1788019831.173238000,200,0.002627
1788019831.428434000,200,0.001844
1788019831.673634000,200,0.003818
1788019831.927427000,200,0.002688
1788019832.174060000,200,0.001656
1788019832.405474000,200,0.001843
1788019832.648739000,200,0.002064
1788019832.899446000,200,0.002169
1788019833.146439000,200,0.002709
1788019833.396809000,200,0.002915
1788019833.635852000,200,0.002647
1788019833.870572000,200,0.003490
1788019834.122448000,200,0.001934
1788019834.373076000,200,0.003106
1788019834.622589000,200,0.002666
1788019834.870479000,200,0.003019
1788019835.122847000,200,0.002160
1788019835.367220000,200,0.002878
1788019835.621644000,200,0.003369
1788019835.872790000,200,0.002748
1788019836.123233000,200,0.002229
1788019836.374549000,200,0.002353
1788019836.629410000,200,0.002057
1788019836.879393000,200,0.003245
1788019837.125246000,200,0.001623
1788019837.358834000,200,0.001913
1788019837.595574000,200,0.001957
1788019837.830091000,200,0.002062
1788019838.078584000,200,0.002418
1788019838.330371000,200,0.002350
1788019838.582536000,200,0.002510
1788019838.831016000,200,0.002392
1788019839.077684000,200,0.002565
1788019839.323941000,200,0.002255
1788019839.573630000,200,0.003175
1788019839.827931000,200,0.002412
1788019840.074226000,200,0.002849
1788019840.326151000,200,0.002018
1788019840.578729000,200,0.002276
1788019840.831372000,200,0.002607
1788019841.083866000,200,0.002455
1788019841.335135000,200,0.001819
1788019841.580288000,200,0.001634
1788019841.830455000,200,0.003240
1788019842.082482000,200,0.002106
1788019842.323010000,200,0.001744
1788019842.560844000,200,0.002080
1788019842.812259000,200,0.001984
1788019843.064412000,200,0.002251
1788019843.313209000,200,0.002320
1788019843.566159000,200,0.002234
1788019843.813540000,200,0.002636
1788019844.063463000,200,0.003327
1788019844.314223000,200,0.002336
1788019844.563606000,200,0.002348
1788019844.812957000,200,0.002379
1788019845.057312000,200,0.002851
1788019845.305545000,200,0.002742
1788019845.557914000,200,0.002115
1788019845.801683000,200,0.004272
1788019846.055284000,200,0.003442
1788019846.310510000,200,0.002223
1788019846.561295000,200,0.001752
1788019846.814283000,200,0.003057
1788019847.063011000,200,0.001555
1788019847.296399000,200,0.001859
1788019847.531112000,200,0.001917
1788019847.776743000,200,0.003003
1788019848.027706000,200,0.002576
1788019848.280102000,200,0.002386
1788019848.531748000,200,0.002830
1788019848.781435000,200,0.002007
1788019849.029894000,200,0.001954
1788019849.270545000,200,0.002751
1788019849.512625000,200,0.003038
1788019849.753460000,200,0.002535
1788019849.995848000,200,0.002501
1788019850.247183000,200,0.002271
1788019850.494130000,200,0.001596
1788019850.738229000,200,0.002717
1788019850.990275000,200,0.003160
1788019851.245853000,200,0.002591
1788019851.497695000,200,0.003544
1788019851.753888000,200,0.002430
1788019852.006098000,200,0.002606
1788019852.252661000,200,0.001375
1788019852.488267000,200,0.001952
1788019852.724988000,200,0.001903
1788019852.958554000,200,0.003083
1788019853.207513000,200,0.002212
1788019853.453793000,200,0.002570
1788019853.705715000,200,0.002401
1788019853.950331000,200,0.001898
1788019854.197195000,200,0.002180
1788019854.447746000,200,0.002635
1788019854.700674000,200,0.002444
1788019854.955117000,200,0.002381
1788019855.206536000,200,0.002417
1788019855.455988000,200,0.002098
1788019855.697554000,200,0.002219
1788019855.943948000,200,0.002447
1788019856.197997000,200,0.001888
1788019856.446114000,200,0.002058
1788019856.698297000,200,0.003075
1788019856.950051000,200,0.002479
1788019857.196772000,200,0.001664
1788019857.429673000,200,0.001927
1788019857.673512000,200,0.002079
1788019857.921934000,200,0.002242
1788019858.171637000,200,0.001945
1788019858.407262000,200,0.002153
1788019858.661368000,200,0.002708
1788019858.912564000,200,0.002170
1788019859.163555000,200,0.002275
1788019859.418068000,200,0.002262
1788019859.666017000,200,0.002410
1788019859.918901000,200,0.002676
1788019860.173085000,200,0.003622
1788019860.426736000,200,0.001764
1788019860.671916000,200,0.002927
1788019860.920195000,200,0.001665
1788019861.172005000,200,0.002718
1788019861.424218000,200,0.002354
1788019861.672157000,200,0.002349
1788019861.933141000,200,0.001963
1788019862.180915000,200,0.001710
1788019862.409743000,200,0.001352
1788019862.649425000,200,0.002786
1788019862.907675000,200,0.002448
1788019863.166910000,200,0.002114
1788019863.421907000,200,0.002183
1788019863.672093000,200,0.002458
1788019863.923087000,200,0.003309
1788019864.176885000,200,0.002622
1788019864.427894000,200,0.003543
1788019864.684960000,200,0.002565
1788019864.936879000,200,0.001862
1788019865.192013000,200,0.003799
1788019865.447528000,200,0.002721
1788019865.699330000,200,0.003418
1788019865.949147000,200,0.002928
1788019866.202414000,200,0.002418
1788019866.466042000,200,0.003221
1788019866.722731000,200,0.001949
1788019866.972975000,200,0.002509
1788019867.218689000,200,0.001943
1788019867.450240000,200,0.004309
1788019867.698883000,200,0.002548
1788019867.953263000,200,0.002528
1788019868.205840000,200,0.002559
1788019868.455162000,200,0.003314
1788019868.705719000,200,0.002471
1788019868.954185000,200,0.003029
1788019869.204769000,200,0.001974
1788019869.458414000,200,0.003068
1788019869.713631000,200,0.003217
1788019869.973658000,200,0.003364
1788019870.226533000,200,0.001881
1788019870.474210000,200,0.001395
1788019870.721565000,200,0.002650
1788019870.974388000,200,0.001640
1788019871.222239000,200,0.002254
1788019871.472759000,200,0.002415
1788019871.724116000,200,0.003440
1788019871.980710000,200,0.002274
1788019872.224153000,200,0.001481
1788019872.456538000,200,0.001631
1788019872.701258000,200,0.002080
1788019872.957691000,200,0.002519
1788019873.207616000,200,0.002178
1788019873.459118000,200,0.002881
1788019873.709075000,200,0.001703
1788019873.942469000,200,0.001364
1788019874.171835000,200,0.002521
1788019874.416022000,200,0.002135
1788019874.667568000,200,0.003080
1788019874.912592000,200,0.002764
1788019875.162918000,200,0.002071
1788019875.413936000,200,0.002287
1788019875.666327000,200,0.003164
1788019875.918543000,200,0.002449
1788019876.173466000,200,0.002437
1788019876.424157000,200,0.002002
1788019876.676043000,200,0.002238
1788019876.924137000,200,0.002382
1788019877.171114000,200,0.002603
1788019877.400665000,200,0.002184
1788019877.640689000,200,0.001735
1788019877.885455000,200,0.002799
1788019878.139645000,200,0.002855
1788019878.398754000,200,0.002194
1788019878.655039000,200,0.002503
1788019878.906459000,200,0.002065
1788019879.155081000,200,0.002536
1788019879.397650000,200,0.001874
1788019879.634647000,200,0.002352
1788019879.886123000,200,0.002375
1788019880.137084000,200,0.003058
1788019880.392863000,200,0.003033
1788019880.656015000,200,0.002891
1788019880.913509000,200,0.002945
1788019881.170742000,200,0.003310
1788019881.430860000,200,0.002824
1788019881.681775000,200,0.002637
1788019881.929543000,200,0.002601
1788019882.180529000,200,0.001622
1788019882.412833000,200,0.001854
1788019882.655294000,200,0.002226
1788019882.910186000,200,0.003347
1788019883.165229000,200,0.002786
1788019883.421937000,200,0.002520
1788019883.672271000,200,0.002437
1788019883.922602000,200,0.002274
1788019884.175541000,200,0.004402
1788019884.429722000,200,0.002854
1788019884.683007000,200,0.002569
1788019884.924859000,200,0.002390
1788019885.172304000,200,0.003232
1788019885.423777000,200,0.001707
1788019885.671570000,200,0.001805
1788019885.921397000,200,0.002017
1788019886.169730000,200,0.002332
1788019886.425581000,200,0.002525
1788019886.677337000,200,0.001744
1788019886.921862000,200,0.002328
1788019887.169638000,200,0.001663
1788019887.401646000,200,0.001836
1788019887.632869000,200,0.002149
1788019887.863213000,200,0.001549
1788019888.099261000,200,0.001880
1788019888.343602000,200,0.002421
1788019888.592913000,200,0.002528
1788019888.841818000,200,0.002301
1788019889.091870000,200,0.002160
1788019889.335653000,200,0.001631
1788019889.580087000,200,0.002242
1788019889.829018000,200,0.001838
1788019890.075497000,200,0.001578
1788019890.315142000,200,0.001870
1788019890.559007000,200,0.002574
1788019890.807678000,200,0.002404
1788019891.056223000,200,0.002049
1788019891.303977000,200,0.001823
1788019891.552044000,200,0.002186
1788019891.800067000,200,0.002704
1788019892.045888000,200,0.001893
1788019892.287295000,200,0.001511
1788019892.522238000,200,0.001659
1788019892.769855000,200,0.002823
1788019893.020902000,200,0.002114
1788019893.271731000,200,0.002243
1788019893.528909000,200,0.002743
1788019893.781391000,200,0.001766
1788019894.030466000,200,0.002680
1788019894.284283000,200,0.001939
1788019894.534759000,200,0.001959
1788019894.781184000,200,0.001944
1788019895.029976000,200,0.001858
1788019895.278018000,200,0.001796
1788019895.527198000,200,0.001739
1788019895.776410000,200,0.002363
1788019896.025544000,200,0.002133
1788019896.272253000,200,0.001930
1788019896.516092000,200,0.001774
1788019896.761647000,200,0.001982
1788019897.009289000,200,0.001989
1788019897.256227000,200,0.002055
1788019897.492455000,200,0.002193
1788019897.738201000,200,0.001812
1788019897.984832000,200,0.002308
1788019898.231068000,200,0.001852
1788019898.479106000,200,0.001824
1788019898.724393000,200,0.002092
1788019898.970617000,200,0.001733
1788019899.213096000,200,0.001460
1788019899.459134000,200,0.002217
1788019899.701460000,200,0.001912
1788019899.946660000,200,0.002109
1788019900.191294000,200,0.001891
1788019900.435276000,200,0.000997
1788019900.678778000,200,0.002173
1788019900.924145000,200,0.002146
1788019901.169498000,200,0.001969
1788019901.414113000,200,0.001842
1788019901.660803000,200,0.002045
1788019901.905942000,200,0.001877
1788019902.145764000,200,0.001368
1788019902.378748000,200,0.001549
1788019902.615508000,200,0.002432
1788019902.866284000,200,0.001571
1788019903.109976000,200,0.002047
1788019903.356776000,200,0.001916
1788019903.600093000,200,0.002119
1788019903.846471000,200,0.002844
1788019904.089565000,200,0.001988
1788019904.333670000,200,0.001726
1788019904.580755000,200,0.001955
1788019904.829204000,200,0.001799
1788019905.073531000,200,0.001715
1788019905.319124000,200,0.002041
1788019905.565284000,200,0.002009
1788019905.813205000,200,0.001954
1788019906.060937000,200,0.002052
1788019906.306865000,200,0.002157
1788019906.553377000,200,0.002395
1788019906.803113000,200,0.003573
1788019907.058077000,200,0.002260
1788019907.303646000,200,0.001775
1788019907.538754000,200,0.001837
1788019907.781699000,200,0.001886
1788019908.029524000,200,0.001815
1788019908.274479000,200,0.002267
1788019908.522662000,200,0.001893
1788019908.771028000,200,0.001880
1788019909.016312000,200,0.001914
1788019909.260188000,200,0.001260
1788019909.500029000,200,0.002009
1788019909.748229000,200,0.002079
1788019909.996114000,200,0.002426
1788019910.242545000,200,0.002185
1788019910.486570000,200,0.001103
1788019910.733566000,200,0.002255
1788019910.980743000,200,0.001850
1788019911.229794000,200,0.002538
1788019911.480444000,200,0.002136
1788019911.728124000,200,0.001926
1788019911.977503000,200,0.003160
1788019912.221578000,200,0.001292
1788019912.454283000,200,0.001715
1788019912.704459000,200,0.002008
1788019912.951017000,200,0.002507
1788019913.198113000,200,0.002874
1788019913.447520000,200,0.002351
1788019913.696986000,200,0.001649
1788019913.948211000,200,0.003354
1788019914.198722000,200,0.002206
1788019914.446371000,200,0.001684
1788019914.691488000,200,0.001928
1788019914.939316000,200,0.002774
1788019915.191918000,200,0.002998
1788019915.446255000,200,0.003583
1788019915.695856000,200,0.002862
1788019915.949556000,200,0.002466
1788019916.203017000,200,0.002580
1788019916.455019000,200,0.003275
1788019916.706987000,200,0.003005
1788019916.956143000,200,0.002564
1788019917.205895000,200,0.002259
1788019917.434144000,200,0.001628
1788019917.677698000,200,0.002813
1788019917.928560000,200,0.003383
1788019918.177022000,200,0.001551
1788019918.414845000,200,0.002147
1788019918.661366000,200,0.002120
1788019918.906992000,200,0.002279
1788019919.152778000,200,0.002573
1788019919.398989000,200,0.001791
1788019919.646418000,200,0.002013
1788019919.890844000,200,0.001798
1788019920.134686000,200,0.002235
1788019920.382374000,200,0.003260
1788019920.629069000,200,0.002506
1788019920.881663000,200,0.002587
1788019921.134743000,200,0.002518
1788019921.391013000,200,0.002715
1788019921.643187000,200,0.002187
1788019921.902535000,200,0.001708
1788019922.147852000,200,0.001669
1788019922.379448000,200,0.002035
1788019922.619884000,200,0.001487
1788019922.866871000,200,0.002817
1788019923.116423000,200,0.002071
1788019923.372375000,200,0.002562
1788019923.626221000,200,0.002584
1788019923.874809000,200,0.002503
1788019924.123240000,200,0.002302
1788019924.362509000,200,0.001900
1788019924.614219000,200,0.002705
1788019924.870136000,200,0.003383
1788019925.122137000,200,0.002512
1788019925.374340000,200,0.002595
1788019925.629263000,200,0.003118
1788019925.886042000,200,0.002650
1788019926.140555000,200,0.001816
1788019926.390274000,200,0.002012
1788019926.639055000,200,0.003411
1788019926.891624000,200,0.002392
1788019927.135172000,200,0.001760
1788019927.370903000,200,0.001668
1788019927.601453000,200,0.001903
1788019927.845958000,200,0.002921
1788019928.098486000,200,0.003076
1788019928.350918000,200,0.002834
1788019928.601572000,200,0.002808
1788019928.855649000,200,0.004846
1788019929.119596000,200,0.002947
1788019929.372299000,200,0.002928
1788019929.624904000,200,0.002402
1788019929.879520000,200,0.003049
1788019930.136459000,200,0.002335
1788019930.388775000,200,0.004553
1788019930.640534000,200,0.002245
1788019930.888514000,200,0.001817
1788019931.139825000,200,0.001739
1788019931.389397000,200,0.002802
1788019931.644816000,200,0.002298
1788019931.899455000,200,0.002047
1788019932.144833000,200,0.001693
1788019932.380825000,200,0.002246
1788019932.616199000,200,0.001272
1788019932.860359000,200,0.002856
1788019933.114078000,200,0.002071
1788019933.361616000,200,0.003077
1788019933.613180000,200,0.002028
1788019933.858856000,200,0.001378
1788019934.083050000,200,0.001856
1788019934.318444000,200,0.001692
1788019934.560659000,200,0.001848
1788019934.803765000,200,0.002186
1788019935.046087000,200,0.001925
1788019935.297151000,200,0.003626
1788019935.545927000,200,0.001757
1788019935.778101000,200,0.001597
1788019936.013045000,200,0.002352
1788019936.254276000,200,0.001975
1788019936.493912000,200,0.002275
1788019936.746388000,200,0.002994
1788019936.996547000,200,0.003247
1788019937.243510000,200,0.001638
1788019937.470511000,200,0.001827
1788019937.715946000,200,0.001908
1788019937.961427000,200,0.002255
1788019938.213023000,200,0.003162
1788019938.468388000,200,0.002466
1788019938.720524000,200,0.002309
1788019938.971226000,200,0.002258
1788019939.221277000,200,0.003093
1788019939.479238000,200,0.002358
1788019939.731100000,200,0.003117
1788019939.981827000,200,0.002859
1788019940.238620000,200,0.002564
1788019940.484308000,200,0.001349
1788019940.732022000,200,0.001788
1788019940.982085000,200,0.002410
1788019941.234694000,200,0.002119
1788019941.482322000,200,0.002366
1788019941.729403000,200,0.002798
1788019941.981677000,200,0.003318
1788019942.231467000,200,0.002979
1788019942.467278000,200,0.001791
1788019942.715932000,200,0.002377
1788019942.964057000,200,0.002641
1788019943.217383000,200,0.002149
1788019943.464509000,200,0.001974
1788019943.699036000,200,0.002527
1788019943.940563000,200,0.001688
1788019944.175550000,200,0.003300
1788019944.418206000,200,0.001899
1788019944.663999000,200,0.002042
1788019944.917138000,200,0.002850
1788019945.177625000,200,0.003225
1788019945.432210000,200,0.001650
1788019945.680018000,200,0.002952
1788019945.946848000,200,0.002270
1788019946.206765000,200,0.002916
1788019946.467251000,200,0.003205
1788019946.735408000,200,0.001675
1788019947.001144000,200,0.003215
1788019947.259923000,200,0.001790
1788019947.496100000,200,0.002728
1788019947.745160000,200,0.002353
1788019947.998841000,200,0.001807
1788019948.251692000,200,0.002869
1788019948.493861000,200,0.003301
1788019948.758934000,200,0.003069
1788019949.031850000,200,0.003461
1788019949.297954000,200,0.002850
1788019949.557371000,200,0.002697
1788019949.819849000,200,0.002644
1788019950.082297000,200,0.002571
1788019950.345243000,200,0.002996
1788019950.605717000,200,0.002757
1788019950.860796000,200,0.002348
1788019951.128369000,200,0.003559
1788019951.388382000,200,0.002762
1788019951.649339000,200,0.004112
1788019951.911287000,200,0.002123
1788019952.156941000,200,0.001401
1788019952.384494000,200,0.002468
1788019952.625402000,200,0.002265
1788019952.880562000,200,0.002638
1788019953.141002000,200,0.003116
1788019953.407156000,200,0.002487
1788019953.674046000,200,0.003175
1788019953.944689000,200,0.002685
1788019954.201811000,200,0.001950
1788019954.453301000,200,0.002682
1788019954.722258000,200,0.003056
1788019954.991752000,200,0.003260
1788019955.254721000,200,0.002640
1788019955.518525000,200,0.002535
1788019955.783228000,200,0.002823
1788019956.049847000,200,0.002818
1788019956.310430000,200,0.002332
1788019956.566719000,200,0.002908
1788019956.817925000,200,0.002067
1788019957.073815000,200,0.002164
1788019957.329889000,200,0.002133
1788019957.566352000,200,0.002915
1788019957.829249000,200,0.003222
1788019958.096209000,200,0.003694
1788019958.357345000,200,0.002669
1788019958.623199000,200,0.002662
1788019958.892422000,200,0.002959
1788019959.154563000,200,0.002483
1788019959.413949000,200,0.002901
1788019959.671981000,200,0.002882
1788019959.931235000,200,0.002219
1788019960.192227000,200,0.003224
1788019960.455150000,200,0.001602
1788019960.701059000,200,0.001458
1788019960.944997000,200,0.002429
1788019961.200741000,200,0.001371
1788019961.466642000,200,0.002339
1788019961.725928000,200,0.003476
1788019961.986936000,200,0.003557
1788019962.245210000,200,0.002038
1788019962.481608000,200,0.001513
1788019962.720588000,200,0.003123
1788019962.993867000,200,0.002039
1788019963.235652000,200,0.001494
1788019963.476794000,200,0.001885
1788019963.726222000,200,0.002319
1788019963.975382000,200,0.001986
1788019964.223018000,200,0.001693
1788019964.470072000,200,0.001888
1788019964.716383000,200,0.002245
1788019964.958931000,200,0.001504
1788019965.194979000,200,0.001863
1788019965.435134000,200,0.003693
1788019965.686167000,200,0.003097
1788019965.944407000,200,0.003973
1788019966.200603000,200,0.002533
1788019966.452037000,200,0.003867
1788019966.707291000,200,0.001732
1788019966.954851000,200,0.003061
1788019967.196718000,200,0.001554
1788019967.425562000,200,0.001861
1788019967.673023000,200,0.001851
1788019967.918737000,200,0.001827
1788019968.162009000,200,0.001883
1788019968.407511000,200,0.002579
1788019968.663011000,200,0.002847
1788019968.914239000,200,0.001749
1788019969.159152000,200,0.002388
1788019969.411177000,200,0.002248
1788019969.668105000,200,0.003261
1788019969.920291000,200,0.002012
1788019970.167831000,200,0.001923
1788019970.415802000,200,0.001141
1788019970.657308000,200,0.001839
1788019970.905697000,200,0.002250
1788019971.151348000,200,0.001912
1788019971.406673000,200,0.002525
1788019971.659188000,200,0.001941
1788019971.907260000,200,0.003143
1788019972.158323000,200,0.001644
1788019972.391587000,200,0.003815
1788019972.627591000,200,0.001624
1788019972.875785000,200,0.002672
1788019973.127090000,200,0.001478
1788019973.375284000,200,0.003063
1788019973.629924000,200,0.002414
1788019973.887818000,200,0.003157
1788019974.144894000,200,0.003013
1788019974.398380000,200,0.002284
1788019974.650853000,200,0.003621
1788019974.901267000,200,0.004226
1788019975.149745000,200,0.002622
1788019975.393700000,200,0.003366
1788019975.643302000,200,0.002823
1788019975.894747000,200,0.003353
1788019976.144345000,200,0.001915
1788019976.394898000,200,0.002231
1788019976.648642000,200,0.002683
1788019976.902687000,200,0.002580
1788019977.154395000,200,0.001744
1788019977.389436000,200,0.001798
1788019977.629850000,200,0.002418
1788019977.878837000,200,0.002579
1788019978.127225000,200,0.001922
1788019978.372285000,200,0.002041
1788019978.616066000,200,0.002572
1788019978.865772000,200,0.003300
1788019979.116795000,200,0.002708
1788019979.367884000,200,0.002147
1788019979.614270000,200,0.001861
1788019979.860033000,200,0.002586
1788019980.109033000,200,0.002497
1788019980.355947000,200,0.002129
1788019980.602149000,200,0.002537
1788019980.847881000,200,0.002797
1788019981.102059000,200,0.002986
1788019981.360018000,200,0.002406
1788019981.611058000,200,0.002202
1788019981.860691000,200,0.003426
1788019982.115662000,200,0.001722
1788019982.354046000,200,0.001846
1788019982.589169000,200,0.002280
1788019982.843358000,200,0.003387
1788019983.095953000,200,0.002381
1788019983.348156000,200,0.002207
1788019983.601882000,200,0.001794
1788019983.852650000,200,0.003052
1788019984.108323000,200,0.001901
1788019984.361987000,200,0.002018
1788019984.615527000,200,0.002653
1788019984.867468000,200,0.002645
1788019985.119861000,200,0.003335
1788019985.374545000,200,0.002752
1788019985.630615000,200,0.002220
1788019985.875260000,200,0.001675
1788019986.124228000,200,0.003344
1788019986.380861000,200,0.002546
1788019986.628488000,200,0.002930
1788019986.882892000,200,0.002102
1788019987.139673000,200,0.002241
1788019987.370459000,200,0.001847
1788019987.612506000,200,0.002569
1788019987.866043000,200,0.003598
1788019988.119531000,200,0.001807
1788019988.351436000,200,0.001473
1788019988.587767000,200,0.002242
1788019988.838836000,200,0.003249
1788019989.090777000,200,0.002555
1788019989.343878000,200,0.003228
1788019989.595568000,200,0.002893
1788019989.849896000,200,0.002799
1788019990.098741000,200,0.002626
1788019990.347705000,200,0.002465
1788019990.596708000,200,0.001701
1788019990.844951000,200,0.002569
1788019991.097018000,200,0.003153
1788019991.348472000,200,0.003472
1788019991.601774000,200,0.003197
1788019991.855103000,200,0.002858
1788019992.105662000,200,0.001881
1788019992.347831000,200,0.001624
1788019992.579334000,200,0.002120
1788019992.833066000,200,0.002042
1788019993.084023000,200,0.002686
1788019993.332661000,200,0.002324
1788019993.586843000,200,0.002436
1788019993.835111000,200,0.001415
1788019994.064046000,200,0.001385
1788019994.300849000,200,0.001752
1788019994.543903000,200,0.002094
1788019994.795653000,200,0.002906
1788019995.049442000,200,0.002809
1788019995.299062000,200,0.002369
1788019995.548682000,200,0.002398
1788019995.809459000,200,0.002700
1788019996.058147000,200,0.002684
1788019996.309428000,200,0.002095
1788019996.557578000,200,0.002398
1788019996.807584000,200,0.002721
1788019997.059048000,200,0.002996
1788019997.302623000,200,0.001789
1788019997.537244000,200,0.002058
1788019997.782680000,200,0.002274
1788019998.039366000,200,0.002295
1788019998.293356000,200,0.002733
1788019998.540693000,200,0.002073
1788019998.786234000,200,0.002656
1788019999.044925000,200,0.003158
1788019999.299366000,200,0.002325
1788019999.549450000,200,0.002526
1788019999.803399000,200,0.002425
1788020000.058470000,200,0.002616
1788020000.308348000,200,0.002370
1788020000.563541000,200,0.002420
1788020000.811372000,200,0.001994
1788020001.060076000,200,0.003341
1788020001.314861000,200,0.001733
1788020001.566691000,200,0.002222
1788020001.816781000,200,0.003167
1788020002.072786000,200,0.002594
1788020002.324455000,200,0.001666
1788020002.563237000,200,0.001665
1788020002.808625000,200,0.002003
1788020003.056782000,200,0.002755
1788020003.308937000,200,0.002458
1788020003.560106000,200,0.001518
1788020003.807560000,200,0.002668
1788020004.057512000,200,0.003323
1788020004.308276000,200,0.004577
1788020004.565175000,200,0.002768
1788020004.821865000,200,0.002100
1788020005.069708000,200,0.002078
1788020005.309344000,200,0.002066
1788020005.556524000,200,0.001988
1788020005.798878000,200,0.002398
1788020006.051597000,200,0.002752
1788020006.304092000,200,0.002763
1788020006.555084000,200,0.002453
1788020006.809528000,200,0.001895
1788020007.058359000,200,0.001735
1788020007.297607000,200,0.001528
1788020007.532712000,200,0.001493
1788020007.776085000,200,0.002249
1788020008.032526000,200,0.004590
1788020008.281982000,200,0.001457
1788020008.521904000,200,0.002844
1788020008.772171000,200,0.002202
1788020009.023855000,200,0.002927
1788020009.268893000,200,0.002373
1788020009.510760000,200,0.002695
1788020009.764593000,200,0.002503
1788020010.015378000,200,0.002236
1788020010.267141000,200,0.002899
1788020010.512822000,200,0.001722
1788020010.761285000,200,0.002324
1788020011.007795000,200,0.002894
1788020011.240973000,200,0.001435
1788020011.477256000,200,0.001768
1788020011.723679000,200,0.002290
1788020011.974706000,200,0.002375
1788020012.214655000,200,0.001837
1788020012.445197000,200,0.001739
1788020012.683784000,200,0.001760
1788020012.932827000,200,0.002168
1788020013.182818000,200,0.002342
1788020013.431965000,200,0.002008
1788020013.677995000,200,0.003053
1788020013.935386000,200,0.002598
1788020014.194145000,200,0.002693
1788020014.447728000,200,0.002088
1788020014.700544000,200,0.002317
1788020014.951256000,200,0.002252
1788020015.205617000,200,0.002698
1788020015.460665000,200,0.001887
1788020015.700097000,200,0.002846
1788020015.949157000,200,0.002280
1788020016.201178000,200,0.002499
1788020016.459426000,200,0.002160
1788020016.709607000,200,0.002989
1788020016.963281000,200,0.002344
1788020017.207221000,200,0.001722
1788020017.434468000,200,0.002355
1788020017.681452000,200,0.001872
1788020017.926337000,200,0.002814
1788020018.176435000,200,0.002568
1788020018.427409000,200,0.002415
1788020018.677721000,200,0.002677
1788020018.933312000,200,0.002579
1788020019.185072000,200,0.001878
1788020019.432610000,200,0.001403
1788020019.675520000,200,0.002551
1788020019.921661000,200,0.002382
1788020020.169257000,200,0.002756
1788020020.423841000,200,0.001501
1788020020.675802000,200,0.001995
1788020020.931766000,200,0.002319
1788020021.183854000,200,0.003498
1788020021.435106000,200,0.002459
1788020021.688329000,200,0.002202
1788020021.940387000,200,0.003585
1788020022.183679000,200,0.001708
1788020022.413011000,200,0.000958
1788020022.647231000,200,0.002601
1788020022.903512000,200,0.002712
1788020023.163469000,200,0.003244
1788020023.419715000,200,0.002512
1788020023.674194000,200,0.003391
1788020023.927185000,200,0.001465
1788020024.171558000,200,0.003406
1788020024.427066000,200,0.003087
1788020024.678308000,200,0.001780
1788020024.922640000,200,0.001990
1788020025.173736000,200,0.002611
1788020025.428277000,200,0.002524
1788020025.681663000,200,0.002286
1788020025.935604000,200,0.003246
1788020026.185937000,200,0.001786
1788020026.430945000,200,0.002232
1788020026.678009000,200,0.001774
1788020026.927291000,200,0.002489
1788020027.179978000,200,0.001811
1788020027.416351000,200,0.001661
1788020027.658121000,200,0.001966
1788020027.908119000,200,0.003192
1788020028.162611000,200,0.001946
1788020028.406112000,200,0.001847
1788020028.656738000,200,0.001848
1788020028.904825000,200,0.002184
1788020029.150845000,200,0.002049
1788020029.398116000,200,0.001787
1788020029.646100000,200,0.002194
1788020029.896192000,200,0.002473
1788020030.144824000,200,0.002588
1788020030.393766000,200,0.002670
1788020030.641322000,200,0.001928
1788020030.889754000,200,0.002217
1788020031.133360000,200,0.001751
1788020031.379202000,200,0.002242
1788020031.634663000,200,0.002852
1788020031.898733000,200,0.002787
1788020032.151892000,200,0.006910
1788020032.393048000,200,0.003123
1788020032.636731000,200,0.002092
1788020032.879997000,200,0.002712
1788020033.130715000,200,0.002386
1788020033.376421000,200,0.001804
1788020033.623162000,200,0.002334
1788020033.872424000,200,0.002324
1788020034.121343000,200,0.001959
1788020034.369980000,200,0.002133
1788020034.616409000,200,0.001970
1788020034.859401000,200,0.002145
1788020035.109231000,200,0.001830
1788020035.356479000,200,0.002013
1788020035.604386000,200,0.001979
1788020035.849448000,200,0.001826
1788020036.096303000,200,0.001832
1788020036.344795000,200,0.002283
1788020036.594101000,200,0.002504
1788020036.842685000,200,0.001617
1788020037.090212000,200,0.001944
1788020037.335393000,200,0.001938
1788020037.571944000,200,0.002518
1788020037.820231000,200,0.002108
1788020038.067575000,200,0.001902
1788020038.311712000,200,0.002546
1788020038.551775000,200,0.002134
1788020038.802536000,200,0.002141
1788020039.048369000,200,0.001589
1788020039.291485000,200,0.001729
1788020039.535085000,200,0.002081
1788020039.783444000,200,0.001982
1788020040.031195000,200,0.001668
1788020040.275996000,200,0.001648
1788020040.518381000,200,0.002390
1788020040.766037000,200,0.001999
1788020041.015216000,200,0.001643
1788020041.263200000,200,0.002982
1788020041.520103000,200,0.002554
1788020041.766164000,200,0.001954
1788020042.015112000,200,0.002360
1788020042.264969000,200,0.001937
1788020042.514126000,200,0.001323
1788020042.760047000,200,0.001735
1788020043.006958000,200,0.002384
1788020043.258004000,200,0.001482
1788020043.504530000,200,0.002327
1788020043.758077000,200,0.002078
1788020044.016367000,200,0.002385
1788020044.266709000,200,0.002544
1788020044.511505000,200,0.003303
1788020044.760333000,200,0.002395
1788020045.011559000,200,0.002080
1788020045.259911000,200,0.002108
1788020045.508038000,200,0.002030
1788020045.756881000,200,0.001820
1788020046.004357000,200,0.001771
1788020046.255904000,200,0.002520
1788020046.506165000,200,0.001885
1788020046.754466000,200,0.001899
1788020047.002789000,200,0.002223
1788020047.243887000,200,0.001100
1788020047.472041000,200,0.002024
1788020047.717064000,200,0.002084
1788020047.964800000,200,0.001745
1788020048.211459000,200,0.002045
1788020048.457306000,200,0.002395
1788020048.705078000,200,0.001931
1788020048.951099000,200,0.001701
1788020049.196986000,200,0.001873
1788020049.443942000,200,0.001807
1788020049.689196000,200,0.001978
1788020049.932288000,200,0.001876
1788020050.178451000,200,0.002200
1788020050.427238000,200,0.001091
1788020050.666989000,200,0.002088
1788020050.913647000,200,0.001744
1788020051.161776000,200,0.002058
1788020051.410023000,200,0.001979
1788020051.657374000,200,0.001796
1788020051.901659000,200,0.001774
1788020052.145374000,200,0.001457
1788020052.380678000,200,0.001727
1788020052.617864000,200,0.002100
1788020052.872809000,200,0.003000
1788020053.128331000,200,0.002063
1788020053.377459000,200,0.002103
1788020053.625705000,200,0.002098
1788020053.867658000,200,0.001420
1788020054.094615000,200,0.002018
1788020054.337398000,200,0.001916
1788020054.585554000,200,0.002071
1788020054.833022000,200,0.001829
1788020055.080560000,200,0.002065
1788020055.327117000,200,0.001765
1788020055.566587000,200,0.002108
1788020055.811733000,200,0.001743
1788020056.060323000,200,0.001816
1788020056.307947000,200,0.001824
1788020056.556452000,200,0.002068
1788020056.806072000,200,0.001913
1788020057.055629000,200,0.002271
1788020057.297996000,200,0.001811
1788020057.530924000,200,0.002326
1788020057.779671000,200,0.003552
1788020058.035740000,200,0.001793
1788020058.282331000,200,0.002271
1788020058.535686000,200,0.002201
1788020058.781571000,200,0.002025
1788020059.024267000,200,0.002773
1788020059.270890000,200,0.002879
1788020059.528007000,200,0.003085
1788020059.778107000,200,0.001392
1788020060.010289000,200,0.002126
1788020060.256447000,200,0.002070
1788020060.500050000,200,0.001630
1788020060.745260000,200,0.002891
1788020061.002007000,200,0.002993
1788020061.260641000,200,0.002900
1788020061.525489000,200,0.003158
1788020061.777395000,200,0.002752
1788020062.029206000,200,0.001424
1788020062.273697000,200,0.001730
1788020062.503536000,200,0.001386
1788020062.746980000,200,0.002350
1788020062.999515000,200,0.001651
1788020063.247969000,200,0.001756
1788020063.496244000,200,0.001881
1788020063.741731000,200,0.001389
1788020063.989549000,200,0.003023
1788020064.245307000,200,0.002301
1788020064.492354000,200,0.001623
1788020064.735574000,200,0.001704
1788020064.983550000,200,0.001871
1788020065.226767000,200,0.002235
1788020065.471743000,200,0.001247
1788020065.708474000,200,0.002060
1788020065.956753000,200,0.002218
1788020066.208642000,200,0.003178
1788020066.462266000,200,0.003008
1788020066.715593000,200,0.002460
1788020066.970572000,200,0.003068
1788020067.215613000,200,0.001747
1788020067.447018000,200,0.001547
1788020067.684963000,200,0.002327
1788020067.942726000,200,0.002253
1788020068.189180000,200,0.001949
1788020068.423749000,200,0.001544
1788020068.662010000,200,0.001394
1788020068.894048000,200,0.002742
1788020069.139930000,200,0.001796
1788020069.384689000,200,0.003866
1788020069.633657000,200,0.001988
1788020069.882218000,200,0.003096
1788020070.133670000,200,0.002928
1788020070.383354000,200,0.002735
1788020070.631776000,200,0.002519
1788020070.884626000,200,0.001801
1788020071.150182000,200,0.002493
1788020071.401431000,200,0.002254
1788020071.654927000,200,0.002109
1788020071.908138000,200,0.001910
1788020072.156080000,200,0.001772
1788020072.390641000,200,0.002159
1788020072.629235000,200,0.002142
1788020072.884351000,200,0.002548
1788020073.133566000,200,0.001389
1788020073.377957000,200,0.002828
1788020073.633469000,200,0.002144
1788020073.886634000,200,0.002465
1788020074.140533000,200,0.002724
1788020074.392447000,200,0.002956
1788020074.643262000,200,0.002637
1788020074.898270000,200,0.002300
1788020075.146113000,200,0.001955
1788020075.388491000,200,0.002857
1788020075.640929000,200,0.002741
1788020075.892766000,200,0.002226
1788020076.141743000,200,0.002871
1788020076.400211000,200,0.002256
1788020076.654741000,200,0.002097
1788020076.908005000,200,0.002258
1788020077.154734000,200,0.001772
1788020077.388414000,200,0.001853
1788020077.626520000,200,0.003041
1788020077.880134000,200,0.002823
1788020078.126540000,200,0.001952
1788020078.383919000,200,0.004283
1788020078.638425000,200,0.002570
1788020078.889667000,200,0.002850
1788020079.139217000,200,0.002331
1788020079.384775000,200,0.002109
1788020079.631305000,200,0.003382
1788020079.884392000,200,0.002569
1788020080.140162000,200,0.002498
1788020080.399411000,200,0.002109
1788020080.653189000,200,0.002096
1788020080.905393000,200,0.002251
1788020081.157687000,200,0.002194
1788020081.401850000,200,0.001422
1788020081.643192000,200,0.002304
1788020081.887250000,200,0.003001
1788020082.138185000,200,0.002152
1788020082.372006000,200,0.001715
1788020082.602064000,200,0.001683
1788020082.848505000,200,0.003528
1788020083.102805000,200,0.002826
1788020083.349261000,200,0.002320
1788020083.599059000,200,0.001803
1788020083.845961000,200,0.001787
1788020084.087109000,200,0.002143
1788020084.333265000,200,0.001862
1788020084.565844000,200,0.001645
1788020084.800420000,200,0.001667
1788020085.043413000,200,0.002551
1788020085.300825000,200,0.002733
1788020085.550674000,200,0.002965
1788020085.798300000,200,0.002168
1788020086.046193000,200,0.003388
1788020086.303539000,200,0.002322
1788020086.555915000,200,0.002476
1788020086.807728000,200,0.003170
1788020087.062293000,200,0.002934
1788020087.309425000,200,0.001627
1788020087.540668000,200,0.001830
1788020087.786443000,200,0.001798
1788020088.029038000,200,0.001933
1788020088.275192000,200,0.001809
1788020088.523686000,200,0.001853
1788020088.771144000,200,0.002603
1788020089.019958000,200,0.002368
1788020089.267569000,200,0.001953
1788020089.514717000,200,0.001787
1788020089.760457000,200,0.002252
1788020090.008552000,200,0.002072
1788020090.256799000,200,0.002020
1788020090.501798000,200,0.001197
1788020090.747612000,200,0.002982
1788020091.001396000,200,0.003532
1788020091.260230000,200,0.002303
1788020091.515626000,200,0.002250
1788020091.766466000,200,0.003483
1788020092.022060000,200,0.002757
1788020092.262744000,200,0.001712
1788020092.496760000,200,0.002926
1788020092.751438000,200,0.003911
1788020093.009661000,200,0.001848
1788020093.257633000,200,0.002555
1788020093.508165000,200,0.003041
1788020093.760346000,200,0.002066
1788020094.011753000,200,0.002977
1788020094.262207000,200,0.001774
1788020094.510680000,200,0.002033
1788020094.757861000,200,0.002118
1788020095.006899000,200,0.001700
1788020095.247239000,200,0.001665
1788020095.470924000,200,0.001785
1788020095.700372000,200,0.002390
1788020095.939571000,200,0.002342
1788020096.189046000,200,0.002071
1788020096.440481000,200,0.001924
1788020096.689456000,200,0.003044
1788020096.943052000,200,0.002358
1788020097.192963000,200,0.001724
1788020097.427585000,200,0.001404
1788020097.665088000,200,0.002447
1788020097.913778000,200,0.002790
1788020098.179254000,200,0.002424
1788020098.423470000,200,0.001929
1788020098.672029000,200,0.002418
1788020098.930291000,200,0.002899
1788020099.184294000,200,0.002803
1788020099.441913000,200,0.001933
1788020099.702220000,200,0.003112
1788020099.958888000,200,0.002202
1788020100.205456000,200,0.002368
1788020100.450659000,200,0.001269
1788020100.698879000,200,0.001921
1788020100.960013000,200,0.003299
1788020101.220303000,200,0.001878
1788020101.473716000,200,0.002787
1788020101.737023000,200,0.003580
1788020101.990516000,200,0.002385
1788020102.253559000,200,0.001353
1788020102.481722000,200,0.001638
1788020102.722225000,200,0.002348
1788020102.982357000,200,0.002496
1788020103.240111000,200,0.002458
1788020103.495501000,200,0.003130
1788020103.759176000,200,0.003326
1788020104.015460000,200,0.002750
1788020104.271863000,200,0.001848
1788020104.519966000,200,0.002370
1788020104.775395000,200,0.002898
1788020105.028917000,200,0.003932
1788020105.285883000,200,0.002088
1788020105.536735000,200,0.002283
1788020105.789285000,200,0.001755
1788020106.038586000,200,0.001780
1788020106.291282000,200,0.001460
1788020106.548469000,200,0.002634
1788020106.799466000,200,0.001904
1788020107.046557000,200,0.001727
1788020107.290754000,200,0.001488
1788020107.524331000,200,0.003138
1788020107.777427000,200,0.002331
1788020108.031291000,200,0.003229
1788020108.288677000,200,0.001943
1788020108.532938000,200,0.001813
1788020108.778316000,200,0.002124
1788020109.025690000,200,0.001777
1788020109.275392000,200,0.001718
1788020109.522283000,200,0.001925
1788020109.772289000,200,0.001997
1788020110.020564000,200,0.001917
1788020110.265744000,200,0.001565
1788020110.509474000,200,0.001271
1788020110.752826000,200,0.002023
1788020111.006075000,200,0.002010
1788020111.259799000,200,0.001857
1788020111.509767000,200,0.002182
1788020111.757253000,200,0.001814
1788020112.000171000,200,0.001869
1788020112.247458000,200,0.001594
1788020112.482008000,200,0.001909
1788020112.730507000,200,0.002867
1788020112.984378000,200,0.002176
1788020113.231139000,200,0.001481
1788020113.475290000,200,0.002436
1788020113.718936000,200,0.001479
1788020113.954268000,200,0.002156
1788020114.189643000,200,0.002812
1788020114.442304000,200,0.002569
1788020114.691838000,200,0.002045
1788020114.934407000,200,0.002056
1788020115.181768000,200,0.002177
1788020115.424199000,200,0.001674
1788020115.670628000,200,0.001899
1788020115.918633000,200,0.001807
1788020116.163017000,200,0.001755
1788020116.414263000,200,0.001700
1788020116.660322000,200,0.002164
1788020116.910612000,200,0.002447
1788020117.159848000,200,0.001620
1788020117.397569000,200,0.002371
1788020117.634230000,200,0.001722
1788020117.879220000,200,0.004028
1788020118.137180000,200,0.002046
1788020118.388371000,200,0.002145
1788020118.640137000,200,0.001944
1788020118.887853000,200,0.001902
1788020119.138991000,200,0.002010
1788020119.387800000,200,0.002272
1788020119.636427000,200,0.002036
1788020119.879850000,200,0.002408
1788020120.129469000,200,0.002285
1788020120.384538000,200,0.002872
1788020120.650519000,200,0.003024
1788020120.917277000,200,0.002192
1788020121.180529000,200,0.003471
1788020121.445623000,200,0.002785
1788020121.697092000,200,0.002457
1788020121.947126000,200,0.002163
1788020122.200297000,200,0.001760
1788020122.442440000,200,0.002775
1788020122.685942000,200,0.002087
1788020122.944883000,200,0.002729
1788020123.204698000,200,0.002744
1788020123.458867000,200,0.003384
1788020123.715566000,200,0.002614
1788020123.976295000,200,0.002347
1788020124.233163000,200,0.003884
1788020124.501701000,200,0.004444
1788020124.772813000,200,0.002286
1788020125.040950000,200,0.002587
1788020125.299151000,200,0.002312
1788020125.553891000,200,0.003646
1788020125.812432000,200,0.002582
1788020126.073174000,200,0.002566
1788020126.334429000,200,0.003891
1788020126.597380000,200,0.003065
1788020126.860398000,200,0.002222
1788020127.119616000,200,0.002698
1788020127.372003000,200,0.002541
1788020127.614580000,200,0.002834
1788020127.879316000,200,0.002991
1788020128.140950000,200,0.002309
1788020128.396915000,200,0.002457
1788020128.659082000,200,0.003195
1788020128.930314000,200,0.003254
1788020129.197952000,200,0.002429
1788020129.463268000,200,0.002690
1788020129.724854000,200,0.003484
1788020129.990175000,200,0.002237
1788020130.247054000,200,0.001961
1788020130.496858000,200,0.001471
1788020130.755832000,200,0.002596
1788020131.015423000,200,0.002246
1788020131.279152000,200,0.002378
1788020131.545462000,200,0.003075
1788020131.809205000,200,0.002892
1788020132.076321000,200,0.003804
1788020132.330812000,200,0.002335
1788020132.560346000,200,0.004047
1788020132.812640000,200,0.002836
1788020133.077447000,200,0.003243
1788020133.341753000,200,0.001184
1788020133.595696000,200,0.001237
1788020133.845140000,200,0.003549
1788020134.105277000,200,0.001672
1788020134.349000000,200,0.002806
1788020134.608257000,200,0.002612
1788020134.874693000,200,0.002381
1788020135.131205000,200,0.002694
1788020135.398221000,200,0.002202
1788020135.656820000,200,0.003432
1788020135.919929000,200,0.003123
1788020136.187689000,200,0.002506
1788020136.451449000,200,0.002800
1788020136.715734000,200,0.003101
1788020136.983163000,200,0.002255
1788020137.227989000,200,0.001763
1788020137.458010000,200,0.002341
1788020137.705168000,200,0.002867
1788020137.966528000,200,0.003949
1788020138.231370000,200,0.002884
1788020138.501093000,200,0.003191
1788020138.766272000,200,0.002344
1788020139.022958000,200,0.002624
1788020139.279390000,200,0.001861
1788020139.522330000,200,0.003147
1788020139.777835000,200,0.002572
1788020140.040321000,200,0.003264
1788020140.302690000,200,0.002754
1788020140.562345000,200,0.001924
1788020140.814752000,200,0.002485
1788020141.056043000,200,0.001591
1788020141.295883000,200,0.001526
1788020141.540407000,200,0.002489
1788020141.795314000,200,0.002953
1788020142.059191000,200,0.002668
1788020142.323593000,200,0.001529
1788020142.559611000,200,0.001930
1788020142.809821000,200,0.002614
1788020143.070467000,200,0.002399
1788020143.326306000,200,0.002314
1788020143.583516000,200,0.002452
1788020143.843285000,200,0.002349
1788020144.093395000,200,0.001603
1788020144.330274000,200,0.001849
1788020144.577691000,200,0.003627
1788020144.836363000,200,0.002331
1788020145.077571000,200,0.001717
1788020145.322994000,200,0.002307
1788020145.576930000,200,0.002953
1788020145.834735000,200,0.002484
1788020146.082317000,200,0.002444
1788020146.335147000,200,0.002943
1788020146.589147000,200,0.002251
1788020146.837376000,200,0.001896
1788020147.085425000,200,0.003331
1788020147.333120000,200,0.001586
1788020147.565250000,200,0.002075
1788020147.811126000,200,0.001956
1788020148.060850000,200,0.002125
1788020148.306754000,200,0.002708
1788020148.557696000,200,0.002968
1788020148.810813000,200,0.002839
1788020149.063653000,200,0.002286
1788020149.309803000,200,0.002440
1788020149.558997000,200,0.003009
1788020149.816082000,200,0.002399
1788020150.073194000,200,0.003327
1788020150.328893000,200,0.003549
1788020150.579088000,200,0.001960
1788020150.823955000,200,0.001883
1788020151.057325000,200,0.001873
1788020151.299407000,200,0.002352
1788020151.549687000,200,0.001115
1788020151.784053000,200,0.002199
1788020152.028380000,200,0.002294
1788020152.267504000,200,0.001865
1788020152.496471000,200,0.002290
1788020152.734260000,200,0.002625
1788020152.983739000,200,0.002415
1788020153.235440000,200,0.002638
1788020153.485015000,200,0.002466
1788020153.736565000,200,0.002151
1788020153.993650000,200,0.002663
1788020154.243919000,200,0.003235
1788020154.496096000,200,0.002477
1788020154.743656000,200,0.003739
1788020155.002493000,200,0.001974
1788020155.251164000,200,0.002919
1788020155.493354000,200,0.002116
1788020155.726343000,200,0.001930
1788020155.972523000,200,0.003794
1788020156.226835000,200,0.002348
1788020156.478879000,200,0.003442
1788020156.734800000,200,0.003509
1788020156.984192000,200,0.002537
1788020157.224440000,200,0.001686
1788020157.457532000,200,0.001516
1788020157.686933000,200,0.001586
1788020157.923853000,200,0.001529
1788020158.154856000,200,0.001643
1788020158.390067000,200,0.002193
1788020158.635831000,200,0.002075
1788020158.885627000,200,0.001739
1788020159.136125000,200,0.002187
1788020159.382929000,200,0.003324
1788020159.639346000,200,0.002702
1788020159.886857000,200,0.001983
1788020160.131296000,200,0.002744
1788020160.386475000,200,0.003772
1788020160.638676000,200,0.003262
1788020160.883392000,200,0.002228
1788020161.136171000,200,0.002094
1788020161.383814000,200,0.002840
1788020161.631819000,200,0.001893
1788020161.880253000,200,0.001818
1788020162.122623000,200,0.002318
1788020162.357994000,200,0.001635
1788020162.591523000,200,0.001641
1788020162.835219000,200,0.003213
1788020163.094113000,200,0.002817
1788020163.353724000,200,0.002471
1788020163.608114000,200,0.002409
1788020163.862384000,200,0.002552
1788020164.118961000,200,0.002244
1788020164.368225000,200,0.002583
1788020164.617819000,200,0.003526
1788020164.871629000,200,0.002329
1788020165.119934000,200,0.002228
1788020165.363307000,200,0.001994
1788020165.609431000,200,0.002432
1788020165.865057000,200,0.003643
1788020166.120907000,200,0.001717
1788020166.363269000,200,0.001739
1788020166.610874000,200,0.002102
1788020166.860120000,200,0.001723
1788020167.108266000,200,0.001909
1788020167.352188000,200,0.001539
1788020167.590244000,200,0.002110
1788020167.838337000,200,0.001919
1788020168.083870000,200,0.002313
1788020168.333775000,200,0.002383
1788020168.580022000,200,0.001714
1788020168.826989000,200,0.001771
1788020169.075500000,200,0.002263
1788020169.323724000,200,0.001835
1788020169.573082000,200,0.002534
1788020169.825153000,200,0.002126
1788020170.074397000,200,0.002350
1788020170.315963000,200,0.001996
1788020170.561514000,200,0.001857
1788020170.802735000,200,0.001387
1788020171.041427000,200,0.002624
1788020171.284737000,200,0.002102
1788020171.528976000,200,0.002656
1788020171.777336000,200,0.002971
1788020172.027274000,200,0.002871
1788020172.265681000,200,0.001256
1788020172.494547000,200,0.001682
1788020172.727736000,200,0.001604
1788020172.962423000,200,0.002671
1788020173.210521000,200,0.001847
1788020173.456096000,200,0.001687
1788020173.695571000,200,0.001124
1788020173.923052000,200,0.001433
1788020174.151077000,200,0.002514
1788020174.391832000,200,0.001686
1788020174.632732000,200,0.002331
1788020174.868786000,200,0.001217
1788020175.102180000,200,0.001907
1788020175.350893000,200,0.002240
1788020175.597455000,200,0.001820
1788020175.837223000,200,0.002136
1788020176.083914000,200,0.002173
1788020176.317471000,200,0.002191
1788020176.570504000,200,0.002985
1788020176.826646000,200,0.002241
1788020177.082959000,200,0.002926
1788020177.327646000,200,0.001389
1788020177.559227000,200,0.001800
1788020177.802276000,200,0.002239
1788020178.055853000,200,0.002253
1788020178.306449000,200,0.002544
1788020178.556228000,200,0.003017
1788020178.807315000,200,0.002332
1788020179.051160000,200,0.002810
1788020179.301816000,200,0.001790
1788020179.548828000,200,0.002303
1788020179.799834000,200,0.002050
1788020180.042215000,200,0.001623
1788020180.272309000,200,0.001641
1788020180.512836000,200,0.001304
1788020180.754034000,200,0.001960
1788020181.000065000,200,0.002498
1788020181.246509000,200,0.001651
1788020181.494303000,200,0.001805
1788020181.738715000,200,0.003084
1788020181.991872000,200,0.002480
1788020182.234581000,200,0.002588
1788020182.469838000,200,0.001901
1788020182.707234000,200,0.001757
1788020182.955558000,200,0.001845
1788020183.202061000,200,0.002425
1788020183.453976000,200,0.002500
1788020183.704406000,200,0.003099
1788020183.956187000,200,0.002230
1788020184.214055000,200,0.002766
1788020184.465469000,200,0.002493
1788020184.722827000,200,0.001791
1788020184.975942000,200,0.002889
1788020185.235301000,200,0.001941
1788020185.488087000,200,0.001605
1788020185.725861000,200,0.003316
1788020185.986568000,200,0.003611
1788020186.248204000,200,0.001925
1788020186.508230000,200,0.002866
1788020186.769275000,200,0.003142
1788020187.034967000,200,0.002552
1788020187.287101000,200,0.001469
1788020187.518929000,200,0.002670
1788020187.769497000,200,0.002361
1788020188.025084000,200,0.004759
1788020188.275845000,200,0.001752
1788020188.517602000,200,0.002646
1788020188.770273000,200,0.002809
1788020189.028510000,200,0.002687
1788020189.290745000,200,0.002421
1788020189.539388000,200,0.002144
1788020189.792441000,200,0.002387
1788020190.047949000,200,0.002786
1788020190.302805000,200,0.001972
1788020190.551562000,200,0.001567
1788020190.807126000,200,0.003273
1788020191.062772000,200,0.004430
1788020191.313834000,200,0.001517
1788020191.558246000,200,0.019692
1788020191.829312000,200,0.002015
1788020192.078817000,200,0.001699
1788020192.324494000,200,0.001437
1788020192.554912000,200,0.001583
1788020192.798906000,200,0.001865
1788020193.045545000,200,0.002801
1788020193.299913000,200,0.002193
1788020193.560892000,200,0.002389
1788020193.813140000,200,0.005004
1788020194.070616000,200,0.001367
1788020194.308867000,200,0.001944
1788020194.563180000,200,0.002295
1788020194.818689000,200,0.001523
1788020195.056809000,200,0.002781
1788020195.313943000,200,0.003574
1788020195.570559000,200,0.002389
1788020195.813726000,200,0.002894
1788020196.063163000,200,0.001607
1788020196.296567000,200,0.003099
1788020196.550878000,200,0.003294
1788020196.802091000,200,0.002443
1788020197.055427000,200,0.002895
1788020197.301457000,200,0.001691
1788020197.535264000,200,0.002171
1788020197.785442000,200,0.003440
1788020198.038279000,200,0.003256
1788020198.292735000,200,0.002741
1788020198.540533000,200,0.002594
1788020198.792222000,200,0.002223
1788020199.044492000,200,0.003050
1788020199.292301000,200,0.002693
1788020199.542858000,200,0.002757
1788020199.797080000,200,0.002523
1788020200.049340000,200,0.002468
1788020200.304080000,200,0.001822
1788020200.549498000,200,0.001450
1788020200.800652000,200,0.002679
1788020201.056266000,200,0.001824
1788020201.315967000,200,0.002202
1788020201.568235000,200,0.002330
1788020201.825827000,200,0.002652
1788020202.078888000,200,0.003107
1788020202.327405000,200,0.001620
1788020202.570128000,200,0.001276
1788020202.814598000,200,0.001486
1788020203.060266000,200,0.001992
1788020203.313406000,200,0.002409
1788020203.573196000,200,0.003267
1788020203.829181000,200,0.003105
1788020204.074547000,200,0.002652
1788020204.311669000,200,0.002935
1788020204.563716000,200,0.002355
1788020204.808934000,200,0.003471
1788020205.072267000,200,0.002430
1788020205.330681000,200,0.003375
1788020205.594524000,200,0.003511
1788020205.859138000,200,0.003437
1788020206.114940000,200,0.002222
1788020206.364278000,200,0.002317
1788020206.625182000,200,0.002072
1788020206.877056000,200,0.003343
1788020207.143149000,200,0.004753
1788020207.392313000,200,0.002203
1788020207.630626000,200,0.002483
1788020207.877620000,200,0.004332
1788020208.121007000,200,0.003550
1788020208.368290000,200,0.001998
1788020208.610379000,200,0.001477
1788020208.852564000,200,0.002080
1788020209.096030000,200,0.001927
1788020209.337967000,200,0.001210
1788020209.579642000,200,0.002148
1788020209.826726000,200,0.001714
1788020210.073108000,200,0.001794
1788020210.317965000,200,0.002940
1788020210.573460000,200,0.001819
1788020210.822217000,200,0.003031
1788020211.071176000,200,0.001658
1788020211.306476000,200,0.001992
1788020211.551961000,200,0.003215
1788020211.795953000,200,0.002590
1788020212.047235000,200,0.002857
1788020212.296025000,200,0.001370
1788020212.525595000,200,0.001589
1788020212.764205000,200,0.001972
1788020213.011949000,200,0.003770
1788020213.260919000,200,0.002805
1788020213.509785000,200,0.002809
1788020213.753016000,200,0.002597
1788020214.002209000,200,0.002226
1788020214.250628000,200,0.003153
1788020214.501916000,200,0.001884
1788020214.747563000,200,0.002780
1788020214.998325000,200,0.002898
1788020215.246233000,200,0.001889
1788020215.493760000,200,0.002616
1788020215.736656000,200,0.002343
1788020215.990523000,200,0.002401
1788020216.245702000,200,0.002140
1788020216.498308000,200,0.002579
1788020216.751719000,200,0.002087
1788020217.002632000,200,0.003929
1788020217.248773000,200,0.001176
1788020217.477309000,200,0.002648
1788020217.724298000,200,0.002495
1788020217.968661000,200,0.002169
1788020218.209213000,200,0.001810
1788020218.443410000,200,0.005839
1788020218.693472000,200,0.001934
1788020218.941398000,200,0.002288
1788020219.189361000,200,0.002059
1788020219.435911000,200,0.001390
1788020219.671632000,200,0.002182
1788020219.918272000,200,0.002791
1788020220.166744000,200,0.003588
1788020220.417542000,200,0.001751
1788020220.664552000,200,0.001901
1788020220.913708000,200,0.001674
1788020221.163713000,200,0.002353
1788020221.419125000,200,0.002261
1788020221.665927000,200,0.002079
1788020221.916618000,200,0.002326
1788020222.168217000,200,0.002103
1788020222.406355000,200,0.001305
1788020222.641964000,200,0.001914
1788020222.885916000,200,0.003130
1788020223.139842000,200,0.002445
1788020223.393331000,200,0.002521
1788020223.637802000,200,0.002155
1788020223.878325000,200,0.001651
1788020224.110747000,200,0.001524
1788020224.346853000,200,0.002542
1788020224.607000000,200,0.002674
1788020224.867337000,200,0.001975
1788020225.127642000,200,0.003343
1788020225.385484000,200,0.002956
1788020225.647363000,200,0.003315
1788020225.904912000,200,0.002619
1788020226.162254000,200,0.002586
1788020226.425615000,200,0.002742
1788020226.695252000,200,0.002823
1788020226.958841000,200,0.002620
1788020227.221397000,200,0.001937
1788020227.459945000,200,0.001800
1788020227.702258000,200,0.002713
1788020227.961673000,200,0.002919
1788020228.213723000,200,0.001988
1788020228.475470000,200,0.002662
1788020228.736076000,200,0.002044
1788020228.985541000,200,0.002136
1788020229.241172000,200,0.002834
1788020229.500721000,200,0.002306
1788020229.747502000,200,0.002073
1788020229.999325000,200,0.002704
1788020230.245391000,200,0.002285
1788020230.498719000,200,0.001357
1788020230.743131000,200,0.002291
1788020230.992869000,200,0.002907
1788020231.247406000,200,0.002938
1788020231.507444000,200,0.002793
1788020231.758365000,200,0.002450
1788020232.005719000,200,0.002889
1788020232.255795000,200,0.001373
1788020232.482234000,200,0.001517
1788020232.713300000,200,0.001150
1788020232.986476000,200,0.001513
1788020233.227821000,200,0.001877
1788020233.479807000,200,0.001707
1788020233.722084000,200,0.001769
1788020233.955924000,200,0.001335
1788020234.187764000,200,0.003211
1788020234.435234000,200,0.002176
1788020234.689365000,200,0.002103
1788020234.948395000,200,0.002445
1788020235.205669000,200,0.002163
1788020235.467573000,200,0.001758
1788020235.713133000,200,0.002358
1788020235.972193000,200,0.002058
1788020236.223589000,200,0.003179
1788020236.480069000,200,0.002561
1788020236.730366000,200,0.002199
1788020236.988897000,200,0.002403
1788020237.237042000,200,0.002451
1788020237.472423000,200,0.001424
1788020237.709384000,200,0.002310
1788020237.968627000,200,0.002415
1788020238.227187000,200,0.002456
1788020238.481501000,200,0.001891
1788020238.727505000,200,0.002061
1788020238.980073000,200,0.002565
1788020239.235750000,200,0.002095
1788020239.493302000,200,0.002873
1788020239.751743000,200,0.003566
1788020240.008684000,200,0.001910
1788020240.243950000,200,0.002750
1788020240.477309000,200,0.001379
1788020240.731223000,200,0.002215
1788020240.986365000,200,0.002901
1788020241.250094000,200,0.003688
1788020241.528330000,200,0.002023
1788020241.791077000,200,0.002687
1788020242.050809000,200,0.002840
1788020242.300640000,200,0.001427
1788020242.531175000,200,0.002304
1788020242.782249000,200,0.002042
1788020243.033233000,200,0.003060
1788020243.299469000,200,0.002746
1788020243.561042000,200,0.002957
1788020243.818759000,200,0.002983
1788020244.075816000,200,0.002135
1788020244.307583000,200,0.002479
1788020244.547004000,200,0.004610
1788020244.794066000,200,0.002482
1788020245.033363000,200,0.001643
1788020245.279544000,200,0.001478
1788020245.521608000,200,0.003093
1788020245.764509000,200,0.002996
1788020246.017655000,200,0.001841
1788020246.270250000,200,0.002430
1788020246.520415000,200,0.002011
1788020246.752976000,200,0.002463
1788020246.991272000,200,0.002478
1788020247.239829000,200,0.001571
1788020247.469218000,200,0.002055
1788020247.708230000,200,0.003017
1788020247.961136000,200,0.002648
1788020248.204396000,200,0.001577
1788020248.434121000,200,0.001572
1788020248.677950000,200,0.001684
1788020248.925641000,200,0.002273
1788020249.178112000,200,0.002534
1788020249.425093000,200,0.001682
1788020249.671085000,200,0.003654
1788020249.922397000,200,0.002645
1788020250.176454000,200,0.002513
1788020250.423200000,200,0.001907
1788020250.661546000,200,0.002944
1788020250.909436000,200,0.001865
1788020251.152293000,200,0.002635
1788020251.401267000,200,0.001749
1788020251.649102000,200,0.002384
1788020251.893842000,200,0.001844
1788020252.146253000,200,0.002546
1788020252.395300000,200,0.003651
1788020252.630421000,200,0.001501
1788020252.868511000,200,0.002621
1788020253.121223000,200,0.001977
1788020253.371253000,200,0.001914
1788020253.618224000,200,0.001838
1788020253.852644000,200,0.001907
1788020254.088548000,200,0.002665
1788020254.334497000,200,0.002635
1788020254.583375000,200,0.002073
1788020254.834280000,200,0.002891
1788020255.087883000,200,0.002180
1788020255.335093000,200,0.002195
1788020255.584263000,200,0.001616
1788020255.826408000,200,0.002450
1788020256.078944000,200,0.003176
1788020256.332733000,200,0.002059
1788020256.585909000,200,0.003001
1788020256.833411000,200,0.001877
1788020257.085219000,200,0.002877
1788020257.331240000,200,0.001664
1788020257.568176000,200,0.002769
1788020257.822249000,200,0.002561
1788020258.073044000,200,0.002472
1788020258.325092000,200,0.002861
1788020258.570410000,200,0.007262
1788020258.822120000,200,0.002553
1788020259.073463000,200,0.002840
1788020259.328375000,200,0.003456
1788020259.592231000,200,0.002196
1788020259.842378000,200,0.001969
1788020260.084838000,200,0.002659
1788020260.337079000,200,0.002473
1788020260.587850000,200,0.001856
1788020260.838115000,200,0.003587
1788020261.092886000,200,0.002240
1788020261.341535000,200,0.002208
1788020261.595791000,200,0.002945
1788020261.852226000,200,0.002811
1788020262.104533000,200,0.002464
1788020262.349425000,200,0.001933
1788020262.587339000,200,0.003021
1788020262.841473000,200,0.002262
1788020263.093356000,200,0.003210
1788020263.350985000,200,0.003177
1788020263.601082000,200,0.002348
1788020263.853016000,200,0.003020
1788020264.100273000,200,0.002511
1788020264.346665000,200,0.002849
1788020264.598357000,200,0.002776
1788020264.843606000,200,0.002349
1788020265.072065000,200,0.001691
1788020265.317319000,200,0.002798
1788020265.573079000,200,0.002289
1788020265.827323000,200,0.003559
1788020266.077592000,200,0.003305
1788020266.326217000,200,0.002319
1788020266.574484000,200,0.002052
1788020266.827456000,200,0.002645
1788020267.075159000,200,0.002084
1788020267.322298000,200,0.001495
1788020267.550855000,200,0.001318
1788020267.785290000,200,0.002049
1788020268.026935000,200,0.002253
1788020268.274334000,200,0.001798
1788020268.531929000,200,0.003143
1788020268.786679000,200,0.002988
1788020269.031788000,200,0.003395
1788020269.286985000,200,0.002459
1788020269.537045000,200,0.002860
1788020269.788576000,200,0.003069
1788020270.044684000,200,0.002487
1788020270.299878000,200,0.002168
1788020270.548645000,200,0.001494
1788020270.792218000,200,0.003487
1788020271.044252000,200,0.003394
1788020271.301608000,200,0.002006
1788020271.545383000,200,0.002473
1788020271.782239000,200,0.001483
1788020272.016861000,200,0.001507
1788020272.244085000,200,0.001510
1788020272.478028000,200,0.001173
1788020272.720907000,200,0.001820
1788020272.966701000,200,0.003694
1788020273.217303000,200,0.003139
1788020273.467958000,200,0.002839
1788020273.710218000,200,0.002457
1788020273.954885000,200,0.001536
1788020274.203542000,200,0.002417
1788020274.457776000,200,0.002059
1788020274.709789000,200,0.002278
1788020274.958677000,200,0.002562
1788020275.206598000,200,0.003104
1788020275.447465000,200,0.001846
1788020275.690772000,200,0.003104
1788020275.937241000,200,0.002658
1788020276.188576000,200,0.002173
1788020276.436179000,200,0.002641
1788020276.687163000,200,0.003649
1788020276.941750000,200,0.001682
1788020277.182739000,200,0.001700
1788020277.420375000,200,0.001663
1788020277.657194000,200,0.001719
1788020277.893126000,200,0.002593
1788020278.136346000,200,0.001848
1788020278.376886000,200,0.002356
1788020278.612980000,200,0.002659
1788020278.859019000,200,0.001870
1788020279.101234000,200,0.001411
1788020279.339964000,200,0.001656
1788020279.577083000,200,0.002391
1788020279.811211000,200,0.001583
1788020280.052041000,200,0.001940
1788020280.284698000,200,0.002027
1788020280.529788000,200,0.001568
1788020280.770702000,200,0.002997
1788020281.017697000,200,0.001765
1788020281.265628000,200,0.002283
1788020281.511168000,200,0.002299
1788020281.760183000,200,0.002477
1788020282.013502000,200,0.001562
1788020282.255035000,200,0.001394
1788020282.484622000,200,0.002333
1788020282.725669000,200,0.002266
1788020282.978842000,200,0.002601
1788020283.232939000,200,0.002225
1788020283.479995000,200,0.002089
1788020283.731172000,200,0.004068
1788020283.985074000,200,0.003667
1788020284.242084000,200,0.002331
1788020284.489608000,200,0.002535
1788020284.741383000,200,0.003207
1788020284.992814000,200,0.001555
1788020285.226375000,200,0.002326
1788020285.471737000,200,0.001571
1788020285.717040000,200,0.002323
1788020285.967713000,200,0.003646
1788020286.219921000,200,0.002193
1788020286.473287000,200,0.002562
1788020286.725129000,200,0.002188
1788020286.977941000,200,0.002927
1788020287.228233000,200,0.001632
1788020287.460721000,200,0.002189
1788020287.702215000,200,0.001680
1788020287.945450000,200,0.002101
1788020288.195783000,200,0.004098
1788020288.442186000,200,0.002386
1788020288.687276000,200,0.003133
1788020288.944566000,200,0.001877
1788020289.200584000,200,0.002466
1788020289.450122000,200,0.002171
1788020289.695025000,200,0.002434
1788020289.943343000,200,0.002272
1788020290.192945000,200,0.002867
1788020290.443647000,200,0.001149
1788020290.686828000,200,0.002089
1788020290.937040000,200,0.001570
1788020291.187972000,200,0.001876
1788020291.435265000,200,0.001950
1788020291.684604000,200,0.002350
1788020291.935563000,200,0.001834
1788020292.176640000,200,0.001165
1788020292.407725000,200,0.001112
1788020292.642374000,200,0.001762
1788020292.888060000,200,0.001976
1788020293.132975000,200,0.002238
1788020293.382648000,200,0.002409
1788020293.632900000,200,0.002807
1788020293.873812000,200,0.001199
1788020294.101205000,200,0.001407
1788020294.336558000,200,0.001728
1788020294.579786000,200,0.003453
1788020294.834796000,200,0.002286
1788020295.088683000,200,0.002574
1788020295.346535000,200,0.001926
1788020295.594951000,200,0.002708
1788020295.851412000,200,0.003468
1788020296.103602000,200,0.002243
1788020296.345388000,200,0.002432
1788020296.598973000,200,0.002418
1788020296.846362000,200,0.002712
1788020297.101318000,200,0.002169
1788020297.348766000,200,0.001907
1788020297.585899000,200,0.001558
1788020297.832401000,200,0.002955
1788020298.089489000,200,0.004803
1788020298.343691000,200,0.002787
1788020298.594794000,200,0.004119
1788020298.848996000,200,0.002750
1788020299.104774000,200,0.002459
1788020299.358783000,200,0.003396
1788020299.611383000,200,0.002927
1788020299.863696000,200,0.003285
1788020300.119098000,200,0.002988
1788020300.373656000,200,0.003067
1788020300.622894000,200,0.001770
1788020300.862703000,200,0.002930
1788020301.118914000,200,0.002265
1788020301.372669000,200,0.002225
1788020301.627700000,200,0.002402
1788020301.882366000,200,0.003236
1788020302.133924000,200,0.002647
1788020302.380690000,200,0.001709
1788020302.609800000,200,0.001138
1788020302.852605000,200,0.002421
1788020303.104147000,200,0.002273
1788020303.362984000,200,0.002328
1788020303.617045000,200,0.002195
1788020303.869557000,200,0.002998
1788020304.125697000,200,0.002722
1788020304.381339000,200,0.002629
1788020304.629573000,200,0.002716
1788020304.880752000,200,0.003039
1788020305.130501000,200,0.002376
1788020305.370487000,200,0.002258
1788020305.619985000,200,0.002372
1788020305.869143000,200,0.003158
1788020306.118473000,200,0.002381
1788020306.369133000,200,0.002539
1788020306.623705000,200,0.002508
1788020306.877451000,200,0.002328
1788020307.126858000,200,0.004040
1788020307.372593000,200,0.001789
1788020307.605527000,200,0.002473
1788020307.850698000,200,0.001791
1788020308.085267000,200,0.002163
1788020308.326309000,200,0.001678
1788020308.564154000,200,0.002586
1788020308.811576000,200,0.002371
1788020309.061026000,200,0.003045
1788020309.310033000,200,0.001599
1788020309.544044000,200,0.001577
1788020309.780481000,200,0.001974
1788020310.033727000,200,0.003135
1788020310.285882000,200,0.002040
1788020310.539545000,200,0.001508
1788020310.788662000,200,0.001956
1788020311.045164000,200,0.002651
1788020311.292800000,200,0.002130
1788020311.543221000,200,0.003340
1788020311.796438000,200,0.002224
1788020312.049894000,200,0.003093
1788020312.295968000,200,0.001673
1788020312.531054000,200,0.002219
1788020312.776047000,200,0.002293
1788020313.026471000,200,0.001899
1788020313.274272000,200,0.001355
1788020313.519309000,200,0.002343
1788020313.773083000,200,0.002164
1788020314.027686000,200,0.002529
1788020314.275356000,200,0.002229
1788020314.522611000,200,0.001457
1788020314.769307000,200,0.003265
1788020315.021466000,200,0.002815
1788020315.272810000,200,0.001638
1788020315.518626000,200,0.003507
1788020315.773683000,200,0.003495
1788020316.027844000,200,0.003300
1788020316.285957000,200,0.002694
1788020316.542417000,200,0.002841
1788020316.797295000,200,0.003014
1788020317.046711000,200,0.002331
1788020317.296161000,200,0.001773
1788020317.529371000,200,0.002133
1788020317.770315000,200,0.002834
1788020318.019202000,200,0.002777
1788020318.272338000,200,0.002319
1788020318.523944000,200,0.003392
1788020318.776648000,200,0.002437
1788020319.024268000,200,0.003171
1788020319.280019000,200,0.002284
1788020319.520025000,200,0.004536
1788020319.758065000,200,0.002381
1788020320.005141000,200,0.002210
1788020320.251393000,200,0.002682
1788020320.492863000,200,0.001256
1788020320.726571000,200,0.003439
1788020320.977705000,200,0.002352
1788020321.226324000,200,0.002738
1788020321.478038000,200,0.001875
1788020321.724421000,200,0.003164
1788020321.974443000,200,0.002675
1788020322.216437000,200,0.001642
1788020322.448167000,200,0.002189
1788020322.686419000,200,0.001502
1788020322.927815000,200,0.001908
1788020323.170662000,200,0.002490
1788020323.422541000,200,0.002396
1788020323.667435000,200,0.002090
1788020323.906982000,200,0.002153
1788020324.157429000,200,0.002289
1788020324.413475000,200,0.002525
1788020324.661660000,200,0.003042
1788020324.911049000,200,0.002159
1788020325.159243000,200,0.003245
1788020325.407814000,200,0.001666
1788020325.648198000,200,0.002457
1788020325.894129000,200,0.001118
1788020326.127101000,200,0.002220
1788020326.370645000,200,0.002832
1788020326.624430000,200,0.001932
1788020326.873537000,200,0.004278
1788020327.128288000,200,0.002769
1788020327.379736000,200,0.001767
1788020327.615220000,200,0.003329
1788020327.862392000,200,0.001994
1788020328.106772000,200,0.002014
1788020328.350877000,200,0.002576
1788020328.601103000,200,0.001925
1788020328.847232000,200,0.002618
1788020329.101299000,200,0.002072
1788020329.352835000,200,0.001720
1788020329.595128000,200,0.003275
1788020329.844010000,200,0.002494
1788020330.090833000,200,0.001639
1788020330.336960000,200,0.003324
1788020330.588086000,200,0.002327
1788020330.836286000,200,0.001606
1788020331.066864000,200,0.002560
1788020331.306411000,200,0.002516
1788020331.560424000,200,0.003260
1788020331.816723000,200,0.002163
1788020332.071692000,200,0.002374
1788020332.322307000,200,0.001893
1788020332.554794000,200,0.002875
1788020332.806520000,200,0.002917
1788020333.060977000,200,0.003341
1788020333.315551000,200,0.002353
1788020333.568147000,200,0.002859
1788020333.820560000,200,0.002252
1788020334.075414000,200,0.002292
1788020334.325288000,200,0.002385
1788020334.571270000,200,0.002987
1788020334.824492000,200,0.003637
1788020335.078079000,200,0.002371
1788020335.333654000,200,0.002250
1788020335.583389000,200,0.001785
1788020335.826180000,200,0.003676
1788020336.077786000,200,0.002283
1788020336.328026000,200,0.002336
1788020336.579665000,200,0.002656
1788020336.832033000,200,0.002776
1788020337.083101000,200,0.002180
1788020337.328910000,200,0.001771
1788020337.559475000,200,0.002175
1788020337.809107000,200,0.002310
1788020338.057323000,200,0.002458
1788020338.307500000,200,0.001943
1788020338.544804000,200,0.002071
1788020338.786326000,200,0.002812
1788020339.029629000,200,0.003178
1788020339.265329000,200,0.002358
1788020339.515042000,200,0.001377
1788020339.758194000,200,0.002145
1788020339.994333000,200,0.002051
1788020340.241714000,200,0.001870
1788020340.474742000,200,0.001149
1788020340.711978000,200,0.001712
1788020340.962027000,200,0.002280
1788020341.213467000,200,0.002488
1788020341.467622000,200,0.004792
1788020341.726022000,200,0.002452
1788020341.976295000,200,0.003012
1788020342.227425000,200,0.001615
1788020342.456986000,200,0.001739
1788020342.694010000,200,0.001319
1788020342.933215000,200,0.001789
1788020343.177941000,200,0.002384
1788020343.426738000,200,0.002289
1788020343.676748000,200,0.003302
1788020343.935636000,200,0.003148
1788020344.187352000,200,0.002591
1788020344.432362000,200,0.002396
1788020344.682343000,200,0.002334
1788020344.934434000,200,0.001844
1788020345.176894000,200,0.002958
1788020345.420633000,200,0.002194
1788020345.672554000,200,0.002307
1788020345.925737000,200,0.002436
1788020346.176486000,200,0.002925
1788020346.420725000,200,0.001753
1788020346.665015000,200,0.002945
1788020346.920767000,200,0.002648
1788020347.166159000,200,0.001582
1788020347.399479000,200,0.001977
1788020347.635621000,200,0.001475
1788020347.875857000,200,0.002273
1788020348.127480000,200,0.002006
1788020348.363941000,200,0.001875
1788020348.601675000,200,0.003053
1788020348.850158000,200,0.003484
1788020349.105962000,200,0.002668
1788020349.348826000,200,0.002770
1788020349.599891000,200,0.002264
1788020349.856474000,200,0.001610
1788020350.094008000,200,0.001549
1788020350.330603000,200,0.002344
1788020350.571056000,200,0.001693
1788020350.818871000,200,0.002771
1788020351.069369000,200,0.002484
1788020351.317904000,200,0.002213
1788020351.568479000,200,0.003214
1788020351.820210000,200,0.002651
1788020352.070126000,200,0.003020
1788020352.317361000,200,0.001883
1788020352.550610000,200,0.001887
1788020352.793104000,200,0.002549
1788020353.043046000,200,0.002375
1788020353.293906000,200,0.001434
1788020353.537297000,200,0.003651
1788020353.778019000,200,0.001487
1788020354.006643000,200,0.002068
1788020354.241652000,200,0.001682
1788020354.482826000,200,0.002935
1788020354.733949000,200,0.002380
1788020354.985473000,200,0.003390
1788020355.236178000,200,0.002546
1788020355.482586000,200,0.001435
1788020355.729669000,200,0.002721
1788020355.977556000,200,0.002603
1788020356.218965000,200,0.003371
1788020356.467767000,200,0.003635
1788020356.707955000,200,0.001757
1788020356.955438000,200,0.002826
1788020357.204600000,200,0.005011
1788020357.439251000,200,0.001760
1788020357.669518000,200,0.001718
1788020357.913092000,200,0.002939
1788020358.165286000,200,0.003291
1788020358.417956000,200,0.002267
1788020358.671940000,200,0.002209
1788020358.924514000,200,0.002331
1788020359.177712000,200,0.001650
1788020359.430191000,200,0.002302
1788020359.675675000,200,0.002371
1788020359.922451000,200,0.002164
1788020360.172215000,200,0.003033
1788020360.424731000,200,0.002202
1788020360.664431000,200,0.002436
1788020360.910040000,200,0.002266
1788020361.155584000,200,0.002480
1788020361.411876000,200,0.001850
1788020361.652767000,200,0.003592
1788020361.907562000,200,0.002379
1788020362.163988000,200,0.003455
1788020362.408953000,200,0.001495
1788020362.640148000,200,0.001598
1788020362.887446000,200,0.002737
1788020363.144577000,200,0.002786
1788020363.398807000,200,0.001937
1788020363.649480000,200,0.002307
1788020363.902854000,200,0.002601
1788020364.150666000,200,0.003277
1788020364.400870000,200,0.003354
1788020364.652348000,200,0.001774
1788020364.897824000,200,0.003190
1788020365.140758000,200,0.002392
1788020365.389301000,200,0.003025
1788020365.634305000,200,0.002373
1788020365.885456000,200,0.002424
1788020366.132433000,200,0.002713
1788020366.379468000,200,0.002859
1788020366.631383000,200,0.003091
1788020366.885465000,200,0.002507
1788020367.138314000,200,0.002228
1788020367.381465000,200,0.001349
1788020367.615663000,200,0.002169
1788020367.857796000,200,0.002017
1788020368.100357000,200,0.002123
1788020368.342515000,200,0.002581
1788020368.585042000,200,0.002249
1788020368.832188000,200,0.002925
1788020369.087654000,200,0.002187
1788020369.345421000,200,0.002172
1788020369.591765000,200,0.002704
1788020369.841765000,200,0.003347
1788020370.096744000,200,0.002298
1788020370.349502000,200,0.001854
1788020370.594860000,200,0.002204
1788020370.841091000,200,0.002997
1788020371.096387000,200,0.002434
1788020371.343123000,200,0.001796
1788020371.593480000,200,0.002066
1788020371.835078000,200,0.002439
1788020372.087749000,200,0.002462
1788020372.336949000,200,0.001510
1788020372.566826000,200,0.001076
1788020372.795060000,200,0.002061
1788020373.040832000,200,0.002419
1788020373.292009000,200,0.001836
1788020373.535942000,200,0.001469
1788020373.776474000,200,0.003129
1788020374.027113000,200,0.002687
1788020374.278751000,200,0.003282
1788020374.530436000,200,0.002154
1788020374.775402000,200,0.002661
1788020375.027506000,200,0.002083
1788020375.274893000,200,0.002324
1788020375.524058000,200,0.001686
1788020375.771120000,200,0.002473
1788020376.020084000,200,0.003378
1788020376.275449000,200,0.002520
1788020376.526857000,200,0.001602
1788020376.768790000,200,0.002358
1788020377.018763000,200,0.002399
1788020377.263214000,200,0.001787
1788020377.491354000,200,0.001527
1788020377.727368000,200,0.001689
1788020377.974882000,200,0.002248
1788020378.226324000,200,0.002437
1788020378.468553000,200,0.003161
1788020378.711053000,200,0.001925
1788020378.962362000,200,0.002454
1788020379.214307000,200,0.003751
1788020379.468216000,200,0.002214
1788020379.703974000,200,0.001772
1788020379.950885000,200,0.003265
1788020380.201235000,200,0.003409
1788020380.446535000,200,0.003789
1788020380.695724000,200,0.003466
1788020380.947365000,200,0.002253
1788020381.200178000,200,0.002210
1788020381.450685000,200,0.002748
1788020381.697681000,200,0.002843
1788020381.945347000,200,0.002490
1788020382.194298000,200,0.001505
1788020382.429466000,200,0.001560
1788020382.661041000,200,0.001519
1788020382.904849000,200,0.001590
1788020383.149978000,200,0.002925
1788020383.405886000,200,0.001997
1788020383.654882000,200,0.002835
1788020383.903710000,200,0.003420
1788020384.154905000,200,0.003093
1788020384.406891000,200,0.001765
1788020384.655770000,200,0.002767
1788020384.909160000,200,0.003706
1788020385.166056000,200,0.002436
1788020385.413810000,200,0.001657
1788020385.655684000,200,0.001761
1788020385.893725000,200,0.002935
1788020386.145850000,200,0.002543
1788020386.396678000,200,0.002154
1788020386.647838000,200,0.002291
1788020386.898986000,200,0.002844
1788020387.150339000,200,0.002503
1788020387.391115000,200,0.001358
1788020387.625064000,200,0.001687
1788020387.865584000,200,0.002172
1788020388.126846000,200,0.001887
1788020388.375851000,200,0.002913
1788020388.627475000,200,0.002784
1788020388.873906000,200,0.002341
1788020389.126234000,200,0.002607
1788020389.373506000,200,0.002308
1788020389.620707000,200,0.002336
1788020389.863264000,200,0.003121
1788020390.116254000,200,0.002544
1788020390.367114000,200,0.002282
1788020390.614271000,200,0.002118
1788020390.854623000,200,0.003276
1788020391.106838000,200,0.002170
1788020391.366199000,200,0.001703
1788020391.619763000,200,0.002791
1788020391.869816000,200,0.002743
1788020392.119516000,200,0.003611
1788020392.365981000,200,0.001890
1788020392.596338000,200,0.001399
1788020392.838168000,200,0.002105
1788020393.088137000,200,0.002513
1788020393.341676000,200,0.002362
1788020393.590677000,200,0.001765
1788020393.833159000,200,0.002759
1788020394.090442000,200,0.002739
1788020394.341754000,200,0.002328
1788020394.589426000,200,0.002258
1788020394.836457000,200,0.003441
1788020395.085223000,200,0.002088
1788020395.333792000,200,0.002855
1788020395.581650000,200,0.002294
1788020395.825102000,200,0.002751
1788020396.076342000,200,0.002922
1788020396.331951000,200,0.002334
1788020396.581235000,200,0.002464
1788020396.830850000,200,0.002174
1788020397.082741000,200,0.002892
1788020397.327940000,200,0.001414
1788020397.559444000,200,0.002333
1788020397.804308000,200,0.002513
1788020398.061944000,200,0.002312
1788020398.307547000,200,0.001641
1788020398.544721000,200,0.001863
1788020398.785539000,200,0.002989
1788020399.037788000,200,0.002284
1788020399.291130000,200,0.002093
1788020399.534277000,200,0.002541
1788020399.776980000,200,0.002638
1788020400.029524000,200,0.002040
1788020400.276965000,200,0.002122
1788020400.520151000,200,0.001618
1788020400.760475000,200,0.002605
1788020401.012884000,200,0.002166
1788020401.263685000,200,0.002223
1788020401.512410000,200,0.002392
1788020401.761801000,200,0.002080
1788020402.013086000,200,0.002902
1788020402.255210000,200,0.001667
1788020402.486219000,200,0.002085
1788020402.719584000,200,0.001492
1788020402.966101000,200,0.001890
1788020403.219725000,200,0.002319
1788020403.467133000,200,0.001548
1788020403.710998000,200,0.003044
1788020403.962343000,200,0.002376
1788020404.215842000,200,0.002387
1788020404.461132000,200,0.002349
1788020404.701923000,200,0.002961
1788020404.955981000,200,0.002480
1788020405.207686000,200,0.002636
1788020405.452618000,200,0.002788
1788020405.691768000,200,0.001750
1788020405.935173000,200,0.002422
1788020406.188076000,200,0.001782
1788020406.439535000,200,0.001550
1788020406.685065000,200,0.003228
1788020406.933988000,200,0.002333
1788020407.180323000,200,0.002050
1788020407.420712000,200,0.001594
1788020407.657171000,200,0.001750
1788020407.909841000,200,0.003638
1788020408.164795000,200,0.002536
1788020408.418643000,200,0.001574
1788020408.666939000,200,0.002214
1788020408.918382000,200,0.003910
1788020409.173317000,200,0.002192
1788020409.427309000,200,0.002504
1788020409.674937000,200,0.002619
1788020409.922368000,200,0.003293
1788020410.168065000,200,0.002663
1788020410.422763000,200,0.003880
1788020410.672842000,200,0.002437
1788020410.915313000,200,0.002449
1788020411.158356000,200,0.002038
1788020411.407623000,200,0.002217
1788020411.654360000,200,0.002367
1788020411.896613000,200,0.003136
1788020412.148127000,200,0.003055
1788020412.393724000,200,0.001531
1788020412.625266000,200,0.001484
1788020412.864541000,200,0.001872
1788020413.116079000,200,0.002282
1788020413.361877000,200,0.002538
1788020413.616766000,200,0.002741
1788020413.855281000,200,0.001589
1788020414.083009000,200,0.002921
1788020414.330664000,200,0.003146
1788020414.574749000,200,0.002487
1788020414.811262000,200,0.001711
1788020415.054465000,200,0.002907
1788020415.309751000,200,0.002288
1788020415.559120000,200,0.002649
1788020415.805492000,200,0.002484
1788020416.056342000,200,0.002236
1788020416.307375000,200,0.002053
1788020416.551257000,200,0.002501
1788020416.801569000,200,0.003226
1788020417.049675000,200,0.003054
1788020417.292788000,200,0.002025
1788020417.527085000,200,0.002354
1788020417.758638000,200,0.001751
1788020418.004347000,200,0.002420
1788020418.252541000,200,0.002695
1788020418.498079000,200,0.002689
1788020418.745511000,200,0.002393
1788020419.003088000,200,0.002991
1788020419.251626000,200,0.002328
1788020419.497560000,200,0.003302
1788020419.746530000,200,0.002925
1788020420.002375000,200,0.003039
1788020420.253537000,200,0.002614
1788020420.501147000,200,0.001285
1788020420.741204000,200,0.002347
1788020420.993007000,200,0.002856
1788020421.242858000,200,0.001844
1788020421.484997000,200,0.002120
1788020421.730620000,200,0.003302
1788020421.984977000,200,0.004348
1788020422.238151000,200,0.001830
1788020422.466365000,200,0.001943
1788020422.701062000,200,0.001802
1788020422.943280000,200,0.001712
1788020423.185182000,200,0.002051
1788020423.426589000,200,0.001739
1788020423.666118000,200,0.001662
1788020423.912121000,200,0.002221
1788020424.163023000,200,0.001754
1788020424.412784000,200,0.002380
1788020424.664431000,200,0.002263
1788020424.916711000,200,0.002584
1788020425.163664000,200,0.002430
1788020425.417601000,200,0.001586
1788020425.658854000,200,0.003176
1788020425.911800000,200,0.003850
1788020426.167228000,200,0.002302
1788020426.420361000,200,0.001886
1788020426.669188000,200,0.002903
1788020426.921903000,200,0.001546
1788020427.165982000,200,0.002467
1788020427.413589000,200,0.001491
1788020427.645600000,200,0.001962
1788020427.884166000,200,0.001802
1788020428.130752000,200,0.002916
1788020428.383167000,200,0.002215
1788020428.628673000,200,0.002341
1788020428.874871000,200,0.002230
1788020429.126870000,200,0.002636
1788020429.382530000,200,0.002291
1788020429.636344000,200,0.002653
1788020429.882989000,200,0.002390
1788020430.135132000,200,0.003380
1788020430.386868000,200,0.002909
1788020430.640130000,200,0.002253
1788020430.884695000,200,0.001515
1788020431.129525000,200,0.002835
1788020431.384518000,200,0.003307
1788020431.634104000,200,0.001704
1788020431.872532000,200,0.001545
1788020432.114839000,200,0.002991
1788020432.360297000,200,0.001695
1788020432.593333000,200,0.001851
1788020432.835173000,200,0.001701
1788020433.076659000,200,0.002377
1788020433.333067000,200,0.002132
1788020433.583667000,200,0.002571
1788020433.835734000,200,0.002792
1788020434.091244000,200,0.001900
1788020434.341530000,200,0.002843
1788020434.592250000,200,0.003055
1788020434.841702000,200,0.002249
1788020435.092626000,200,0.003055
1788020435.343004000,200,0.003169
1788020435.593405000,200,0.002360
1788020435.842042000,200,0.002265
1788020436.086688000,200,0.001619
1788020436.328273000,200,0.002555
1788020436.579302000,200,0.001954
1788020436.816818000,200,0.003395
1788020437.066227000,200,0.003187
1788020437.308801000,200,0.002028
1788020437.538867000,200,0.006169
1788020437.784034000,200,0.003114
1788020438.037485000,200,0.002682
1788020438.284212000,200,0.001672
1788020438.525857000,200,0.001945
1788020438.769390000,200,0.003315
1788020439.027795000,200,0.001754
1788020439.278497000,200,0.003468
1788020439.525750000,200,0.003204
1788020439.773566000,200,0.002230
1788020440.027032000,200,0.001696
1788020440.274747000,200,0.001612
1788020440.514567000,200,0.001089
1788020440.755045000,200,0.002388
1788020441.008808000,200,0.003065
1788020441.265542000,200,0.003103
1788020441.520825000,200,0.002017
1788020441.766517000,200,0.003134
1788020442.017093000,200,0.002310
1788020442.261925000,200,0.005153
1788020442.494216000,200,0.001656
1788020442.729436000,200,0.001972
1788020442.974600000,200,0.002450
1788020443.225538000,200,0.002458
1788020443.476565000,200,0.002291
1788020443.725397000,200,0.002838
1788020443.983117000,200,0.002659
1788020444.233865000,200,0.001728
1788020444.485407000,200,0.002115
1788020444.730595000,200,0.002544
1788020444.979661000,200,0.002681
1788020445.232672000,200,0.002803
1788020445.483837000,200,0.002114
1788020445.733526000,200,0.002081
1788020445.984361000,200,0.002305
1788020446.233711000,200,0.003333
1788020446.484077000,200,0.003023
1788020446.734100000,200,0.001609
1788020446.984224000,200,0.002043
1788020447.228886000,200,0.002019
1788020447.464931000,200,0.001570
1788020447.703648000,200,0.001676
1788020447.943963000,200,0.007070
1788020448.199868000,200,0.002032
1788020448.449091000,200,0.001974
1788020448.699098000,200,0.003367
1788020448.952978000,200,0.002474
1788020449.204400000,200,0.001702
1788020449.456161000,200,0.002365
1788020449.709296000,200,0.002913
1788020449.960506000,200,0.002718
1788020450.209916000,200,0.002805
1788020450.461245000,200,0.002223
1788020450.708039000,200,0.002431
1788020450.959610000,200,0.001948
1788020451.208838000,200,0.002643
1788020451.467993000,200,0.001507
1788020451.707673000,200,0.002331
1788020451.957650000,200,0.001787
1788020452.202588000,200,0.001607
1788020452.439568000,200,0.002567
1788020452.677583000,200,0.001699
1788020452.923360000,200,0.002865
1788020453.172749000,200,0.002262
1788020453.422870000,200,0.002116
1788020453.672102000,200,0.003081
1788020453.923719000,200,0.002384
1788020454.179635000,200,0.002368
1788020454.429934000,200,0.002329
1788020454.679022000,200,0.002523
1788020454.933472000,200,0.002729
1788020455.184622000,200,0.002058
1788020455.432137000,200,0.001766
1788020455.676859000,200,0.002529
1788020455.930274000,200,0.003483
1788020456.182248000,200,0.003107
1788020456.433008000,200,0.002431
1788020456.682460000,200,0.003173
1788020456.932471000,200,0.003423
1788020457.188077000,200,0.002441
1788020457.429018000,200,0.001668
1788020457.664476000,200,0.002696
1788020457.911422000,200,0.003189
1788020458.170467000,200,0.001642
1788020458.422347000,200,0.001844
1788020458.665838000,200,0.002016
1788020458.893559000,200,0.002403
1788020459.135516000,200,0.002624
1788020459.385608000,200,0.002356
1788020459.628727000,200,0.002094
1788020459.873651000,200,0.002025
1788020460.133312000,200,0.002857
1788020460.389852000,200,0.002262
1788020460.640116000,200,0.002521
1788020460.892987000,200,0.001870
1788020461.143315000,200,0.003172
1788020461.401294000,200,0.002976
1788020461.658521000,200,0.003175
1788020461.911487000,200,0.001784
1788020462.159859000,200,0.002579
1788020462.407956000,200,0.001456
1788020462.638791000,200,0.001739
1788020462.879604000,200,0.002318
1788020463.127620000,200,0.002557
1788020463.376828000,200,0.002501
1788020463.623777000,200,0.001938
1788020463.881502000,200,0.005070
1788020464.145974000,200,0.002417
1788020464.395225000,200,0.002053
1788020464.647457000,200,0.001601
1788020464.883319000,200,0.001584
1788020465.121101000,200,0.001888
1788020465.365768000,200,0.002063
1788020465.613927000,200,0.002748
1788020465.862818000,200,0.001981
1788020466.115581000,200,0.003259
1788020466.366524000,200,0.002046
1788020466.619434000,200,0.002649
1788020466.876097000,200,0.001802
1788020467.148853000,200,0.001691
1788020467.383354000,200,0.001490
1788020467.620463000,200,0.001883
1788020467.866814000,200,0.001829
1788020468.109957000,200,0.002109
1788020468.354626000,200,0.002375
1788020468.590384000,200,0.002109
1788020468.831650000,200,0.003793
1788020469.088328000,200,0.002604
1788020469.346414000,200,0.004571
1788020469.610456000,200,0.003469
1788020469.868576000,200,0.002974
1788020470.122020000,200,0.002929
1788020470.373640000,200,0.002551
1788020470.616641000,200,0.001687
1788020470.863415000,200,0.002568
1788020471.120639000,200,0.003771
1788020471.379968000,200,0.002674
1788020471.633621000,200,0.001938
1788020471.883925000,200,0.002517
1788020472.134272000,200,0.001801
1788020472.373646000,200,0.001912
1788020472.607286000,200,0.001860
1788020472.852936000,200,0.003195
1788020473.107093000,200,0.002360
1788020473.357029000,200,0.002548
1788020473.605616000,200,0.003303
1788020473.849725000,200,0.001519
1788020474.076915000,200,0.002497
1788020474.316553000,200,0.002292
1788020474.561492000,200,0.002524
1788020474.818924000,200,0.003304
1788020475.069889000,200,0.002195
1788020475.327701000,200,0.002729
1788020475.584124000,200,0.003374
1788020475.837680000,200,0.001893
1788020476.086226000,200,0.002365
1788020476.333281000,200,0.002097
1788020476.578727000,200,0.003316
1788020476.829659000,200,0.002985
1788020477.081516000,200,0.003354
1788020477.324041000,200,0.001351
1788020477.558123000,200,0.002011
1788020477.806284000,200,0.002954
1788020478.052921000,200,0.003337
1788020478.302229000,200,0.003448
1788020478.539518000,200,0.002012
1788020478.791303000,200,0.003197
1788020479.048660000,200,0.003426
1788020479.304239000,200,0.002576
1788020479.559619000,200,0.003233
1788020479.817816000,200,0.002432
1788020480.069016000,200,0.002977
1788020480.319572000,200,0.001668
1788020480.562680000,200,0.001554
1788020480.802336000,200,0.002958
1788020481.052504000,200,0.002630
1788020481.302621000,200,0.002545
1788020481.560784000,200,0.003465
1788020481.816535000,200,0.003270
1788020482.068218000,200,0.004070
1788020482.316323000,200,0.001770
1788020482.550107000,200,0.002745
1788020482.801929000,200,0.002845
1788020483.055720000,200,0.002187
1788020483.305461000,200,0.002292
1788020483.557769000,200,0.003104
1788020483.813808000,200,0.002437
1788020484.062526000,200,0.002602
1788020484.308218000,200,0.002281
1788020484.559029000,200,0.003044
1788020484.810815000,200,0.004846
1788020485.060028000,200,0.003399
1788020485.308670000,200,0.002061
1788020485.558329000,200,0.002239
1788020485.804194000,200,0.002561
1788020486.059421000,200,0.002464
1788020486.314411000,200,0.002469
1788020486.565606000,200,0.003394
1788020486.819540000,200,0.003208
1788020487.074702000,200,0.001628
1788020487.315622000,200,0.002042
1788020487.550835000,200,0.005209
1788020487.800398000,200,0.001808
1788020488.048835000,200,0.003943
1788020488.297215000,200,0.001925
1788020488.535878000,200,0.002863
1788020488.784403000,200,0.001898
1788020489.030577000,200,0.002315
1788020489.277072000,200,0.002119
1788020489.523806000,200,0.001763
1788020489.764005000,200,0.002280
1788020490.019875000,200,0.002919
1788020490.280060000,200,0.007911
1788020490.539634000,200,0.001161
1788020490.783859000,200,0.002700
1788020491.035957000,200,0.002869
1788020491.284548000,200,0.001727
1788020491.535081000,200,0.002482
1788020491.786943000,200,0.005500
1788020492.029543000,200,0.003284
1788020492.275291000,200,0.001469
1788020492.512000000,200,0.002337
1788020492.760678000,200,0.001508
1788020493.004956000,200,0.002681
1788020493.257461000,200,0.002241
1788020493.507505000,200,0.001975
1788020493.758112000,200,0.002266
1788020494.008184000,200,0.002928
1788020494.263736000,200,0.002032
1788020494.509161000,200,0.003124
1788020494.765813000,200,0.002796
1788020495.024448000,200,0.002876
1788020495.279046000,200,0.002265
1788020495.527479000,200,0.002766
1788020495.793297000,200,0.001409
1788020496.055736000,200,0.002251
1788020496.305502000,200,0.003406
1788020496.562352000,200,0.002754
1788020496.824992000,200,0.002455
1788020497.091548000,200,0.003167
1788020497.343171000,200,0.001556
1788020497.574675000,200,0.001567
1788020497.819680000,200,0.002724
1788020498.076434000,200,0.003348
1788020498.337540000,200,0.003444
1788020498.598784000,200,0.003974
1788020498.866808000,200,0.001783
1788020499.121092000,200,0.002484
1788020499.391696000,200,0.003198
1788020499.653275000,200,0.002314
1788020499.914457000,200,0.002676
1788020500.177933000,200,0.002597
1788020500.433255000,200,0.002049
1788020500.691487000,200,0.002896
1788020500.956343000,200,0.002569
1788020501.220682000,200,0.002213
1788020501.487534000,200,0.002871
1788020501.749885000,200,0.002544
1788020502.013668000,200,0.002321
1788020502.264835000,200,0.001580
1788020502.497663000,200,0.001365
1788020502.727697000,200,0.001441
1788020502.961102000,200,0.001391
1788020503.196904000,200,0.002577
1788020503.447631000,200,0.002718
1788020503.703625000,200,0.002901
1788020503.965926000,200,0.003299
1788020504.229333000,200,0.002562
1788020504.491332000,200,0.002892
1788020504.755140000,200,0.002886
1788020505.021568000,200,0.003343
1788020505.286561000,200,0.002371
1788020505.544865000,200,0.003368
1788020505.805395000,200,0.002685
1788020506.071629000,200,0.003382
1788020506.335372000,200,0.003306
1788020506.599079000,200,0.002784
1788020506.866461000,200,0.003032
1788020507.134429000,200,0.002985
1788020507.389981000,200,0.001582
1788020507.632386000,200,0.002399
1788020507.885137000,200,0.002189
1788020508.142835000,200,0.001823
1788020508.397816000,200,0.002115
1788020508.648114000,200,0.002790
1788020508.906086000,200,0.002028
1788020509.164855000,200,0.003001
1788020509.422205000,200,0.001716
1788020509.683525000,200,0.003502
1788020509.949307000,200,0.002896
1788020510.215738000,200,0.002385
1788020510.471723000,200,0.001616
1788020510.719742000,200,0.003480
1788020510.984646000,200,0.002671
1788020511.237270000,200,0.003088
1788020511.494636000,200,0.003797
1788020511.766834000,200,0.002539
1788020512.020803000,200,0.002897
1788020512.260947000,200,0.002275
1788020512.492535000,200,0.002562
1788020512.734210000,200,0.002254
1788020512.983091000,200,0.002963
1788020513.244779000,200,0.003167
1788020513.509344000,200,0.002995
1788020513.777347000,200,0.002917
1788020514.045317000,200,0.003755
1788020514.311064000,200,0.002337
1788020514.573950000,200,0.002835
1788020514.838392000,200,0.003125
1788020515.107091000,200,0.002950
1788020515.353756000,200,0.001972
1788020515.594657000,200,0.001991
1788020515.836162000,200,0.001866
1788020516.088555000,200,0.003133
1788020516.345438000,200,0.002552
1788020516.599979000,200,0.002343
1788020516.848833000,200,0.001797
1788020517.100919000,200,0.001690
1788020517.337644000,200,0.001975
1788020517.572841000,200,0.002076
1788020517.820022000,200,0.001833
1788020518.069790000,200,0.002040
1788020518.318267000,200,0.001647
1788020518.555474000,200,0.002434
1788020518.802466000,200,0.002684
1788020519.062019000,200,0.002848
1788020519.325344000,200,0.002051
1788020519.581493000,200,0.003229
1788020519.842457000,200,0.001872
1788020520.087752000,200,0.002780
1788020520.331576000,200,0.001855
1788020520.577272000,200,0.001530
1788020520.826260000,200,0.002586
1788020521.083365000,200,0.003689
1788020521.334906000,200,0.002954
1788020521.592890000,200,0.003128
1788020521.859403000,200,0.003433
1788020522.120844000,200,0.002297
1788020522.365778000,200,0.002461
1788020522.613702000,200,0.001531
1788020522.854018000,200,0.001906
1788020523.107901000,200,0.002144
1788020523.364646000,200,0.002364
1788020523.625987000,200,0.003041
1788020523.888571000,200,0.003648
1788020524.146465000,200,0.003332
1788020524.395949000,200,0.001875
1788020524.633237000,200,0.002223
1788020524.878178000,200,0.002428
1788020525.126241000,200,0.001484
1788020525.369395000,200,0.002690
1788020525.615175000,200,0.003402
1788020525.873212000,200,0.002876
1788020526.128588000,200,0.002749
1788020526.386262000,200,0.002818
1788020526.647561000,200,0.001744
1788020526.893053000,200,0.002318
1788020527.145735000,200,0.002175
1788020527.389547000,200,0.001613
1788020527.623107000,200,0.002464
1788020527.884476000,200,0.003143
1788020528.139184000,200,0.001860
1788020528.386797000,200,0.003409
1788020528.643994000,200,0.002893
1788020528.902649000,200,0.003487
1788020529.160469000,200,0.001746
1788020529.410078000,200,0.002771
1788020529.661013000,200,0.002470
1788020529.906226000,200,0.001750
1788020530.152127000,200,0.002098
1788020530.399381000,200,0.002403
1788020530.654862000,200,0.002675
1788020530.912003000,200,0.002654
1788020531.164383000,200,0.001861
1788020531.409958000,200,0.001908
1788020531.653989000,200,0.001792
1788020531.895682000,200,0.001800
1788020532.143619000,200,0.002293
1788020532.386973000,200,0.001458
1788020532.624526000,200,0.001887
1788020532.870155000,200,0.002925
1788020533.125584000,200,0.001799
1788020533.370433000,200,0.002404
1788020533.623107000,200,0.003096
1788020533.868791000,200,0.001328
1788020534.089835000,200,0.001565
1788020534.325272000,200,0.002271
1788020534.572841000,200,0.002015
1788020534.818333000,200,0.002267
1788020535.067102000,200,0.001764
1788020535.310306000,200,0.001682
1788020535.557435000,200,0.001741
1788020535.801327000,200,0.001782
1788020536.042881000,200,0.001575
1788020536.287820000,200,0.001738
1788020536.536130000,200,0.002075
1788020536.784646000,200,0.001964
1788020537.032407000,200,0.002038
1788020537.274477000,200,0.001275
1788020537.507280000,200,0.001765
1788020537.747483000,200,0.002660
1788020537.999069000,200,0.003469
1788020538.251974000,200,0.002607
1788020538.505176000,200,0.003306
1788020538.754204000,200,0.001829
1788020539.001564000,200,0.002109
1788020539.248856000,200,0.002211
1788020539.497310000,200,0.002056
1788020539.744995000,200,0.002332
1788020539.991999000,200,0.002360
1788020540.243079000,200,0.001592
1788020540.483365000,200,0.001403
1788020540.727388000,200,0.001927
1788020540.976009000,200,0.002365
1788020541.225187000,200,0.002502
1788020541.475188000,200,0.002889
1788020541.728248000,200,0.001954
1788020541.976801000,200,0.003206
1788020542.227075000,200,0.002004
1788020542.460902000,200,0.001820
1788020542.711303000,200,0.002340
1788020542.964506000,200,0.002198
1788020543.210755000,200,0.001954
1788020543.453805000,200,0.002125
1788020543.702186000,200,0.002739
1788020543.956844000,200,0.003488
1788020544.211104000,200,0.001757
1788020544.456787000,200,0.001921
1788020544.700647000,200,0.002365
1788020544.950056000,200,0.002059
1788020545.198212000,200,0.001711
1788020545.441820000,200,0.002239
1788020545.687399000,200,0.001879
1788020545.936857000,200,0.002869
1788020546.190354000,200,0.002663
1788020546.436935000,200,0.001753
1788020546.680099000,200,0.002127
1788020546.922468000,200,0.001091
1788020547.163853000,200,0.002096
1788020547.409045000,200,0.001563
1788020547.645369000,200,0.001849
1788020547.891642000,200,0.002005
1788020548.140367000,200,0.001952
1788020548.386929000,200,0.002427
1788020548.635553000,200,0.002022
1788020548.882362000,200,0.001843
1788020549.136811000,200,0.001898
1788020549.385959000,200,0.001756
1788020549.632985000,200,0.002146
1788020549.877374000,200,0.001876
1788020550.126430000,200,0.001915
1788020550.374021000,200,0.002377
1788020550.619531000,200,0.002250
1788020550.869355000,200,0.001784
1788020551.122034000,200,0.001845
1788020551.368807000,200,0.002398
1788020551.612999000,200,0.001827
1788020551.857223000,200,0.003394
1788020552.107195000,200,0.002355
1788020552.342910000,200,0.002307
1788020552.576767000,200,0.001773
1788020552.818604000,200,0.002297
1788020553.063689000,200,0.002358
1788020553.314296000,200,0.002442
1788020553.569902000,200,0.003400
1788020553.826083000,200,0.003314
1788020554.080800000,200,0.003039
1788020554.337496000,200,0.003160
1788020554.592009000,200,0.002220
1788020554.849661000,200,0.001625
1788020555.096944000,200,0.001778
1788020555.341983000,200,0.001908
1788020555.590952000,200,0.002063
1788020555.836611000,200,0.001788
1788020556.083941000,200,0.002316
1788020556.334717000,200,0.002136
1788020556.585829000,200,0.002744
1788020556.841845000,200,0.002758
1788020557.088171000,200,0.002655
1788020557.334314000,200,0.001117
1788020557.565954000,200,0.002173
1788020557.807956000,200,0.001806
1788020558.054529000,200,0.001973
1788020558.302835000,200,0.001732
1788020558.554610000,200,0.003009
1788020558.809870000,200,0.002384
1788020559.056094000,200,0.001923
1788020559.305321000,200,0.002083
1788020559.552849000,200,0.002343
1788020559.805114000,200,0.001796
1788020560.052056000,200,0.001987
1788020560.299418000,200,0.002289
1788020560.542642000,200,0.001387
1788020560.784885000,200,0.002190
1788020561.029445000,200,0.001682
1788020561.273778000,200,0.002487
1788020561.533763000,200,0.001674
1788020561.780610000,200,0.002780
1788020562.043664000,200,0.002615
1788020562.300983000,200,0.001582
1788020562.534922000,200,0.002108
1788020562.783482000,200,0.002916
1788020563.043504000,200,0.002503
1788020563.299117000,200,0.002627
1788020563.557925000,200,0.002517
1788020563.811392000,200,0.002948
1788020564.068897000,200,0.004172
1788020564.332521000,200,0.002878
1788020564.581843000,200,0.002744
1788020564.842062000,200,0.000874
1788020565.080034000,200,0.000544
1788020565.315351000,200,0.000750
1788020565.550149000,200,0.000644
1788020565.781786000,200,0.000963
1788020566.014865000,200,0.000810
1788020566.246039000,200,0.000620
1788020566.477677000,200,0.000753
1788020566.708680000,200,0.000632
1788020566.941222000,200,0.000699
1788020567.175919000,200,0.000728
1788020567.407639000,200,0.000645
1788020567.637570000,200,0.000690
1788020567.870567000,200,0.000644
1788020568.103181000,200,0.000528
1788020568.333037000,200,0.000646
1788020568.563877000,200,0.000669
1788020568.796041000,200,0.000749
1788020569.028330000,200,0.000730
1788020569.263549000,200,0.000582
1788020569.493693000,200,0.000875
1788020569.725963000,200,0.000583
1788020569.961077000,200,0.000593
1788020570.191763000,200,0.000776
1788020570.422429000,200,0.000675
1788020570.655966000,200,0.000719
1788020570.888474000,200,0.000551
1788020571.119354000,200,0.000978
1788020571.349878000,200,0.000828
1788020571.580152000,200,0.000798
1788020571.811201000,200,0.000619
1788020572.047082000,200,0.001414
1788020572.297406000,200,0.000618
1788020572.526550000,200,0.000853
1788020572.756287000,200,0.000466
1788020572.982857000,200,0.000822
1788020573.213764000,200,0.000748
1788020573.441477000,200,0.000857
1788020573.673957000,200,0.000874
1788020573.909833000,200,0.000574
1788020574.143263000,200,0.000723
1788020574.375650000,200,0.000660
1788020574.607391000,200,0.000572
1788020574.841915000,200,0.000624
1788020575.073205000,200,0.000644
1788020575.304895000,200,0.000640
1788020575.534450000,200,0.000600
1788020575.763687000,200,0.000648
1788020575.993148000,200,0.000605
1788020576.226528000,200,0.000693
1788020576.457508000,200,0.000549
1788020576.682829000,200,0.000634
1788020576.909710000,200,0.000692
1788020577.142952000,200,0.000637
1788020577.373956000,200,0.000571
1788020577.599766000,200,0.000588
1788020577.829488000,200,0.000605
1788020578.062974000,200,0.000581
1788020578.292834000,200,0.008539
1788020578.525800000,200,0.000578
1788020578.758912000,200,0.000701
1788020578.992084000,200,0.000523
1788020579.225377000,200,0.000493
1788020579.454460000,200,0.000622
1788020579.689179000,200,0.000668
1788020579.921321000,200,0.000600
1788020580.153825000,200,0.000580
1788020580.387187000,200,0.000911
1788020580.618996000,200,0.000622
1788020580.851436000,200,0.000942
1788020581.088245000,200,0.000686
1788020581.320138000,200,0.015889
1788020581.570452000,200,0.000569
1788020581.802314000,200,0.000851
1788020582.033836000,200,0.000593
1788020582.264390000,200,0.000639
1788020582.490920000,200,0.000736
1788020582.721150000,200,0.000722
1788020582.955894000,200,0.000836
1788020583.188197000,200,0.000585
1788020583.420969000,200,0.000732
1788020583.652330000,200,0.000720
1788020583.885989000,200,0.000530
1788020584.118942000,200,0.000645
1788020584.353276000,200,0.000873
1788020584.587715000,200,0.000790
1788020584.818632000,200,0.000696
1788020585.054599000,200,0.000616
1788020585.285782000,200,0.000521
1788020585.517987000,200,0.000619
1788020585.749795000,200,0.000632
1788020585.981673000,200,0.000676
1788020586.216961000,200,0.000519
1788020586.450105000,200,0.000638
1788020586.683272000,200,0.000677
1788020586.917492000,200,0.000681
1788020587.149785000,200,0.000565
1788020587.379997000,200,0.000505
1788020587.606983000,200,0.000725
1788020587.838960000,200,0.000696
1788020588.072600000,200,0.000662
1788020588.307465000,200,0.000870
1788020588.538416000,200,0.000790
1788020588.771926000,200,0.000880
1788020589.002408000,200,0.000695
1788020589.236693000,200,0.000701
1788020589.470158000,200,0.000808
1788020589.700286000,200,0.000655
1788020589.930660000,200,0.000607
1788020590.166023000,200,0.000670
1788020590.400123000,200,0.000564
1788020590.635597000,200,0.000781
1788020590.868392000,200,0.000688
1788020591.104587000,200,0.000666
1788020591.336330000,200,0.000681
1788020591.569087000,200,0.000613
1788020591.803450000,200,0.000765
1788020592.035194000,200,0.000734
1788020592.265348000,200,0.000941
1788020592.491611000,200,0.000759
1788020592.723197000,200,0.000587
1788020592.953986000,200,0.000677
1788020593.187576000,200,0.000636
1788020593.417746000,200,0.000584
1788020593.652965000,200,0.000689
1788020593.886496000,200,0.000705
1788020594.111482000,200,0.000641
1788020594.337166000,200,0.000690
1788020594.568578000,200,0.000994
1788020594.802619000,200,0.000472
1788020595.029368000,200,0.000675
1788020595.262982000,200,0.000856
1788020595.496218000,200,0.000765
1788020595.730362000,200,0.001010
1788020595.961628000,200,0.000773
1788020596.196804000,200,0.000649
1788020596.431839000,200,0.000709
1788020596.663624000,200,0.000727
1788020596.898591000,200,0.000988
1788020597.132856000,200,0.000540
1788020597.363610000,200,0.000640
1788020597.590112000,200,0.000655
1788020597.823881000,200,0.000822
1788020598.057256000,200,0.000686
1788020598.290204000,200,0.000691
1788020598.522492000,200,0.000699
1788020598.756471000,200,0.000681
1788020598.987650000,200,0.000630
1788020599.221750000,200,0.000647
1788020599.453231000,200,0.000664
1788020599.685845000,200,0.000940
1788020599.919484000,200,0.000798
1788020600.154000000,200,0.000617
1788020600.388454000,200,0.000773
1788020600.619064000,200,0.000725
1788020600.852227000,200,0.000650
1788020601.082816000,200,0.000708
1788020601.314288000,200,0.000576
1788020601.547854000,200,0.000535
1788020601.781365000,200,0.000811
1788020602.014035000,200,0.000633
1788020602.245277000,200,0.001079
1788020602.473933000,200,0.000480
1788020602.700584000,200,0.000630
1788020602.935286000,200,0.000598
1788020603.166236000,200,0.000652
1788020603.397168000,200,0.000594
1788020603.632561000,200,0.000794
1788020603.865529000,200,0.000643
1788020604.098931000,200,0.000532
1788020604.330307000,200,0.000763
1788020604.562383000,200,0.000701
1788020604.794468000,200,0.000707
1788020605.025069000,200,0.000571
1788020605.260206000,200,0.000777
1788020605.492149000,200,0.000896
1788020605.717584000,200,0.000643
1788020605.952450000,200,0.000826
1788020606.188336000,200,0.000785
1788020606.420002000,200,0.000689
1788020606.652605000,200,0.004172
1788020606.887252000,200,0.000829
1788020607.119250000,200,0.000819
1788020607.350456000,200,0.000720
1788020607.577074000,200,0.000555
1788020607.808607000,200,0.000852
1788020608.039820000,200,0.000611
1788020608.269871000,200,0.000773
1788020608.496842000,200,0.000560
1788020608.731007000,200,0.000715
1788020608.962674000,200,0.000585
1788020609.198126000,200,0.000695
1788020609.433157000,200,0.001430
1788020609.669733000,200,0.001060
1788020609.904070000,200,0.000624
1788020610.136855000,200,0.000658
1788020610.370150000,200,0.000732
1788020610.606665000,200,0.000680
1788020610.841218000,200,0.000623
1788020611.069226000,200,0.000589
1788020611.299107000,200,0.000601
1788020611.525450000,200,0.000546
1788020611.761468000,200,0.000814
1788020611.997416000,200,0.000613
1788020612.227925000,200,0.001022
1788020612.454235000,200,0.000567
1788020612.681340000,200,0.000603
1788020612.916429000,200,0.000800
1788020613.152358000,200,0.000580
1788020613.383296000,200,0.001160
1788020613.618542000,200,0.000825
1788020613.852852000,200,0.000838
1788020614.084902000,200,0.000647
1788020614.318361000,200,0.000681
1788020614.553149000,200,0.000639
1788020614.789169000,200,0.000746
1788020615.023070000,200,0.000505
1788020615.251785000,200,0.000708
1788020615.482979000,200,0.000568
1788020615.717939000,200,0.000833
1788020615.952636000,200,0.000617
1788020616.184654000,200,0.000627
1788020616.417316000,200,0.000627
1788020616.652225000,200,0.000704
1788020616.891589000,200,0.000638
1788020617.128720000,200,0.000622
1788020617.362898000,200,0.000630
1788020617.587705000,200,0.000623
1788020617.819862000,200,0.000594
1788020618.051390000,200,0.001290
1788020618.283520000,200,0.000573
1788020618.518287000,200,0.000673
1788020618.750715000,200,0.000734
1788020618.981615000,200,0.000615
1788020619.213961000,200,0.000624
1788020619.444709000,200,0.000633
1788020619.678731000,200,0.001459
1788020619.913915000,200,0.000659
1788020620.147245000,200,0.000776
1788020620.383672000,200,0.001055
1788020620.616389000,200,0.000566
1788020620.848307000,200,0.001015
1788020621.076264000,200,0.000659
1788020621.301749000,200,0.000648
1788020621.530036000,200,0.000684
1788020621.758291000,200,0.000729
1788020621.988457000,200,0.000626
1788020622.222533000,200,0.000812
1788020622.451983000,200,0.000521
1788020622.678616000,200,0.000532
1788020622.912303000,200,0.000695
1788020623.146364000,200,0.000787
1788020623.377917000,200,0.000551
1788020623.610681000,200,0.000688
1788020623.843585000,200,0.000650
1788020624.074738000,200,0.000682
1788020624.305794000,200,0.000788
1788020624.542305000,200,0.000716
1788020624.772806000,200,0.000565
1788020625.002937000,200,0.000725
1788020625.233253000,200,0.000729
1788020625.467380000,200,0.000614
1788020625.700465000,200,0.000671
1788020625.934296000,200,0.000573
1788020626.167456000,200,0.000669
1788020626.398244000,200,0.000991
1788020626.633800000,200,0.000717
1788020626.868602000,200,0.000586
1788020627.101608000,200,0.000636
1788020627.332259000,200,0.000764
1788020627.558088000,200,0.000764
1788020627.792649000,200,0.000678
1788020628.027403000,200,0.000740
1788020628.258572000,200,0.000588
1788020628.488098000,200,0.000911
1788020628.725629000,200,0.000606
1788020628.959878000,200,0.000797
1788020629.195182000,200,0.000660
1788020629.425826000,200,0.000721
1788020629.659729000,200,0.000688
1788020629.892959000,200,0.000757
1788020630.126902000,200,0.000603
1788020630.358548000,200,0.000561
1788020630.591216000,200,0.000649
1788020630.824834000,200,0.000615
1788020631.058910000,200,0.000613
1788020631.292400000,200,0.000731
1788020631.523502000,200,0.000619
1788020631.754694000,200,0.000548
1788020631.989040000,200,0.000626
1788020632.222384000,200,0.000599
1788020632.451362000,200,0.000808
1788020632.677951000,200,0.000591
1788020632.909399000,200,0.000543
1788020633.144353000,200,0.000619
1788020633.376233000,200,0.000821
1788020633.607429000,200,0.000551
1788020633.839880000,200,0.000615
1788020634.070524000,200,0.000586
1788020634.305100000,200,0.000691
1788020634.535502000,200,0.000768
1788020634.768797000,200,0.000823
1788020635.001081000,200,0.000636
1788020635.232211000,200,0.000720
1788020635.463445000,200,0.000572
1788020635.691002000,200,0.000639
1788020635.921871000,200,0.000677
1788020636.153263000,200,0.000760
1788020636.388147000,200,0.000875
1788020636.620971000,200,0.000553
1788020636.852634000,200,0.000806
1788020637.085792000,200,0.000720
1788020637.316586000,200,0.000880
1788020637.544001000,200,0.000677
1788020637.775913000,200,0.000596
1788020638.010426000,200,0.000613
1788020638.241537000,200,0.000454
1788020638.467928000,200,0.000719
1788020638.698807000,200,0.000657
1788020638.932623000,200,0.000655
1788020639.163253000,200,0.000603
1788020639.397317000,200,0.000594
1788020639.629676000,200,0.000752
1788020639.862162000,200,0.000853
1788020640.092997000,200,0.000691
1788020640.328136000,200,0.000618
1788020640.563720000,200,0.000887
1788020640.797855000,200,0.000629
1788020641.030216000,200,0.000799
1788020641.263137000,200,0.000907
1788020641.494027000,200,0.000583
1788020641.727728000,200,0.000714
1788020641.963792000,200,0.000656
1788020642.196296000,200,0.000614
1788020642.426255000,200,0.001544
1788020642.660477000,200,0.000850
1788020642.892060000,200,0.000736
1788020643.126452000,200,0.001262
1788020643.359463000,200,0.000687
1788020643.593713000,200,0.000769
1788020643.826310000,200,0.001330
1788020644.060747000,200,0.000619
1788020644.293355000,200,0.000933
1788020644.526915000,200,0.000660
1788020644.758354000,200,0.000626
1788020644.989163000,200,0.000702
1788020645.221543000,200,0.000666
1788020645.452879000,200,0.000803
1788020645.688761000,200,0.000600
1788020645.919847000,200,0.000687
1788020646.151372000,200,0.000683
1788020646.383039000,200,0.000922
1788020646.622551000,200,0.000622
1788020646.858636000,200,0.000651
1788020647.096192000,200,0.000580
1788020647.326175000,200,0.000610
1788020647.555294000,200,0.000675
1788020647.784198000,200,0.000711
1788020648.018691000,200,0.000807
1788020648.250776000,200,0.000546
1788020648.484644000,200,0.000836
1788020648.716629000,200,0.000713
1788020648.948517000,200,0.000707
1788020649.183899000,200,0.009986
1788020649.427302000,200,0.000680
1788020649.660318000,200,0.000643
1788020649.893715000,200,0.000629
1788020650.125354000,200,0.000763
1788020650.357433000,200,0.000652
1788020650.590692000,200,0.000556
1788020650.820683000,200,0.000586
1788020651.051930000,200,0.000585
1788020651.284359000,200,0.000554
1788020651.517733000,200,0.000603
1788020651.748398000,200,0.000597
1788020651.979762000,200,0.000569
1788020652.210093000,200,0.000579
1788020652.437818000,200,0.000504
1788020652.663908000,200,0.000691
1788020652.897537000,200,0.000560
1788020653.134390000,200,0.000709
1788020653.366557000,200,0.000631
1788020653.596720000,200,0.000597
1788020653.831334000,200,0.000868
1788020654.059555000,200,0.000578
1788020654.285968000,200,0.000611
1788020654.521700000,200,0.000533
1788020654.750399000,200,0.000672
1788020654.985383000,200,0.000610
1788020655.221080000,200,0.000765
1788020655.452064000,200,0.000800
1788020655.684947000,200,0.001224
1788020655.922421000,200,0.000800
1788020656.154927000,200,0.000574
1788020656.388129000,200,0.000874
1788020656.621293000,200,0.000579
1788020656.851238000,200,0.000669
1788020657.083641000,200,0.000623
1788020657.316510000,200,0.000673
1788020657.551419000,200,0.000613
1788020657.780842000,200,0.000731
1788020658.019193000,200,0.000647
1788020658.254699000,200,0.000536
1788020658.491925000,200,0.000816
1788020658.725394000,200,0.000711
1788020658.956530000,200,0.000596
1788020659.188429000,200,0.000624
1788020659.421290000,200,0.000577
1788020659.653065000,200,0.000808
1788020659.886551000,200,0.000616
1788020660.117610000,200,0.000657
1788020660.349475000,200,0.000602
1788020660.582187000,200,0.000541
1788020660.814227000,200,0.000630
1788020661.044528000,200,0.000685
1788020661.276735000,200,0.000674
1788020661.507387000,200,0.000747
1788020661.738115000,200,0.000540
1788020661.969957000,200,0.000743
1788020662.202083000,200,0.000905
1788020662.433272000,200,0.000674
1788020662.660009000,200,0.000661
1788020662.892174000,200,0.000704
1788020663.122730000,200,0.000553
1788020663.355598000,200,0.007365
1788020663.593357000,200,0.000642
1788020663.827311000,200,0.000675
1788020664.057404000,200,0.000610
1788020664.288138000,200,0.000976
1788020664.520740000,200,0.000729
1788020664.751812000,200,0.000628
1788020664.983230000,200,0.000758
1788020665.213268000,200,0.000716
1788020665.445553000,200,0.000666
1788020665.673511000,200,0.000623
1788020665.908876000,200,0.000853
1788020666.139506000,200,0.000671
1788020666.371192000,200,0.000569
1788020666.602032000,200,0.000758
1788020666.833779000,200,0.000749
1788020667.065696000,200,0.000771
1788020667.297602000,200,0.000645
1788020667.525062000,200,0.000819
1788020667.753899000,200,0.000765
1788020667.988256000,200,0.000575
1788020668.219684000,200,0.000488
1788020668.446914000,200,0.000810
1788020668.679962000,200,0.000569
1788020668.914292000,200,0.000571
1788020669.146429000,200,0.000656
1788020669.380390000,200,0.000606
1788020669.612006000,200,0.000586
1788020669.840080000,200,0.000636
1788020670.073203000,200,0.000661
1788020670.304797000,200,0.000673
1788020670.537526000,200,0.000659
1788020670.767987000,200,0.001015
1788020670.999222000,200,0.000604
1788020671.231566000,200,0.000517
1788020671.464706000,200,0.000638
1788020671.698594000,200,0.000587
1788020671.933788000,200,0.000574
1788020672.167505000,200,0.000655
1788020672.398367000,200,0.000562
1788020672.625080000,200,0.000778
1788020672.859415000,200,0.000943
1788020673.097725000,200,0.000636
1788020673.330242000,200,0.000677
1788020673.563092000,200,0.000606
1788020673.796586000,200,0.000631
1788020674.027362000,200,0.000735
1788020674.263040000,200,0.000604
1788020674.499315000,200,0.000726
1788020674.733359000,200,0.000824
1788020674.964634000,200,0.000889
1788020675.199284000,200,0.000613
1788020675.431105000,200,0.000577
1788020675.662492000,200,0.000693
1788020675.892968000,200,0.000603
1788020676.124591000,200,0.000577
1788020676.356962000,200,0.000594
1788020676.600093000,200,0.001087
1788020676.873204000,200,0.000898
1788020677.106522000,200,0.000676
1788020677.342635000,200,0.000524
1788020677.570804000,200,0.000574
1788020677.802156000,200,0.000756
1788020678.033899000,200,0.000568
1788020678.264798000,200,0.001114
1788020678.496614000,200,0.001694
1788020678.738666000,200,0.002500
1788020678.989759000,200,0.002508
1788020679.237635000,200,0.002713
1788020679.495598000,200,0.002524
1788020679.746149000,200,0.003037
1788020679.985349000,200,0.002170
1788020680.226960000,200,0.003345
1788020680.466151000,200,0.001665
1788020680.707303000,200,0.001786
1788020680.949024000,200,0.002329
1788020681.197293000,200,0.002862
1788020681.439106000,200,0.001931
1788020681.681441000,200,0.001739
1788020681.917040000,200,0.002448
1788020682.158153000,200,0.001572
1788020682.395792000,200,0.001638
1788020682.626736000,200,0.001330
1788020682.863907000,200,0.002148
1788020683.104385000,200,0.002104
1788020683.340659000,200,0.001351
1788020683.576510000,200,0.002905
1788020683.816754000,200,0.002723
1788020684.056933000,200,0.002886
1788020684.304688000,200,0.002399
1788020684.565902000,200,0.005195
1788020684.822897000,200,0.001924
1788020685.071449000,200,0.002806
1788020685.321714000,200,0.002245
1788020685.565488000,200,0.003064
1788020685.815057000,200,0.004230
1788020686.071991000,200,0.001557
1788020686.315377000,200,0.001991
1788020686.564350000,200,0.002643
1788020686.820159000,200,0.003377
1788020687.078658000,200,0.002367
1788020687.329345000,200,0.001846
1788020687.558472000,200,0.002253
1788020687.802966000,200,0.001967
1788020688.043692000,200,0.002318
1788020688.289021000,200,0.001945
1788020688.535756000,200,0.001837
1788020688.775205000,200,0.001808
1788020689.017453000,200,0.002518
1788020689.258218000,200,0.002075
1788020689.501841000,200,0.002903
1788020689.747519000,200,0.001804
1788020689.987465000,200,0.002393
1788020690.243908000,200,0.002248
1788020690.490486000,200,0.001052
1788020690.734742000,200,0.002750
1788020690.982832000,200,0.001930
1788020691.212035000,200,0.001860
1788020691.445376000,200,0.001612
1788020691.692856000,307,0.011223
1788020691.944852000,307,0.004137
1788020692.192682000,307,0.007472
1788020692.442472000,307,0.012785
1788020692.683856000,307,0.004226
1788020692.942565000,307,0.004285
1788020693.196612000,307,0.003731
1788020693.441258000,307,0.005844
1788020693.694953000,307,0.005141
1788020693.944586000,307,0.007119
1788020694.187432000,307,0.005327
1788020694.435421000,307,0.003757
1788020694.682308000,307,0.004850
1788020694.929753000,307,0.004407
1788020695.177024000,307,0.005110
1788020695.419763000,307,0.006538
1788020695.670204000,307,0.006586
1788020695.926198000,307,0.005453
1788020696.179062000,307,0.003703
1788020696.426063000,307,0.004571
1788020696.672194000,307,0.005114
1788020696.921871000,307,0.005878
1788020697.172297000,307,0.005603
1788020697.418437000,307,0.003012
1788020697.653493000,307,0.006795
1788020697.907501000,307,0.004922
1788020698.159850000,307,0.005766
1788020698.412252000,307,0.004232
1788020698.663751000,307,0.004922
1788020698.919183000,307,0.005154
1788020699.177706000,307,0.004334
1788020699.427793000,307,0.003436
1788020699.664361000,307,0.005250
1788020699.910095000,307,0.004155
1788020700.151607000,307,0.003751
1788020700.392573000,307,0.003057
1788020700.631917000,307,0.003866
1788020700.881320000,307,0.003895
1788020701.145729000,307,0.003795
1788020701.384915000,307,0.004230
1788020701.625831000,307,0.004018
1788020701.864381000,307,0.003912
1788020702.106286000,307,0.004194
1788020702.344460000,307,0.005452
1788020702.580662000,307,0.003554
1788020702.817782000,307,0.004363
1788020703.060185000,307,0.005596
1788020703.307145000,307,0.003464
1788020703.552035000,307,0.003679
1788020703.798075000,307,0.004628
1788020704.043167000,307,0.003592
1788020704.285971000,307,0.003277
1788020704.522233000,307,0.003109
1788020704.761558000,307,0.003692
1788020705.002787000,307,0.004426
1788020705.244819000,307,0.005781
1788020705.497308000,307,0.004510
1788020705.747764000,307,0.004761
1788020705.998981000,307,0.004743
1788020706.251031000,307,0.004907
1788020706.499826000,307,0.003998
1788020706.749270000,307,0.004300
1788020707.000908000,307,0.004369
1788020707.257583000,307,0.005706
1788020707.506467000,307,0.005831
1788020707.757411000,307,0.004051
1788020708.016255000,307,0.005031
1788020708.279477000,307,0.005847
1788020708.539959000,307,0.006261
1788020708.803800000,307,0.005063
1788020709.063490000,307,0.005028
1788020709.326909000,307,0.005393
1788020709.587581000,307,0.004101
1788020709.848673000,307,0.004758
1788020710.101099000,307,0.003740
1788020710.344391000,307,0.003741
1788020710.585579000,307,0.002363
1788020710.827472000,307,0.004089
1788020711.071417000,307,0.004493
1788020711.324758000,307,0.005487
1788020711.583913000,307,0.004509
1788020711.844084000,307,0.005079
1788020712.114886000,307,0.005184
1788020712.369549000,307,0.003457
1788020712.603223000,307,0.004423
1788020712.857491000,307,0.005674
1788020713.122739000,307,0.004225
1788020713.368481000,307,0.006116
1788020713.631957000,307,0.007786
1788020713.883564000,307,0.003763
1788020714.116536000,307,0.003969
1788020714.363428000,307,0.005969
1788020714.616803000,307,0.005151
1788020714.873075000,307,0.004249
1788020715.135842000,307,0.006135
1788020715.398682000,307,0.004052
1788020715.650366000,307,0.005361
1788020715.910823000,307,0.005471
1788020716.175436000,307,0.005614
1788020716.437727000,307,0.005105
1788020716.697803000,307,0.005661
1788020716.953333000,307,0.005028
1788020717.192542000,307,0.004526
1788020717.432899000,307,0.003898
1788020717.667551000,307,0.004201
1788020717.908859000,307,0.003017
1788020718.138808000,307,0.004443
1788020718.383691000,307,0.006266
1788020718.637296000,307,0.005502
1788020718.893028000,307,0.005769
1788020719.150672000,307,0.004374
1788020719.402046000,307,0.003357
1788020719.650438000,307,0.003205
1788020719.902057000,307,0.004319
1788020720.159829000,307,0.005594
1788020720.415908000,307,0.004714
1788020720.671847000,307,0.004886
1788020720.927863000,307,0.005125
1788020721.183338000,307,0.005129
1788020721.432809000,307,0.004219
1788020721.682564000,307,0.003536
1788020721.924104000,307,0.004548
1788020722.178860000,307,0.005560
1788020722.429705000,307,0.003208
1788020722.667923000,307,0.003946
1788020722.926005000,307,0.005954
1788020723.178849000,307,0.008686
1788020723.437205000,307,0.005497
1788020723.689964000,307,0.005638
1788020723.944950000,307,0.005410
1788020724.207222000,307,0.005488
1788020724.467788000,307,0.006367
1788020724.739674000,307,0.004840
1788020724.999262000,307,0.006536
1788020725.265671000,307,0.004390
1788020725.518867000,307,0.006804
1788020725.773020000,307,0.005170
1788020726.028125000,307,0.007605
1788020726.296806000,307,0.004831
1788020726.553594000,307,0.006370
1788020726.822913000,307,0.006409
1788020727.090521000,307,0.006728
1788020727.351921000,307,0.008414
1788020727.606619000,307,0.007634
1788020727.874668000,307,0.005457
1788020728.140441000,307,0.005165
1788020728.397000000,307,0.007264
1788020728.636805000,307,0.005615
1788020728.878542000,307,0.004936
1788020729.133343000,307,0.006315
1788020729.389269000,307,0.003601
1788020729.628888000,307,0.005321
1788020729.879365000,307,0.005822
1788020730.131904000,307,0.003656
1788020730.377904000,307,0.006221
1788020730.628505000,307,0.005374
1788020730.881489000,307,0.003630
1788020731.132623000,307,0.004066
1788020731.385761000,307,0.004408
1788020731.641044000,307,0.007688
1788020731.902551000,307,0.005726
1788020732.162719000,307,0.005362
1788020732.411986000,307,0.002890
1788020732.645474000,307,0.004072
1788020732.904064000,307,0.006343
1788020733.158623000,307,0.011639
1788020733.423542000,307,0.002909
1788020733.662210000,307,0.002479
1788020733.907282000,307,0.004055
1788020734.159833000,307,0.004704
1788020734.412977000,307,0.004513
1788020734.662820000,307,0.004243
1788020734.914437000,307,0.004856
1788020735.164591000,307,0.003958
1788020735.418188000,307,0.004214
1788020735.672529000,307,0.004766
1788020735.927056000,307,0.006346
1788020736.180662000,307,0.005495
1788020736.430244000,307,0.003750
1788020736.678274000,307,0.004902
1788020736.935271000,307,0.009874
1788020737.196135000,307,0.006749
1788020737.450371000,307,0.004833
1788020737.692656000,307,0.003673
1788020737.938180000,307,0.003828
1788020738.170796000,307,0.003234
1788020738.407652000,307,0.004851
1788020738.662345000,307,0.004207
1788020738.913816000,307,0.005822
1788020739.170117000,307,0.005260
1788020739.423722000,307,0.005231
1788020739.683586000,307,0.005060
1788020739.937935000,307,0.002982
1788020740.189640000,307,0.004648
1788020740.452578000,307,0.007395
1788020740.713078000,307,0.004489
1788020740.964782000,307,0.004877
1788020741.224213000,307,0.004540
1788020741.476779000,307,0.004971
1788020741.730503000,307,0.005046
1788020741.989521000,307,0.003963
1788020742.242399000,307,0.004069
1788020742.486572000,307,0.003509
1788020742.731521000,307,0.005125
1788020742.982641000,307,0.005183
1788020743.237529000,307,0.005134
1788020743.490850000,307,0.004237
1788020743.745123000,307,0.004294
1788020743.997883000,307,0.004612
1788020744.253516000,307,0.007515
1788020744.508378000,307,0.004705
1788020744.754054000,307,0.005091
1788020745.005473000,307,0.006123
1788020745.249241000,307,0.005884
1788020745.505304000,307,0.005845
1788020745.759183000,307,0.005240
1788020746.023475000,307,0.006816
1788020746.280533000,307,0.004217
1788020746.538735000,307,0.005297
1788020746.802337000,307,0.004641
1788020747.063837000,307,0.005151
1788020747.314676000,307,0.003234
1788020747.551968000,307,0.005676
1788020747.804465000,307,0.007016
1788020748.058500000,307,0.008976
1788020748.315521000,307,0.002820
1788020748.562205000,307,0.005669
1788020748.835130000,307,0.005084
1788020749.093642000,307,0.005588
1788020749.358460000,307,0.004175
1788020749.611938000,307,0.004411
1788020749.869429000,307,0.005898
1788020750.127357000,307,0.006133
1788020750.387073000,307,0.005403
1788020750.650575000,307,0.005070
1788020750.912872000,307,0.005121
1788020751.167053000,307,0.005018
1788020751.424315000,307,0.005298
1788020751.682885000,307,0.005846
1788020751.946402000,307,0.004834
1788020752.200191000,307,0.004488
1788020752.448998000,307,0.005170
1788020752.691810000,307,0.004919
1788020752.947209000,307,0.005790
1788020753.207773000,307,0.005321
1788020753.472569000,307,0.005836
1788020753.732055000,307,0.004236
1788020753.986743000,307,0.006206
1788020754.249967000,307,0.005696
1788020754.509376000,307,0.004212
1788020754.761868000,307,0.005454
1788020755.014032000,307,0.005013
1788020755.267204000,307,0.003710
1788020755.507798000,307,0.004829
1788020755.748021000,307,0.004194
1788020755.995604000,307,0.004972
1788020756.248001000,307,0.003453
1788020756.493152000,307,0.005169
1788020756.742092000,307,0.005509
1788020756.998114000,307,0.004739
1788020757.242809000,307,0.003234
1788020757.478766000,307,0.003432
1788020757.722414000,307,0.005001
1788020757.975226000,307,0.004235
1788020758.223858000,307,0.003740
1788020758.464823000,307,0.006181
1788020758.722581000,307,0.004808
1788020758.975763000,307,0.004837
1788020759.214697000,307,0.003701
1788020759.461142000,307,0.003872
1788020759.712941000,307,0.004335
1788020759.967939000,307,0.003495
1788020760.222023000,307,0.003757
1788020760.471411000,307,0.005188
1788020760.727014000,307,0.004847
1788020760.979176000,307,0.004735
1788020761.227688000,307,0.003901
1788020761.476511000,307,0.004381
1788020761.720523000,307,0.004694
1788020761.977046000,307,0.005532
1788020762.227995000,307,0.004461
1788020762.467576000,307,0.005028
1788020762.710012000,307,0.005408
1788020762.971698000,307,0.004228
1788020763.219223000,307,0.005805
1788020763.473716000,307,0.005659
1788020763.731165000,307,0.004495
1788020763.986085000,307,0.004687
1788020764.236601000,307,0.004779
1788020764.488523000,307,0.005005
1788020764.746859000,307,0.004506
1788020764.998134000,307,0.003534
1788020765.237508000,307,0.004514
1788020765.486483000,307,0.004124
1788020765.733441000,307,0.003409
1788020765.966706000,307,0.003269
1788020766.209748000,307,0.005841
1788020766.463564000,307,0.004547
1788020766.721140000,307,0.005043
1788020766.974284000,307,0.005258
1788020767.227378000,307,0.003421
1788020767.469708000,307,0.003704
1788020767.710508000,307,0.005528
1788020767.964350000,307,0.004948
1788020768.217964000,307,0.004767
1788020768.467987000,307,0.004448
1788020768.716650000,307,0.005117
1788020768.973751000,307,0.004009
1788020769.222158000,307,0.004267
1788020769.471577000,307,0.003935
1788020769.725745000,307,0.004457
1788020769.981980000,307,0.003599
1788020770.233174000,307,0.005169
1788020770.486309000,307,0.006236
1788020770.736156000,307,0.004517
1788020770.991435000,307,0.003873
1788020771.241522000,307,0.003771
1788020771.494508000,307,0.005506
1788020771.749659000,307,0.004093
1788020772.001648000,307,0.004414
1788020772.246133000,307,0.004415
1788020772.484939000,307,0.005165
1788020772.722120000,307,0.003774
1788020772.968851000,307,0.004867
1788020773.226666000,307,0.005800
1788020773.481400000,307,0.004729
1788020773.728117000,307,0.003619
1788020773.956737000,307,0.003431
1788020774.182770000,307,0.004264
1788020774.426275000,307,0.005623
1788020774.688799000,307,0.005819
1788020774.941730000,307,0.005835
1788020775.199585000,307,0.003613
1788020775.449444000,307,0.005251
1788020775.705921000,307,0.005872
1788020775.965076000,307,0.005137
1788020776.223755000,307,0.004472
1788020776.478048000,307,0.005120
1788020776.735152000,307,0.004926
1788020776.989976000,307,0.004532
1788020777.247799000,307,0.004269
1788020777.486337000,307,0.003019
1788020777.719246000,307,0.003941
1788020777.959109000,307,0.004118
1788020778.214444000,307,0.004521
1788020778.470847000,307,0.005259
1788020778.723793000,307,0.004618
1788020778.968667000,307,0.004010
1788020779.217011000,307,0.005465
1788020779.470782000,307,0.005424
1788020779.726864000,307,0.005131
1788020779.975891000,307,0.004875
1788020780.226970000,307,0.004604
1788020780.480066000,307,0.004222
1788020780.731448000,307,0.004795
1788020780.983073000,307,0.004357
1788020781.234757000,307,0.004145
1788020781.483120000,307,0.004332
1788020781.733188000,307,0.005296
1788020781.987250000,307,0.003934
1788020782.234923000,307,0.005112
1788020782.473874000,307,0.004173
1788020782.713034000,307,0.004672
1788020782.969234000,307,0.004745
1788020783.223187000,307,0.003647
1788020783.471379000,307,0.005438
1788020783.725720000,307,0.004888
1788020783.980912000,307,0.005013
1788020784.234028000,307,0.004790
1788020784.483324000,307,0.004794
1788020784.737324000,307,0.005093
1788020784.991040000,307,0.004020
1788020785.227806000,307,0.003776
1788020785.467086000,307,0.003864
1788020785.707483000,307,0.005013
1788020785.963199000,307,0.004550
1788020786.216825000,307,0.004134
1788020786.467231000,307,0.005187
1788020786.724409000,307,0.006264
1788020786.982807000,307,0.005220
1788020787.234219000,307,0.003501
1788020787.474225000,307,0.003411
1788020787.716499000,307,0.004617
1788020787.970093000,307,0.005172
1788020788.214840000,307,0.003503
1788020788.445621000,307,0.005594
1788020788.692903000,307,0.003726
1788020788.940979000,307,0.005813
1788020789.192966000,307,0.005932
1788020789.448857000,307,0.004338
1788020789.693400000,307,0.005700
1788020789.943225000,307,0.004711
1788020790.193891000,307,0.005142
1788020790.444651000,307,0.007241
1788020790.700198000,307,0.003882
1788020790.951738000,307,0.004318
1788020791.208309000,307,0.004866
1788020791.461044000,307,0.004296
1788020791.711602000,307,0.003502
1788020791.958968000,307,0.004554
1788020792.207510000,307,0.004700
1788020792.454185000,307,0.004737
1788020792.696839000,307,0.004592
1788020792.948067000,307,0.004049
1788020793.196269000,307,0.004541
1788020793.447838000,307,0.004074
1788020793.697672000,307,0.003863
1788020793.949036000,307,0.003735
1788020794.198429000,307,0.005633
1788020794.450130000,307,0.007070
1788020794.711961000,307,0.005036
1788020794.964648000,307,0.003492
1788020795.211605000,307,0.004167
1788020795.453614000,307,0.003289
1788020795.687223000,307,0.003343
1788020795.922411000,307,0.004718
1788020796.173845000,307,0.006217
1788020796.438533000,307,0.008954
1788020796.714395000,307,0.006166
1788020796.979883000,307,0.005575
1788020797.235069000,307,0.007941
1788020797.491571000,307,0.004335
1788020797.733019000,307,0.004570
1788020797.984823000,307,0.004614
1788020798.230683000,307,0.005966
1788020798.492494000,307,0.005538
1788020798.752098000,307,0.005619
1788020799.007172000,307,0.004627
1788020799.261016000,307,0.005225
1788020799.521788000,307,0.005274
1788020799.779501000,307,0.005069
1788020800.048524000,307,0.007235
1788020800.302235000,307,0.004731
1788020800.547025000,307,0.003294
1788020800.798190000,307,0.004648
1788020801.065995000,307,0.003630
1788020801.321072000,307,0.004986
1788020801.573904000,307,0.005843
1788020801.838214000,307,0.006136
1788020802.096565000,307,0.005056
1788020802.348166000,307,0.003400
1788020802.581080000,307,0.003961
1788020802.837747000,307,0.007223
1788020803.096902000,307,0.005614
1788020803.351988000,307,0.005549
1788020803.606368000,307,0.004804
1788020803.860903000,307,0.005100
1788020804.112223000,307,0.005257
1788020804.365200000,307,0.004302
1788020804.611664000,307,0.004590
1788020804.860931000,307,0.016247
1788020805.121100000,307,0.003636
1788020805.365836000,307,0.003191
1788020805.609368000,307,0.004269
1788020805.859896000,307,0.004647
1788020806.102427000,307,0.003474
1788020806.340891000,307,0.003289
1788020806.581497000,307,0.003552
1788020806.827884000,307,0.004599
1788020807.073058000,307,0.005784
1788020807.318872000,307,0.003062
1788020807.551394000,307,0.012123
1788020807.821631000,307,0.006766
1788020808.083501000,307,0.003513
1788020808.329869000,307,0.005583
1788020808.582354000,307,0.004429
1788020808.820991000,307,0.003361
1788020809.055499000,307,0.005175
1788020809.307062000,307,0.003311
1788020809.552482000,307,0.005173
1788020809.807005000,307,0.005349
1788020810.068021000,307,0.004385
1788020810.323354000,307,0.005007
1788020810.573491000,307,0.005317
1788020810.824101000,307,0.004701
1788020811.080402000,307,0.005711
1788020811.339009000,307,0.005279
1788020811.594930000,307,0.004835
1788020811.844723000,307,0.003874
1788020812.098916000,307,0.005971
1788020812.350949000,307,0.003693
1788020812.586725000,307,0.005100
1788020812.831940000,307,0.003527
1788020813.060634000,307,0.003283
1788020813.298088000,307,0.005442
1788020813.549122000,307,0.005730
1788020813.797247000,307,0.004421
1788020814.054997000,307,0.004038
1788020814.309184000,307,0.004938
1788020814.552202000,307,0.005929
1788020814.813191000,307,0.004808
1788020815.069139000,307,0.004559
1788020815.323133000,307,0.006480
1788020815.582327000,307,0.005460
1788020815.838658000,307,0.006760
1788020816.100650000,307,0.006306
1788020816.359561000,307,0.004587
1788020816.609081000,307,0.005575
1788020816.862067000,307,0.004314
1788020817.113447000,307,0.003960
1788020817.353124000,307,0.003460
1788020817.587416000,307,0.004910
1788020817.834278000,307,0.007453
1788020818.089770000,307,0.004747
1788020818.339588000,307,0.004375
1788020818.584344000,307,0.004680
1788020818.836460000,307,0.005702
1788020819.090300000,307,0.003630
1788020819.333411000,307,0.004121
1788020819.577178000,307,0.004911
1788020819.831260000,307,0.004583
1788020820.075183000,307,0.004581
1788020820.317942000,307,0.005219
1788020820.565289000,307,0.004219
1788020820.810945000,307,0.004934
1788020821.065571000,307,0.005333
1788020821.318430000,307,0.003568
1788020821.565865000,307,0.004907
1788020821.819619000,307,0.005345
1788020822.073880000,307,0.003682
1788020822.317632000,307,0.003370
1788020822.545249000,307,0.003376
1788020822.779046000,307,0.004673
1788020823.028825000,307,0.006471
1788020823.281376000,307,0.003645
1788020823.527810000,307,0.003912
1788020823.771875000,307,0.005270
1788020824.027958000,307,0.004542
1788020824.284119000,307,0.005074
1788020824.542621000,307,0.005053
1788020824.792501000,307,0.006331
1788020825.043226000,307,0.005220
1788020825.300137000,307,0.005431
1788020825.556114000,307,0.003704
1788020825.807862000,307,0.006067
1788020826.060950000,307,0.004725
1788020826.316937000,307,0.004942
1788020826.561181000,307,0.003423
1788020826.797693000,307,0.005132
1788020827.047937000,307,0.005147
1788020827.289026000,307,0.003611
1788020827.520524000,307,0.003856
1788020827.758738000,307,0.004505
1788020828.007935000,307,0.003269
1788020828.259980000,307,0.006188
1788020828.512877000,307,0.004611
1788020828.766015000,307,0.004824
1788020829.019301000,307,0.005156
1788020829.272370000,307,0.004347
1788020829.524838000,307,0.004400
1788020829.771704000,307,0.003714
1788020830.017221000,307,0.005984
1788020830.266952000,307,0.004271
1788020830.511141000,307,0.003443
1788020830.760038000,307,0.005344
1788020831.009795000,307,0.006130
1788020831.264278000,307,0.004861
1788020831.517118000,307,0.008128
1788020831.772976000,307,0.004363
1788020832.022147000,307,0.005681
1788020832.271200000,307,0.002876
1788020832.506312000,307,0.003807
1788020832.747423000,307,0.004495
1788020832.989679000,307,0.004754
1788020833.247031000,307,0.004214
1788020833.499569000,307,0.004263
1788020833.755043000,307,0.004236
1788020833.990240000,307,0.003899
1788020834.226223000,307,0.003971
1788020834.471896000,307,0.003867
1788020834.714245000,307,0.003763
1788020834.963518000,307,0.005114
1788020835.215195000,307,0.004346
1788020835.468336000,307,0.005236
1788020835.722066000,307,0.004609
1788020835.974982000,307,0.003890
1788020836.224086000,307,0.004823
1788020836.475492000,307,0.004526
1788020836.724546000,307,0.003091
1788020836.963613000,307,0.006114
1788020837.217428000,307,0.005488
1788020837.461843000,307,0.003296
1788020837.698782000,307,0.004336
1788020837.944766000,307,0.004877
1788020838.198023000,307,0.003628
1788020838.444046000,307,0.005487
1788020838.696276000,307,0.005111
1788020838.951421000,307,0.004609
1788020839.206042000,307,0.004119
1788020839.457102000,307,0.005296
1788020839.711061000,307,0.005434
1788020839.966222000,307,0.004639
1788020840.218426000,307,0.003515
1788020840.463346000,307,0.005814
1788020840.721522000,307,0.004823
1788020840.982189000,307,0.004113
1788020841.232997000,307,0.004319
1788020841.498289000,307,0.008963
1788020841.761355000,307,0.004937
1788020842.014666000,307,0.005759
1788020842.260552000,307,0.003222
1788020842.495051000,307,0.003340
1788020842.731040000,307,0.003750
1788020842.978412000,307,0.006170
1788020843.232370000,307,0.004021
1788020843.487194000,307,0.004487
1788020843.737575000,307,0.005120
1788020843.993612000,307,0.005028
1788020844.247665000,307,0.003448
1788020844.495664000,307,0.003133
1788020844.745511000,307,0.004685
1788020844.995778000,307,0.005331
1788020845.249069000,307,0.004431
1788020845.494595000,307,0.004045
1788020845.736727000,307,0.006027
1788020845.991645000,307,0.005191
1788020846.247359000,307,0.004967
1788020846.502673000,307,0.004604
1788020846.752677000,307,0.003465
1788020846.991213000,307,0.004852
1788020847.244958000,307,0.003719
1788020847.484934000,307,0.003721
1788020847.720732000,307,0.003788
1788020847.977729000,307,0.005900
1788020848.227265000,307,0.004073
1788020848.464583000,307,0.004578
1788020848.712573000,307,0.007216
1788020848.957582000,307,0.007945
1788020849.214260000,307,0.004423
1788020849.462565000,307,0.005115
1788020849.712749000,307,0.004944
1788020849.964579000,307,0.003584
1788020850.214602000,307,0.003785
1788020850.456456000,307,0.006333
1788020850.711985000,307,0.004768
1788020850.957278000,307,0.004121
1788020851.203656000,307,0.004782
1788020851.457777000,307,0.005997
1788020851.713008000,307,0.004566
1788020851.966778000,307,0.003551
1788020852.219240000,307,0.004210
1788020852.461027000,307,0.003660
1788020852.697259000,307,0.004059
1788020852.944851000,307,0.003555
1788020853.197673000,307,0.003491
1788020853.453976000,307,0.005278
1788020853.700209000,307,0.003137
1788020853.941876000,307,0.004527
1788020854.197097000,307,0.005518
1788020854.455370000,307,0.004278
1788020854.704249000,307,0.003911
1788020854.953978000,307,0.004494
1788020855.202208000,307,0.003644
1788020855.453272000,307,0.005076
1788020855.702488000,307,0.005228
1788020855.957747000,307,0.004490
1788020856.211896000,307,0.004243
1788020856.462918000,307,0.005739
1788020856.715169000,307,0.003317
1788020856.963845000,307,0.004882
1788020857.214519000,307,0.003396
1788020857.463465000,307,0.002971
1788020857.694601000,307,0.004255
1788020857.942015000,307,0.004003
1788020858.194864000,307,0.004404
1788020858.446472000,307,0.005137
1788020858.698128000,307,0.005562
1788020858.952389000,307,0.004475
1788020859.202980000,307,0.004216
1788020859.445431000,307,0.005360
1788020859.696502000,307,0.004745
1788020859.942992000,307,0.004907
1788020860.188032000,307,0.004580
1788020860.431990000,307,0.005050
1788020860.683047000,307,0.003830
1788020860.933534000,307,0.004370
1788020861.186839000,307,0.005424
1788020861.438943000,307,0.004256
1788020861.686900000,307,0.004616
1788020861.939273000,307,0.006771
1788020862.191195000,307,0.003477
1788020862.437100000,307,0.003601
1788020862.670848000,307,0.003033
1788020862.913020000,307,0.007501
1788020863.172003000,307,0.005252
1788020863.424708000,307,0.004416
1788020863.673985000,307,0.005507
1788020863.921853000,307,0.004406
1788020864.163716000,307,0.005687
1788020864.420380000,307,0.005271
1788020864.668601000,307,0.003380
1788020864.907743000,307,0.004503
1788020865.163955000,307,0.005249
1788020865.419464000,307,0.006291
1788020865.672423000,307,0.003638
1788020865.915270000,307,0.004025
1788020866.166426000,307,0.005094
1788020866.419409000,307,0.003923
1788020866.668387000,307,0.004660
1788020866.912429000,307,0.003739
1788020867.154602000,307,0.004854
1788020867.394687000,307,0.003443
1788020867.628099000,307,0.004262
1788020867.871279000,307,0.005442
1788020868.124769000,307,0.005663
1788020868.374256000,307,0.006772
1788020868.628845000,307,0.004289
1788020868.875100000,307,0.004279
1788020869.127191000,307,0.005084
1788020869.380589000,307,0.004400
1788020869.628506000,307,0.005866
1788020869.869243000,307,0.003994
1788020870.110839000,307,0.004253
1788020870.359492000,307,0.005917
1788020870.606532000,307,0.003418
1788020870.845054000,307,0.005707
1788020871.101057000,307,0.005056
1788020871.352051000,307,0.004239
1788020871.601376000,307,0.004943
1788020871.849376000,307,0.005076
1788020872.106803000,307,0.004317
1788020872.353780000,307,0.003480
1788020872.587973000,307,0.003302
1788020872.829226000,307,0.005561
1788020873.082002000,307,0.005113
1788020873.336734000,307,0.003937
1788020873.585651000,307,0.004302
1788020873.834404000,307,0.004332
1788020874.089331000,307,0.003932
1788020874.340942000,307,0.004253
1788020874.587474000,307,0.004444
1788020874.836666000,307,0.004671
1788020875.088032000,307,0.006011
1788020875.340808000,307,0.004625
1788020875.592317000,307,0.003392
1788020875.831991000,307,0.006221
1788020876.087905000,307,0.004889
1788020876.336976000,307,0.005223
1788020876.588695000,307,0.004874
1788020876.837045000,307,0.003198
1788020877.080034000,307,0.005706
1788020877.333069000,307,0.003483
1788020877.570089000,307,0.003833
1788020877.818204000,307,0.005183
1788020878.073379000,307,0.005499
1788020878.327093000,307,0.003650
1788020878.568154000,307,0.004922
1788020878.814581000,307,0.005299
1788020879.069693000,307,0.006116
1788020879.324006000,307,0.005404
1788020879.579840000,307,0.004575
1788020879.830333000,307,0.004048
1788020880.081273000,307,0.003953
1788020880.331819000,307,0.004144
1788020880.573652000,307,0.004498
1788020880.823375000,307,0.004878
1788020881.081466000,307,0.007671
1788020881.340936000,307,0.005431
1788020881.594057000,307,0.003646
1788020881.845472000,307,0.005455
1788020882.095999000,307,0.005849
1788020882.343488000,307,0.003490
1788020882.578615000,307,0.003202
1788020882.822495000,307,0.005772
1788020883.072884000,307,0.004029
1788020883.322638000,307,0.004111
1788020883.577747000,307,0.004013
1788020883.829500000,307,0.004015
1788020884.079829000,307,0.008174
1788020884.336123000,307,0.004329
1788020884.586436000,307,0.003244
1788020884.831725000,307,0.004764
1788020885.084528000,307,0.004581
1788020885.335808000,307,0.004121
1788020885.588215000,307,0.003588
1788020885.838331000,307,0.003971
1788020886.090870000,307,0.003972
1788020886.345656000,307,0.005371
1788020886.599687000,307,0.003973
1788020886.841022000,307,0.003521
1788020887.091564000,307,0.005485
1788020887.334480000,307,0.003756
1788020887.568168000,307,0.005130
1788020887.817580000,307,0.004897
1788020888.072183000,307,0.005277
1788020888.328231000,307,0.004228
1788020888.579279000,307,0.005744
1788020888.830361000,307,0.003392
1788020889.077648000,307,0.004734
1788020889.332596000,307,0.004001
1788020889.584606000,307,0.004296
1788020889.829298000,307,0.004870
1788020890.077418000,307,0.005913
1788020890.332038000,307,0.004790
1788020890.582957000,307,0.004097
1788020890.829691000,307,0.004736
1788020891.079047000,307,0.005247
1788020891.334870000,307,0.005219
1788020891.589428000,307,0.003505
1788020891.840666000,307,0.005094
1788020892.094767000,307,0.004058
1788020892.342157000,307,0.004396
1788020892.578768000,307,0.004610
1788020892.821223000,307,0.003801
1788020893.068277000,307,0.003062
1788020893.311730000,307,0.004980
1788020893.564848000,307,0.005035
1788020893.814806000,307,0.003509
1788020894.043886000,307,0.003865
1788020894.283639000,307,0.003934
1788020894.532904000,307,0.005572
1788020894.779532000,307,0.005828
1788020895.032690000,307,0.005592
1788020895.283794000,307,0.003630
1788020895.527300000,307,0.005600
1788020895.779677000,307,0.004320
1788020896.024830000,307,0.005033
1788020896.275686000,307,0.003459
1788020896.523991000,307,0.005431
1788020896.777909000,307,0.004941
1788020897.023514000,307,0.003402
1788020897.257448000,307,0.003803
1788020897.494288000,307,0.004593
1788020897.733803000,307,0.003875
1788020897.973575000,307,0.005244
1788020898.224297000,307,0.006051
1788020898.477687000,307,0.005004
1788020898.723393000,307,0.004849
1788020898.971579000,307,0.004616
1788020899.224437000,307,0.004721
1788020899.477026000,307,0.003931
1788020899.719432000,307,0.004480
1788020899.970536000,307,0.005500
1788020900.226082000,307,0.005460
1788020900.482803000,307,0.005047
1788020900.732872000,307,0.003099
1788020900.979835000,307,0.003869
1788020901.233888000,307,0.004501
1788020901.491607000,307,0.006463
1788020901.756230000,307,0.004529
1788020902.007680000,307,0.004637
1788020902.255157000,307,0.003530
1788020902.496203000,307,0.003480
1788020902.735890000,307,0.006183
1788020902.986118000,307,0.005069
1788020903.239054000,307,0.005514
1788020903.493099000,307,0.004995
1788020903.740897000,307,0.003682
1788020903.983632000,307,0.004824
1788020904.240384000,307,0.006307
1788020904.494476000,307,0.003729
1788020904.740532000,307,0.005209
1788020904.992704000,307,0.004241
1788020905.244118000,307,0.004899
1788020905.493511000,307,0.003579
1788020905.732287000,307,0.003644
1788020905.983166000,307,0.004851
1788020906.239218000,307,0.005688
1788020906.493919000,307,0.004123
1788020906.741806000,307,0.003803
1788020906.988969000,307,0.004519
1788020907.237992000,307,0.003537
1788020907.472919000,307,0.003409
1788020907.713525000,307,0.005716
1788020907.958307000,307,0.003971
1788020908.202542000,307,0.003671
1788020908.443601000,307,0.004579
1788020908.694903000,307,0.004334
1788020908.944854000,307,0.004561
1788020909.202743000,307,0.004540
1788020909.456283000,307,0.003663
1788020909.704047000,307,0.003531
1788020909.944153000,307,0.004434
1788020910.192070000,307,0.004987
1788020910.441442000,307,0.005049
1788020910.691142000,307,0.005340
1788020910.933215000,307,0.004535
1788020911.176110000,307,0.004917
1788020911.430967000,307,0.004063
1788020911.679540000,307,0.003982
1788020911.924869000,307,0.004270
1788020912.176028000,307,0.004129
1788020912.418489000,307,0.003373
1788020912.648901000,307,0.003876
1788020912.914187000,307,0.005471
1788020913.175467000,307,0.004927
1788020913.424337000,307,0.004419
1788020913.673041000,307,0.003603
1788020913.916468000,307,0.005602
1788020914.173364000,307,0.006967
1788020914.425722000,307,0.005376
1788020914.674701000,307,0.005338
1788020914.918852000,307,0.004383
1788020915.167910000,307,0.005681
1788020915.423183000,307,0.004915
1788020915.672079000,307,0.003725
1788020915.915649000,307,0.004283
1788020916.167929000,307,0.006063
1788020916.417751000,307,0.003549
1788020916.651270000,307,0.003171
1788020916.880558000,307,0.006025
1788020917.132071000,307,0.005571
1788020917.379716000,307,0.003065
1788020917.609022000,307,0.004027
1788020917.855989000,307,0.007023
1788020918.116298000,307,0.006056
1788020918.370249000,307,0.006206
1788020918.625825000,307,0.003629
1788020918.873037000,307,0.004133
1788020919.124554000,307,0.007288
1788020919.391826000,307,0.005102
1788020919.651157000,307,0.009307
1788020919.900198000,307,0.006690
1788020920.154406000,307,0.003591
1788020920.405623000,307,0.004672
1788020920.655759000,307,0.003744
1788020920.897759000,307,0.005256
1788020921.157093000,307,0.004553
1788020921.415111000,307,0.004730
1788020921.667223000,307,0.005205
1788020921.917529000,307,0.005096
1788020922.181585000,307,0.005788
1788020922.436633000,307,0.002821
1788020922.676396000,307,0.003182
1788020922.921475000,307,0.004149
1788020923.171945000,307,0.004304
1788020923.416358000,307,0.004843
1788020923.661419000,307,0.005883
1788020923.908066000,307,0.006693
1788020924.163845000,307,0.006985
1788020924.423378000,307,0.004862
1788020924.680584000,307,0.004765
1788020924.927736000,307,0.004498
1788020925.183100000,307,0.005584
1788020925.438944000,307,0.005484
1788020925.690298000,307,0.005749
1788020925.935121000,307,0.004863
1788020926.191237000,307,0.004428
1788020926.440431000,307,0.004498
1788020926.698513000,307,0.004284
1788020926.948029000,307,0.004988
1788020927.213180000,307,0.004148
1788020927.458200000,307,0.006300
1788020927.702190000,307,0.004507
1788020927.951905000,307,0.005161
1788020928.214550000,307,0.005400
1788020928.470072000,307,0.004143
1788020928.719311000,307,0.004471
1788020928.966171000,307,0.005778
1788020929.229530000,307,0.006640
1788020929.485356000,307,0.004796
1788020929.741319000,307,0.005965
1788020929.988039000,307,0.006896
1788020930.249490000,307,0.004915
1788020930.503534000,307,0.003959
1788020930.747800000,307,0.004268
1788020930.992985000,307,0.005711
1788020931.251778000,307,0.007304
1788020931.512038000,307,0.006822
1788020931.772900000,307,0.004714
1788020932.024319000,307,0.006442
1788020932.278290000,307,0.003703
1788020932.517927000,307,0.003428
1788020932.756510000,307,0.003454
1788020933.003539000,307,0.006037
1788020933.259943000,307,0.004725
1788020933.512027000,307,0.004648
1788020933.757575000,307,0.006395
1788020934.013013000,307,0.005520
1788020934.274259000,307,0.004134
1788020934.531252000,307,0.006820
1788020934.791136000,307,0.005586
1788020935.045045000,307,0.005873
1788020935.302051000,307,0.004465
1788020935.551026000,307,0.004200
1788020935.792096000,307,0.004805
1788020936.047055000,307,0.007603
1788020936.305753000,307,0.004327
1788020936.557260000,307,0.004852
1788020936.808232000,307,0.004261
1788020937.067883000,307,0.008382
1788020937.323131000,307,0.003504
1788020937.558532000,307,0.005033
1788020937.802794000,307,0.003968
1788020938.049161000,307,0.005662
1788020938.304124000,307,0.003289
1788020938.549171000,307,0.005848
1788020938.805630000,307,0.003443
1788020939.055550000,307,0.006671
1788020939.311153000,307,0.004761
1788020939.564924000,307,0.004646
1788020939.815758000,307,0.004639
1788020940.066439000,307,0.004349
1788020940.319098000,307,0.004270
1788020940.568928000,307,0.003736
1788020940.824296000,307,0.004818
1788020941.078731000,307,0.006343
1788020941.336697000,307,0.004304
1788020941.593303000,307,0.005477
1788020941.841054000,307,0.006496
1788020942.096210000,307,0.003127
1788020942.338930000,307,0.003625
1788020942.572384000,307,0.004017
1788020942.816072000,307,0.004397
1788020943.069407000,307,0.008262
1788020943.324344000,307,0.005022
1788020943.580180000,307,0.006275
1788020943.835554000,307,0.004692
1788020944.091177000,307,0.005612
1788020944.353519000,307,0.004890
1788020944.607690000,307,0.005701
1788020944.856831000,307,0.005835
1788020945.111745000,307,0.006072
1788020945.372005000,307,0.006786
1788020945.627374000,307,0.005055
1788020945.882112000,307,0.005237
1788020946.138006000,307,0.005938
1788020946.393004000,307,0.004291
1788020946.648205000,307,0.005414
1788020946.909526000,307,0.008159
1788020947.167551000,307,0.003894
1788020947.412855000,307,0.002699
1788020947.649207000,307,0.005885
1788020947.900502000,307,0.003655
1788020948.153037000,307,0.006691
1788020948.414184000,307,0.004091
1788020948.661513000,307,0.003933
1788020948.913059000,307,0.006085
1788020949.165648000,307,0.004891
1788020949.418660000,307,0.005030
1788020949.666490000,307,0.004254
1788020949.913210000,307,0.007712
1788020950.172282000,307,0.005239
1788020950.426412000,307,0.004655
1788020950.675994000,307,0.003868
1788020950.921120000,307,0.005825
1788020951.174973000,307,0.004999
1788020951.432048000,307,0.004853
1788020951.682190000,307,0.003586
1788020951.925476000,307,0.003335
1788020952.176504000,307,0.004317
1788020952.426933000,307,0.004239
1788020952.658919000,307,0.003496
1788020952.911334000,307,0.005480
1788020953.168253000,307,0.005453
1788020953.419397000,307,0.003687
1788020953.672239000,307,0.004889
1788020953.908059000,307,0.003281
1788020954.137640000,307,0.005046
1788020954.391027000,307,0.005956
1788020954.653511000,307,0.004419
1788020954.903361000,307,0.006238
1788020955.153107000,307,0.006661
1788020955.411484000,307,0.004635
1788020955.673853000,307,0.003638
1788020955.919563000,307,0.004083
1788020956.171443000,307,0.007564
1788020956.436018000,307,0.004102
1788020956.691683000,307,0.006359
1788020956.938267000,307,0.005526
1788020957.189608000,307,0.004271
1788020957.438285000,307,0.002126
1788020957.673039000,307,0.004715
1788020957.917576000,307,0.006175
1788020958.173685000,307,0.003767
1788020958.422500000,307,0.004834
1788020958.677723000,307,0.005007
1788020958.924019000,307,0.006141
1788020959.178947000,307,0.005129
1788020959.431046000,307,0.004586
1788020959.687695000,307,0.006452
1788020959.940094000,307,0.011890
1788020960.213559000,307,0.006935
1788020960.469338000,307,0.006137
1788020960.722040000,307,0.005294
1788020960.971579000,307,0.006894
1788020961.229267000,307,0.004369
1788020961.477060000,307,0.007276
1788020961.735724000,307,0.004919
1788020961.980545000,307,0.004801
1788020962.234142000,307,0.005462
1788020962.479870000,307,0.003120
1788020962.714661000,307,0.004294
1788020962.959379000,307,0.003986
1788020963.215917000,307,0.007360
1788020963.474689000,307,0.005496
1788020963.727591000,307,0.006240
1788020963.973691000,307,0.007269
1788020964.231808000,307,0.004761
1788020964.489961000,307,0.005268
1788020964.748292000,307,0.004845
1788020964.995537000,307,0.005440
1788020965.252451000,307,0.004782
1788020965.503767000,307,0.004364
1788020965.745078000,307,0.006800
1788020965.992951000,307,0.006256
1788020966.249222000,307,0.004757
1788020966.509150000,307,0.005245
1788020966.765757000,307,0.006685
1788020967.014871000,307,0.004860
1788020967.268367000,307,0.004652
1788020967.507759000,307,0.004024
1788020967.750421000,307,0.003238
1788020967.998718000,307,0.006760
1788020968.250662000,307,0.005191
1788020968.490873000,307,0.006678
1788020968.741713000,307,0.007175
1788020968.993457000,307,0.003771
1788020969.247810000,307,0.004544
1788020969.496678000,307,0.006349
1788020969.748323000,307,0.004311
1788020969.994806000,307,0.005953
1788020970.248741000,307,0.006948
1788020970.501958000,307,0.004026
1788020970.753315000,307,0.004643
1788020971.006906000,307,0.004499
1788020971.260925000,307,0.004834
1788020971.514809000,307,0.006739
1788020971.774375000,307,0.007469
1788020972.027006000,307,0.005033
1788020972.273479000,307,0.002982
1788020972.511939000,307,0.006050
1788020972.755624000,307,0.004274
1788020973.004886000,307,0.005117
1788020973.259975000,307,0.008490
1788020973.516123000,307,0.004488
1788020973.767702000,307,0.003016
1788020974.014153000,307,0.004976
1788020974.263099000,307,0.004322
1788020974.520798000,307,0.005161
1788020974.774293000,307,0.006284
1788020975.023516000,307,0.003913
1788020975.267387000,307,0.004322
1788020975.522615000,307,0.006734
1788020975.778998000,307,0.005234
1788020976.030174000,307,0.007988
1788020976.295018000,307,0.008257
1788020976.555887000,307,0.004305
1788020976.825917000,307,0.004034
1788020977.079498000,307,0.005727
1788020977.341444000,307,0.003033
1788020977.577113000,307,0.004813
1788020977.814597000,307,0.007136
1788020978.058070000,307,0.007937
1788020978.314930000,307,0.003304
1788020978.563003000,307,0.006389
1788020978.819101000,307,0.003876
1788020979.073724000,307,0.003108
1788020979.321525000,307,0.004302
1788020979.572395000,307,0.004132
1788020979.820374000,307,0.003626
1788020980.066708000,307,0.005079
1788020980.318608000,307,0.005039
1788020980.568415000,307,0.003408
1788020980.813932000,307,0.004630
1788020981.071957000,307,0.006202
1788020981.327051000,307,0.004214
1788020981.578832000,307,0.005229
1788020981.835626000,307,0.004278
1788020982.082706000,307,0.003798
1788020982.322832000,307,0.003346
1788020982.558957000,307,0.003957
1788020982.797503000,307,0.003557
1788020983.043233000,307,0.004306
1788020983.295840000,307,0.006909
1788020983.554634000,307,0.005534
1788020983.809697000,307,0.003086
1788020984.049689000,307,0.006938
1788020984.305512000,307,0.003775
1788020984.555747000,307,0.005659
1788020984.809169000,307,0.005893
1788020985.060935000,307,0.004224
1788020985.315131000,307,0.005195
1788020985.574100000,307,0.006823
1788020985.833338000,307,0.004876
1788020986.090796000,307,0.006750
1788020986.348655000,307,0.006083
1788020986.605107000,307,0.006731
1788020986.864951000,307,0.004453
1788020987.120980000,307,0.005158
1788020987.370910000,307,0.003386
1788020987.599014000,307,0.004170
1788020987.844672000,307,0.006348
1788020988.107621000,307,0.005334
1788020988.365854000,307,0.007550
1788020988.626454000,307,0.007524
1788020988.887117000,307,0.004329
1788020989.139509000,307,0.005594
1788020989.401502000,307,0.005920
1788020989.657977000,307,0.004395
1788020989.908726000,307,0.005585
1788020990.162238000,307,0.006479
1788020990.420892000,307,0.005529
1788020990.675882000,307,0.004102
1788020990.926683000,307,0.005787
1788020991.185761000,307,0.005780
1788020991.442662000,307,0.005285
1788020991.697250000,307,0.005415
1788020991.954721000,307,0.006434
1788020992.213305000,307,0.005398
1788020992.464275000,307,0.003019
1788020992.702807000,307,0.003856
1788020992.949038000,307,0.006218
1788020993.200393000,307,0.005979
1788020993.454809000,307,0.006991
1788020993.714856000,307,0.004068
1788020993.965773000,307,0.004403
1788020994.218904000,307,0.005577
1788020994.473365000,307,0.004281
1788020994.722070000,307,0.004001
1788020994.970923000,307,0.005345
1788020995.229376000,307,0.003324
1788020995.469984000,307,0.004336
1788020995.721130000,307,0.004634
1788020995.968856000,307,0.007833
1788020996.230835000,307,0.005885
1788020996.487274000,307,0.004892
1788020996.736551000,307,0.004912
1788020996.987538000,307,0.007109
1788020997.239700000,307,0.004366
1788020997.480942000,307,0.005479
1788020997.717043000,307,0.004354
1788020997.958777000,307,0.006513
1788020998.212299000,307,0.024617
1788020998.480090000,307,0.004489
1788020998.718182000,307,0.004922
1788020998.963767000,307,0.004773
1788020999.219870000,307,0.003800
1788020999.453752000,307,0.003608
1788020999.687548000,307,0.003101
1788020999.924960000,307,0.004507
1788021000.166489000,307,0.005650
1788021000.420239000,307,0.003386
1788021000.654426000,307,0.004468
1788021000.898903000,307,0.006735
1788021001.167265000,307,0.004328
1788021001.410868000,307,0.003477
1788021001.649293000,307,0.003414
1788021001.887392000,307,0.004517
1788021002.130283000,307,0.003470
1788021002.369364000,307,0.003677
1788021002.604339000,307,0.004630
1788021002.838085000,307,0.003994
1788021003.070814000,307,0.003972
1788021003.314985000,307,0.003107
1788021003.555135000,307,0.005361
1788021003.803842000,307,0.005160
1788021004.056522000,307,0.007260
1788021004.316779000,307,0.005528
1788021004.565337000,307,0.004129
1788021004.806056000,307,0.003508
1788021005.042676000,307,0.003809
1788021005.283377000,307,0.002833
1788021005.516788000,307,0.003441
1788021005.741795000,307,0.004284
1788021005.974586000,307,0.004278
1788021006.224746000,307,0.007071
1788021006.482460000,307,0.004454
1788021006.727152000,307,0.005154
1788021006.972808000,307,0.005759
1788021007.218951000,307,0.005401
1788021007.465902000,307,0.003591
1788021007.703413000,307,0.003768
1788021007.950050000,307,0.005227
1788021008.201283000,307,0.005963
1788021008.453279000,307,0.005136
1788021008.704929000,307,0.005165
1788021008.953872000,307,0.003582
1788021009.205591000,307,0.005099
1788021009.462475000,307,0.005340
1788021009.722232000,307,0.004208
1788021009.971622000,307,0.003995
1788021010.219558000,307,0.004822
1788021010.467308000,307,0.006342
1788021010.723828000,307,0.005016
1788021010.977532000,307,0.004953
1788021011.233133000,307,0.004399
1788021011.487412000,307,0.004693
1788021011.733990000,307,0.004417
1788021011.983986000,307,0.004408
1788021012.234652000,307,0.004005
1788021012.475552000,307,0.003484
1788021012.715931000,307,0.004241
1788021012.962531000,307,0.004947
1788021013.217925000,307,0.004481
1788021013.474515000,307,0.005773
1788021013.725150000,307,0.003363
1788021013.960717000,307,0.003224
1788021014.192950000,307,0.005775
1788021014.435950000,307,0.003864
1788021014.684610000,307,0.005739
1788021014.938774000,307,0.004321
1788021015.194531000,307,0.004374
1788021015.448071000,307,0.005431
1788021015.704178000,307,0.004674
1788021015.953517000,307,0.003891
1788021016.196581000,307,0.005304
1788021016.444102000,307,0.003874
1788021016.691615000,307,0.004409
1788021016.937650000,307,0.004958
1788021017.180310000,307,0.004309
1788021017.425199000,307,0.003183
1788021017.660057000,307,0.004073
1788021017.899710000,307,0.003288
1788021018.140598000,307,0.005012
1788021018.391814000,307,0.005121
1788021018.645521000,307,0.003640
1788021018.889736000,307,0.004255
1788021019.141496000,307,0.005485
1788021019.397840000,307,0.005168
1788021019.653370000,307,0.003473
1788021019.900918000,307,0.005465
1788021020.152829000,307,0.005346
1788021020.404198000,307,0.003945
1788021020.648821000,307,0.003981
1788021020.890449000,307,0.005260
1788021021.142785000,307,0.005046
1788021021.394945000,307,0.004225
1788021021.647573000,307,0.004118
1788021021.897427000,307,0.003538
1788021022.148967000,307,0.005441
1788021022.394988000,307,0.003687
1788021022.629250000,307,0.005518
1788021022.875375000,307,0.005029
1788021023.123480000,307,0.003915
1788021023.369175000,307,0.007014
1788021023.626681000,307,0.005382
1788021023.878044000,307,0.005184
1788021024.129279000,307,0.003733
1788021024.378739000,307,0.005788
1788021024.633192000,307,0.003680
1788021024.883766000,307,0.004330
1788021025.130294000,307,0.004059
1788021025.385631000,307,0.005150
1788021025.637551000,307,0.005690
1788021025.886759000,307,0.005888
1788021026.139988000,307,0.004400
1788021026.390966000,307,0.003918
1788021026.644331000,307,0.003642
1788021026.898004000,307,0.003632
1788021027.149596000,307,0.004815
1788021027.392617000,307,0.004833
1788021027.626817000,307,0.004174
1788021027.874578000,307,0.003544
1788021028.110360000,307,0.003302
1788021028.342729000,307,0.003514
1788021028.581762000,307,0.004167
1788021028.829315000,307,0.005136
1788021029.084407000,307,0.004906
1788021029.329977000,307,0.003209
1788021029.569392000,307,0.004712
1788021029.819788000,307,0.005517
1788021030.066771000,307,0.004262
1788021030.315566000,307,0.005516
1788021030.568475000,307,0.003492
1788021030.817875000,307,0.004111
1788021031.077082000,307,0.005417
1788021031.329104000,307,0.002994
1788021031.575418000,307,0.003923
1788021031.828665000,307,0.005280
1788021032.082090000,307,0.005112
1788021032.330158000,307,0.003766
1788021032.565487000,307,0.003679
1788021032.804916000,307,0.003073
1788021033.048702000,307,0.004795
1788021033.300102000,307,0.004053
1788021033.541880000,307,0.003470
1788021033.777905000,307,0.004309
1788021034.027263000,307,0.005851
1788021034.281255000,307,0.003883
1788021034.531933000,307,0.005569
1788021034.784469000,307,0.005649
1788021035.040747000,307,0.003732
1788021035.293124000,307,0.003966
1788021035.544219000,307,0.003746
1788021035.792731000,307,0.004265
1788021036.046862000,307,0.004250
1788021036.301494000,307,0.003763
1788021036.551332000,307,0.004827
1788021036.806266000,307,0.004436
1788021037.062692000,307,0.006518
1788021037.316458000,307,0.003535
1788021037.561125000,307,0.003569
1788021037.802333000,307,0.005845
1788021038.050047000,307,0.004002
1788021038.289333000,307,0.004014
1788021038.532505000,307,0.004838
1788021038.787210000,307,0.005619
1788021039.040060000,307,0.003643
1788021039.295105000,307,0.004720
1788021039.544182000,307,0.004997
1788021039.798765000,307,0.005214
1788021040.043570000,307,0.003703
1788021040.293611000,307,0.005160
1788021040.540040000,307,0.002985
1788021040.787263000,307,0.005529
1788021041.045866000,307,0.005828
1788021041.295302000,307,0.005130
1788021041.549728000,307,0.005005
1788021041.807369000,307,0.006055
1788021042.052691000,307,0.003404
1788021042.297709000,307,0.003507
1788021042.536851000,307,0.004518
1788021042.778810000,307,0.004457
1788021043.033173000,307,0.005765
1788021043.288184000,307,0.004664
1788021043.533914000,307,0.005116
1788021043.783769000,307,0.004615
1788021044.026858000,307,0.004452
1788021044.277478000,307,0.004191
1788021044.530688000,307,0.004604
1788021044.783044000,307,0.003840
1788021045.023890000,307,0.005259
1788021045.267643000,307,0.005813
1788021045.502449000,307,0.004543
1788021045.743891000,307,0.004668
1788021045.997363000,307,0.004963
1788021046.252555000,307,0.007188
1788021046.510309000,307,0.005744
1788021046.770122000,307,0.004763
1788021047.026296000,307,0.005025
1788021047.278792000,307,0.003488
1788021047.517998000,307,0.005555
1788021047.765262000,307,0.005655
1788021048.020937000,307,0.004941
1788021048.272026000,307,0.004144
1788021048.523814000,307,0.004686
1788021048.781153000,307,0.004489
1788021049.039508000,307,0.005803
1788021049.298091000,307,0.005046
1788021049.554938000,307,0.004872
1788021049.813744000,307,0.004602
1788021050.069075000,307,0.003890
1788021050.316492000,307,0.003534
1788021050.560780000,307,0.003923
1788021050.814949000,307,0.006474
1788021051.066091000,307,0.003927
1788021051.309184000,307,0.003581
1788021051.557724000,307,0.004561
1788021051.825269000,307,0.004264
1788021052.078114000,307,0.004094
1788021052.325550000,307,0.003065
1788021052.559136000,307,0.003607
1788021052.799133000,307,0.003459
1788021053.037276000,307,0.003450
1788021053.278581000,307,0.003470
1788021053.519182000,307,0.004035
1788021053.759120000,307,0.004862
1788021053.998713000,307,0.004558
1788021054.242546000,307,0.003438
1788021054.483458000,307,0.004955
1788021054.736221000,307,0.006960
1788021054.992977000,307,0.005896
1788021055.245982000,307,0.003778
1788021055.486952000,307,0.002817
1788021055.721733000,307,0.003067
1788021055.961547000,307,0.004057
1788021056.210116000,307,0.003945
1788021056.459381000,307,0.006571
1788021056.714311000,307,0.003307
1788021056.963378000,307,0.004049
1788021057.218925000,307,0.006299
1788021057.469862000,307,0.004064
1788021057.709737000,307,0.003762
1788021057.963619000,307,0.004969
1788021058.215920000,307,0.004048
1788021058.463180000,307,0.004662
1788021058.719037000,307,0.003827
1788021058.963530000,307,0.004185
1788021059.218028000,307,0.007366
1788021059.467763000,307,0.003170
1788021059.699730000,307,0.007398
1788021059.940248000,307,0.004900
1788021060.188314000,307,0.003085
1788021060.427117000,307,0.003735
1788021060.678114000,307,0.004522
1788021060.926949000,307,0.004738
1788021061.187289000,307,0.004791
1788021061.441005000,307,0.004937
1788021061.696847000,307,0.006345
1788021061.951173000,307,0.005330
1788021062.209384000,307,0.017443
1788021062.461507000,307,0.002105
1788021062.692632000,307,0.005584
1788021062.942924000,307,0.003260
1788021063.196482000,307,0.003313
1788021063.445840000,307,0.004186
1788021063.703276000,307,0.004545
1788021063.959921000,307,0.004761
1788021064.217238000,307,0.004679
1788021064.466817000,307,0.004999
1788021064.722314000,307,0.004661
1788021064.977603000,307,0.004318
1788021065.233330000,307,0.003818
1788021065.477710000,307,0.003398
1788021065.722696000,307,0.004423
1788021065.972261000,307,0.006297
1788021066.228299000,307,0.006183
1788021066.478577000,307,0.004803
1788021066.730103000,307,0.004067
1788021066.985883000,307,0.006325
1788021067.246776000,307,0.006656
1788021067.495906000,307,0.003615
1788021067.740367000,307,0.004494
1788021068.004433000,307,0.004923
1788021068.270759000,307,0.006380
1788021068.533695000,307,0.006879
1788021068.797367000,307,0.015880
1788021069.063198000,307,0.003645
1788021069.309711000,307,0.003423
1788021069.558456000,307,0.004308
1788021069.815765000,307,0.005228
1788021070.070904000,307,0.006163
1788021070.331025000,307,0.006002
1788021070.590337000,307,0.003858
1788021070.850472000,307,0.006380
1788021071.116381000,307,0.006263
1788021071.386044000,307,0.005575
1788021071.646592000,307,0.004902
1788021071.905945000,307,0.007775
1788021072.173996000,307,0.005300
1788021072.428281000,307,0.003067
1788021072.661672000,307,0.002635
1788021072.905434000,307,0.006157
1788021073.173080000,307,0.009519
1788021073.442515000,307,0.003783
1788021073.690055000,307,0.004284
1788021073.933280000,307,0.003983
1788021074.165423000,307,0.007138
1788021074.422166000,307,0.005319
1788021074.682041000,307,0.004979
1788021074.942095000,307,0.005402
1788021075.205548000,307,0.005633
1788021075.468261000,307,0.005295
1788021075.725639000,307,0.005770
1788021075.981893000,307,0.005830
1788021076.246462000,307,0.005759
1788021076.506376000,307,0.004950
1788021076.759640000,307,0.004870
1788021077.019258000,307,0.006150
1788021077.280543000,307,0.005094
1788021077.529949000,307,0.003599
1788021077.768817000,307,0.004484
1788021078.022460000,307,0.006023
1788021078.288534000,307,0.002557
1788021078.543655000,307,0.006188
1788021078.807595000,307,0.004860
1788021079.063942000,307,0.005305
1788021079.322712000,307,0.005411
1788021079.577282000,307,0.005943
1788021079.836722000,307,0.005250
1788021080.090932000,307,0.004880
1788021080.335653000,307,0.005705
1788021080.589260000,307,0.004017
1788021080.842300000,307,0.007051
1788021081.098336000,307,0.008083
1788021081.360222000,307,0.005427
1788021081.629900000,307,0.005857
1788021081.890985000,307,0.005563
1788021082.150052000,307,0.006126
1788021082.408414000,307,0.003234
1788021082.638604000,307,0.003246
1788021082.886773000,307,0.005683
1788021083.151613000,307,0.005175
1788021083.412357000,307,0.004713
1788021083.667677000,307,0.005983
1788021083.934136000,307,0.004594
1788021084.192325000,307,0.005522
1788021084.452572000,307,0.004321
1788021084.700731000,307,0.005387
1788021084.953372000,307,0.006634
1788021085.209965000,307,0.005490
1788021085.468692000,307,0.005337
1788021085.724290000,307,0.005187
1788021085.989465000,307,0.005541
1788021086.274102000,307,0.003686
1788021086.526837000,307,0.004661
1788021086.770346000,307,0.005652
1788021087.025857000,307,0.006198
1788021087.284506000,307,0.003599
1788021087.525741000,307,0.005244
1788021087.772321000,307,0.005390
1788021088.030387000,307,0.005924
1788021088.280818000,307,0.003416
1788021088.518080000,307,0.005053
1788021088.769859000,307,0.005476
1788021089.027031000,307,0.005679
1788021089.281965000,307,0.004945
1788021089.540501000,307,0.006497
1788021089.798656000,307,0.004620
1788021090.051930000,307,0.007809
1788021090.304542000,307,0.003860
1788021090.534186000,307,0.002133
1788021090.761497000,307,0.003021
1788021090.999994000,307,0.005938
1788021091.250238000,307,0.004399
1788021091.500270000,307,0.004924
1788021091.754741000,307,0.004187
1788021092.009712000,307,0.004707
1788021092.264758000,307,0.005375
1788021092.509283000,307,0.003171
1788021092.743703000,307,0.005242
1788021092.994796000,307,0.003530
1788021093.242017000,307,0.004456
1788021093.492853000,307,0.005004
1788021093.739400000,307,0.005134
1788021093.993447000,307,0.005028
1788021094.247155000,307,0.003983
1788021094.499641000,307,0.003625
1788021094.752906000,307,0.004626
1788021095.007533000,307,0.003435
1788021095.254905000,307,0.007843
1788021095.513543000,307,0.004758
1788021095.766395000,307,0.004347
1788021096.017682000,307,0.004731
1788021096.272392000,307,0.004122
1788021096.527015000,307,0.004233
1788021096.782900000,307,0.004016
1788021097.027640000,307,0.003675
1788021097.276029000,307,0.004088
1788021097.517415000,307,0.003417
1788021097.757203000,307,0.004659
1788021098.002823000,307,0.003999
1788021098.248662000,307,0.004488
1788021098.506358000,307,0.005294
1788021098.761358000,307,0.003733
1788021099.010807000,307,0.004718
1788021099.249472000,307,0.003636
1788021099.481527000,307,0.003501
1788021099.717168000,307,0.003880
1788021099.964670000,307,0.003727
1788021100.214841000,307,0.005195
1788021100.462999000,307,0.003455
1788021100.709905000,307,0.005441
1788021100.959608000,307,0.004189
1788021101.218174000,307,0.005571
1788021101.468659000,307,0.004143
1788021101.721612000,307,0.004881
1788021101.977950000,307,0.005043
1788021102.234209000,307,0.004847
1788021102.476566000,307,0.003251
1788021102.713609000,307,0.003855
1788021102.964236000,307,0.007586
1788021103.217180000,307,0.004980
1788021103.464432000,307,0.003754
1788021103.711112000,307,0.004960
1788021103.961591000,307,0.006313
1788021104.218961000,307,0.006729
1788021104.473365000,307,0.005375
1788021104.725975000,307,0.005806
1788021104.977684000,307,0.005918
1788021105.231393000,307,0.004944
1788021105.489303000,307,0.004492
1788021105.743436000,307,0.004727
1788021105.998531000,307,0.005367
1788021106.255890000,307,0.009738
1788021106.515090000,307,0.005334
1788021106.773080000,307,0.003540
1788021107.024545000,307,0.004818
1788021107.275339000,307,0.003384
1788021107.515961000,307,0.003548
1788021107.751873000,307,0.003709
1788021107.996883000,307,0.005547
1788021108.250008000,307,0.005328
1788021108.504491000,307,0.006094
1788021108.754596000,307,0.004569
1788021109.012326000,307,0.004620
1788021109.265923000,307,0.002371
1788021109.509250000,307,0.004741
1788021109.763351000,307,0.004933
1788021110.017272000,307,0.005105
1788021110.269668000,307,0.003927
1788021110.524825000,307,0.005117
1788021110.775653000,307,0.004399
1788021111.026638000,307,0.004502
1788021111.279729000,307,0.004659
1788021111.537798000,307,0.005528
1788021111.801333000,307,0.004757
1788021112.043809000,307,0.004426
1788021112.282506000,307,0.003118
1788021112.516689000,307,0.005077
1788021112.755936000,307,0.003859
1788021113.004967000,307,0.007548
1788021113.272986000,307,0.005484
1788021113.535421000,307,0.005618
1788021113.795241000,307,0.005144
1788021114.051996000,307,0.004752
1788021114.303546000,307,0.005173
1788021114.561046000,307,0.004753
1788021114.816955000,307,0.004951
1788021115.079983000,307,0.005407
1788021115.333373000,307,0.005357
1788021115.586249000,307,0.004587
1788021115.837741000,307,0.005335
1788021116.091623000,307,0.004761
1788021116.344879000,307,0.004640
1788021116.598346000,307,0.004393
1788021116.850423000,307,0.005194
1788021117.109588000,307,0.004395
1788021117.360752000,307,0.004117
1788021117.597382000,307,0.003516
1788021117.844613000,307,0.006195
1788021118.102609000,307,0.005137
1788021118.354482000,307,0.003777
1788021118.594304000,307,0.004088
1788021118.841147000,307,0.005693
1788021119.095676000,307,0.003601
1788021119.328134000,307,0.003763
1788021119.567609000,307,0.005510
1788021119.830914000,307,0.005262
1788021120.093994000,307,0.004986
1788021120.350260000,307,0.004654
1788021120.594756000,307,0.003514
1788021120.844304000,307,0.006072
1788021121.099869000,307,0.005067
1788021121.352039000,307,0.004740
1788021121.603783000,307,0.004939
1788021121.861162000,307,0.006263
1788021122.121051000,307,0.005229
1788021122.371497000,307,0.003295
1788021122.605580000,307,0.003255
1788021122.845496000,307,0.005032
1788021123.102878000,307,0.005514
1788021123.355652000,307,0.004041
1788021123.609402000,307,0.005055
1788021123.867977000,307,0.005587
1788021124.126007000,307,0.005190
1788021124.387074000,307,0.003943
1788021124.636599000,307,0.004754
1788021124.887056000,307,0.003113
1788021125.138461000,307,0.004570
1788021125.391754000,307,0.003660
1788021125.655924000,307,0.004913
1788021125.911429000,307,0.006012
1788021126.168593000,307,0.004742
1788021126.421538000,307,0.004764
1788021126.677624000,307,0.005087
1788021126.931568000,307,0.005280
1788021127.188780000,307,0.005892
1788021127.439613000,307,0.002610
1788021127.670655000,307,0.003365
1788021127.906589000,307,0.005144
1788021128.161253000,307,0.004715
1788021128.416765000,307,0.004474
1788021128.660731000,307,0.003469
1788021128.893339000,307,0.003326
1788021129.143000000,307,0.004412
1788021129.406989000,307,0.005241
1788021129.669430000,307,0.005599
1788021129.938241000,307,0.005401
1788021130.197055000,307,0.005754
1788021130.459378000,307,0.005791
1788021130.719903000,307,0.005253
1788021130.971377000,307,0.005195
1788021131.226354000,307,0.004868
1788021131.490876000,307,0.006646
1788021131.754470000,307,0.005794
1788021132.014446000,307,0.005825
1788021132.274831000,307,0.004805
1788021132.524145000,307,0.004366
1788021132.757704000,307,0.005424
1788021133.008982000,307,0.004717
1788021133.256960000,307,0.007564
1788021133.510673000,307,0.006007
1788021133.764891000,307,0.004428
1788021133.991970000,307,0.003033
1788021134.227622000,307,0.004486
1788021134.472640000,307,0.005497
1788021134.724965000,307,0.004636
1788021134.980008000,307,0.006579
1788021135.243153000,307,0.004614
1788021135.493066000,307,0.004616
1788021135.748542000,307,0.005419
1788021136.007667000,307,0.008010
1788021136.271787000,307,0.005383
1788021136.528467000,307,0.003862
1788021136.772837000,307,0.004227
1788021137.026337000,307,0.005605
1788021137.279978000,307,0.003747
1788021137.522524000,307,0.003711
1788021137.761751000,307,0.005026
1788021138.015546000,307,0.005220
1788021138.266918000,307,0.004791
1788021138.515438000,307,0.004101
1788021138.755241000,307,0.003957
1788021138.993517000,307,0.005300
1788021139.251414000,307,0.010497
1788021139.511275000,307,0.004834
1788021139.766381000,307,0.005567
1788021140.020531000,307,0.004448
1788021140.275557000,307,0.006432
1788021140.529064000,307,0.003982
1788021140.777909000,307,0.005377
1788021141.034817000,307,0.004835
1788021141.290894000,307,0.005250
1788021141.544295000,307,0.005530
1788021141.803966000,307,0.004365
1788021142.053083000,307,0.004945
1788021142.301517000,307,0.004266
1788021142.537072000,307,0.004874
1788021142.779749000,307,0.005279
1788021143.045201000,307,0.004931
1788021143.300216000,307,0.004530
1788021143.554632000,307,0.004240
1788021143.800954000,307,0.003603
1788021144.051956000,307,0.006090
1788021144.309633000,307,0.004465
1788021144.565165000,307,0.005105
1788021144.842681000,307,0.010269
1788021145.095913000,307,0.004749
1788021145.348508000,307,0.004904
1788021145.592382000,307,0.003877
1788021145.827774000,307,0.003583
1788021146.075233000,307,0.006025
1788021146.342278000,307,0.005588
1788021146.598494000,307,0.004725
1788021146.853345000,307,0.005508
1788021147.111491000,307,0.005051
1788021147.362071000,307,0.003336
1788021147.591966000,307,0.008087
1788021147.839494000,307,0.006203
1788021148.094141000,307,0.004975
1788021148.340748000,307,0.003572
1788021148.581953000,307,0.004404
1788021148.829890000,307,0.004708
1788021149.076613000,307,0.003480
1788021149.308420000,307,0.003252
1788021149.545647000,307,0.004712
1788021149.793494000,307,0.006271
1788021150.049050000,307,0.004624
1788021150.295131000,307,0.004149
1788021150.542606000,307,0.003245
1788021150.789231000,307,0.004066
1788021151.041525000,307,0.006976
1788021151.295186000,307,0.005070
1788021151.550385000,307,0.004360
1788021151.805048000,307,0.005273
1788021152.063377000,307,0.006701
1788021152.316066000,307,0.003468
1788021152.549802000,307,0.006363
1788021152.794525000,307,0.004040
1788021153.043103000,307,0.006654
1788021153.294089000,307,0.004672
1788021153.540477000,307,0.004741
1788021153.784473000,307,0.003471
1788021154.032658000,307,0.006058
1788021154.285067000,307,0.004088
1788021154.526548000,307,0.004821
1788021154.776984000,307,0.004727
1788021155.025276000,307,0.005200
1788021155.270003000,307,0.004301
1788021155.511734000,307,0.004683
1788021155.748533000,307,0.003318
1788021155.982973000,307,0.002983
1788021156.218344000,307,0.005254
1788021156.466680000,307,0.003916
1788021156.715560000,307,0.005021
1788021156.969988000,307,0.004993
1788021157.228653000,307,0.005760
1788021157.480131000,307,0.003011
1788021157.716087000,307,0.003962
1788021157.969690000,307,0.006906
1788021158.229409000,307,0.004684
1788021158.487467000,307,0.005150
1788021158.740984000,307,0.003044
1788021158.984423000,307,0.002897
1788021159.227341000,307,0.003551
1788021159.471891000,307,0.003860
1788021159.717570000,307,0.003523
1788021159.957990000,307,0.004824
1788021160.200472000,307,0.004025
1788021160.447458000,307,0.005161
1788021160.690163000,307,0.003946
1788021160.926129000,307,0.004427
1788021161.167439000,307,0.003923
1788021161.412194000,307,0.003205
1788021161.658230000,307,0.004200
1788021161.899034000,307,0.006326
1788021162.144793000,307,0.003723
1788021162.382281000,307,0.004065
1788021162.611048000,307,0.003072
1788021162.842595000,307,0.003920
1788021163.080847000,307,0.004774
1788021163.330918000,307,0.003979
1788021163.583017000,307,0.007045
1788021163.835905000,307,0.004512
1788021164.080840000,307,0.004751
1788021164.332957000,307,0.005715
1788021164.588242000,307,0.004658
1788021164.838256000,307,0.005872
1788021165.098506000,307,0.004527
1788021165.358759000,307,0.005330
1788021165.613280000,307,0.006198
1788021165.874965000,307,0.005444
1788021166.135899000,307,0.005154
1788021166.384758000,307,0.006144
1788021166.639712000,307,0.005122
1788021166.894901000,307,0.004829
1788021167.149079000,307,0.003567
1788021167.389485000,307,0.005010
1788021167.627534000,307,0.003676
1788021167.869301000,307,0.004608
1788021168.124081000,307,0.005586
1788021168.371091000,307,0.003620
1788021168.601907000,307,0.003558
1788021168.832314000,307,0.004246
1788021169.075810000,307,0.005373
1788021169.331606000,307,0.004071
1788021169.590415000,307,0.005441
1788021169.847498000,307,0.005147
1788021170.102860000,307,0.005507
1788021170.358322000,307,0.005068
1788021170.624982000,307,0.003610
1788021170.872545000,307,0.003644
1788021171.122223000,307,0.005068
1788021171.375749000,307,0.005615
1788021171.631676000,307,0.004098
1788021171.896997000,307,0.005203
1788021172.160801000,307,0.004974
1788021172.408027000,307,0.002998
1788021172.639141000,307,0.004553
1788021172.885762000,307,0.004121
1788021173.135732000,307,0.004784
1788021173.391985000,307,0.004880
1788021173.648495000,307,0.005958
1788021173.914841000,307,0.004006
1788021174.172872000,307,0.004465
1788021174.428754000,307,0.005967
1788021174.681395000,307,0.003519
1788021174.933940000,307,0.005188
1788021175.189308000,307,0.004493
1788021175.443319000,307,0.004087
1788021175.687285000,307,0.003561
1788021175.928888000,307,0.005794
1788021176.191812000,307,0.005399
1788021176.446756000,307,0.004160
1788021176.681209000,307,0.005827
1788021176.939300000,307,0.006028
1788021177.213154000,307,0.004415
1788021177.473414000,307,0.004721
1788021177.712502000,307,0.004336
1788021177.967645000,307,0.006146
1788021178.230514000,307,0.003756
1788021178.477845000,307,0.005918
1788021178.729477000,307,0.005485
1788021178.980117000,307,0.004226
1788021179.229752000,307,0.008212
1788021179.491747000,307,0.004410
1788021179.742536000,307,0.005923
1788021179.993798000,307,0.003432
1788021180.249809000,307,0.007337
1788021180.516386000,307,0.005273
1788021180.778993000,307,0.004710
1788021181.030147000,307,0.004667
1788021181.278253000,307,0.003970
1788021181.525648000,307,0.004776
1788021181.782233000,307,0.007101
1788021182.051490000,307,0.004621
1788021182.305065000,307,0.003994
1788021182.540453000,307,0.006885
1788021182.786142000,307,0.005366
1788021183.048247000,307,0.007686
1788021183.310865000,307,0.005443
1788021183.566618000,307,0.004123
1788021183.822891000,307,0.005801
1788021184.085345000,307,0.004578
1788021184.336209000,307,0.006312
1788021184.604187000,307,0.005306
1788021184.864449000,307,0.005792
1788021185.126893000,307,0.006094
1788021185.392302000,307,0.005145
1788021185.653230000,307,0.005556
1788021185.911205000,307,0.005491
1788021186.169578000,307,0.006007
1788021186.430378000,307,0.004907
1788021186.686110000,307,0.007378
1788021186.950421000,307,0.005001
1788021187.205369000,307,0.003887
1788021187.444913000,307,0.005550
1788021187.682670000,307,0.004237
1788021187.932766000,307,0.004357
1788021188.182830000,307,0.009268
1788021188.435092000,307,0.004013
1788021188.674487000,307,0.004234
1788021188.925893000,307,0.005742
1788021189.175008000,307,0.003877
1788021189.419877000,307,0.004082
1788021189.673575000,307,0.004280
1788021189.924762000,307,0.004904
1788021190.191879000,307,0.006577
1788021190.443859000,307,0.004155
1788021190.697814000,307,0.004275
1788021190.949121000,307,0.005545
1788021191.218143000,307,0.005274
1788021191.477653000,307,0.005082
1788021191.738748000,307,0.006295
1788021192.001377000,307,0.006163
1788021192.266068000,307,0.003951
1788021192.512613000,307,0.004212
1788021192.748648000,307,0.003181
1788021192.984554000,307,0.003680
1788021193.225350000,307,0.003943
1788021193.469557000,307,0.005447
1788021193.716802000,307,0.003720
1788021193.950541000,307,0.003471
1788021194.183418000,307,0.004092
1788021194.423729000,307,0.003632
1788021194.661476000,307,0.003629
1788021194.906558000,307,0.004269
1788021195.152170000,307,0.005093
1788021195.402508000,307,0.004138
1788021195.641587000,307,0.004573
1788021195.894175000,307,0.004248
1788021196.144586000,307,0.005357
1788021196.391617000,307,0.003085
1788021196.634653000,307,0.004931
1788021196.891917000,307,0.004371
1788021197.144620000,307,0.006018
1788021197.391871000,307,0.004556
1788021197.624042000,307,0.004205
1788021197.869122000,307,0.004821
1788021198.126808000,307,0.005460
1788021198.374411000,307,0.003729
1788021198.612457000,307,0.004749
1788021198.867781000,307,0.005305
1788021199.120026000,307,0.004189
1788021199.367297000,307,0.004426
1788021199.612681000,307,0.004853
1788021199.861546000,307,0.004891
1788021200.113787000,307,0.004623
1788021200.366023000,307,0.004989
1788021200.609676000,307,0.004111
1788021200.857902000,307,0.004719
1788021201.112326000,307,0.004407
1788021201.361860000,307,0.005585
1788021201.614184000,307,0.004915
1788021201.875409000,307,0.005099
1788021202.128898000,307,0.005530
1788021202.372992000,307,0.004181
1788021202.607087000,307,0.004131
1788021202.849487000,307,0.006155
1788021203.107496000,307,0.004810
1788021203.355553000,307,0.003495
1788021203.594731000,307,0.005342
1788021203.848715000,307,0.005063
1788021204.102350000,307,0.004817
1788021204.353641000,307,0.004186
1788021204.597360000,307,0.003697
1788021204.847579000,307,0.004957
1788021205.102794000,307,0.005669
1788021205.352143000,307,0.004625
1788021205.591902000,307,0.003333
1788021205.835675000,307,0.004651
1788021206.095117000,307,0.004994
1788021206.351157000,307,0.004578
1788021206.591458000,307,0.005295
1788021206.843537000,307,0.005005
1788021207.099893000,307,0.005659
1788021207.342177000,307,0.003467
1788021207.575263000,307,0.005137
1788021207.819913000,307,0.004568
1788021208.074959000,307,0.004736
1788021208.321546000,307,0.003113
1788021208.555819000,307,0.004993
1788021208.803261000,307,0.004714
1788021209.057765000,307,0.004664
1788021209.307556000,307,0.003667
1788021209.551684000,307,0.004528
1788021209.802647000,307,0.004312
1788021210.053253000,307,0.004982
1788021210.307082000,307,0.003840
1788021210.550490000,307,0.003217
1788021210.792008000,307,0.006170
1788021211.046039000,307,0.005149
1788021211.299138000,307,0.005876
1788021211.548368000,307,0.004033
1788021211.792551000,307,0.004229
1788021212.041053000,307,0.004233
1788021212.290516000,307,0.003855
1788021212.531650000,307,0.003255
1788021212.770708000,307,0.004896
1788021213.023257000,307,0.005475
1788021213.274929000,307,0.004320
1788021213.528078000,307,0.003566
1788021213.779109000,307,0.004876
1788021214.027578000,307,0.006008
1788021214.281714000,307,0.005510
1788021214.531695000,307,0.004806
1788021214.785102000,307,0.004450
1788021215.041596000,307,0.004591
1788021215.292903000,307,0.003888
1788021215.541485000,307,0.003885
1788021215.790209000,307,0.004701
1788021216.041564000,307,0.004854
1788021216.287727000,307,0.004368
1788021216.537331000,307,0.004070
1788021216.791187000,307,0.006741
1788021217.046860000,307,0.005197
1788021217.297301000,307,0.004013
1788021217.539556000,307,0.003682
1788021217.777615000,307,0.005805
1788021218.030653000,307,0.004906
1788021218.284859000,307,0.003308
1788021218.528117000,307,0.004358
1788021218.769159000,307,0.005068
1788021219.021473000,307,0.005079
1788021219.275793000,307,0.004368
1788021219.527008000,307,0.003854
1788021219.781483000,307,0.005928
1788021220.033999000,307,0.004795
1788021220.285444000,307,0.005446
1788021220.530437000,307,0.002733
1788021220.771645000,307,0.004167
1788021221.025418000,307,0.004088
1788021221.279289000,307,0.003815
1788021221.527246000,307,0.004435
1788021221.778090000,307,0.003966
1788021222.029276000,307,0.004529
1788021222.278786000,307,0.003443
1788021222.524447000,307,0.003584
1788021222.765171000,307,0.005235
1788021223.019547000,307,0.005414
1788021223.272910000,307,0.004404
1788021223.519878000,307,0.004953
1788021223.772795000,307,0.004145
1788021224.021126000,307,0.006047
1788021224.274842000,307,0.005250
1788021224.527818000,307,0.003383
1788021224.771910000,307,0.005261
1788021225.029769000,307,0.003317
1788021225.282903000,307,0.003711
1788021225.535035000,307,0.005210
1788021225.788025000,307,0.004067
1788021226.040846000,307,0.003947
1788021226.289691000,307,0.004097
1788021226.540637000,307,0.005518
1788021226.791513000,307,0.004630
1788021227.042108000,307,0.006520
1788021227.290712000,307,0.003825
1788021227.533783000,307,0.004284
1788021227.766849000,307,0.003430
1788021228.013243000,307,0.004728
1788021228.281807000,307,0.003890
1788021228.529941000,307,0.004585
1788021228.776530000,307,0.003078
1788021229.016930000,307,0.006727
1788021229.269980000,307,0.004968
1788021229.525010000,307,0.005826
1788021229.780685000,307,0.005134
1788021230.034934000,307,0.004467
1788021230.282642000,307,0.004444
1788021230.533958000,307,0.003908
1788021230.781881000,307,0.003484
1788021231.028486000,307,0.005002
1788021231.281040000,307,0.005718
1788021231.534564000,307,0.004913
1788021231.787156000,307,0.005832
1788021232.044446000,307,0.005231
1788021232.300018000,307,0.004483
1788021232.543212000,307,0.003537
1788021232.775263000,307,0.004506
1788021233.024015000,307,0.003696
1788021233.270008000,307,0.004497
1788021233.524598000,307,0.005069
1788021233.774166000,307,0.006814
1788021234.031472000,307,0.004740
1788021234.284026000,307,0.004043
1788021234.539739000,307,0.004576
1788021234.792103000,307,0.005293
1788021235.044263000,307,0.004026
1788021235.291619000,307,0.004677
1788021235.539951000,307,0.003224
1788021235.781431000,307,0.004816
1788021236.041064000,307,0.005377
1788021236.296392000,307,0.005174
1788021236.550278000,307,0.005009
1788021236.808238000,307,0.004632
1788021237.059453000,307,0.006227
1788021237.308218000,307,0.003059
1788021237.546101000,307,0.003476
1788021237.782869000,307,0.003926
1788021238.029880000,307,0.004111
1788021238.272883000,307,0.004236
1788021238.503173000,307,0.003174
1788021238.741752000,307,0.004320
1788021238.984012000,307,0.004526
1788021239.240186000,307,0.004562
1788021239.494465000,307,0.004134
1788021239.748765000,307,0.003893
1788021239.998818000,307,0.004652
1788021240.256815000,307,0.007192
1788021240.511453000,307,0.006252
1788021240.759372000,307,0.005706
1788021241.016306000,307,0.004938
1788021241.268146000,307,0.004779
1788021241.517834000,307,0.004134
1788021241.771469000,307,0.004702
1788021242.025227000,307,0.004115
1788021242.281048000,307,0.003608
1788021242.522574000,307,0.003516
1788021242.755384000,307,0.004313
1788021243.007740000,307,0.005773
1788021243.268915000,307,0.004759
1788021243.523250000,307,0.003143
1788021243.764986000,307,0.003742
1788021244.015627000,307,0.005283
1788021244.269971000,307,0.006117
1788021244.530404000,307,0.003244
1788021244.777812000,307,0.004392
1788021245.031819000,307,0.005011
1788021245.285188000,307,0.004311
1788021245.535481000,307,0.003394
1788021245.784874000,307,0.004146
1788021246.036242000,307,0.004137
1788021246.290985000,307,0.004056
1788021246.542321000,307,0.005077
1788021246.794453000,307,0.005137
1788021247.051603000,307,0.005926
1788021247.305546000,307,0.003966
1788021247.548356000,307,0.003892
1788021247.786798000,307,0.004238
1788021248.031966000,307,0.004377
1788021248.282133000,307,0.004786
1788021248.532889000,307,0.004759
1788021248.776459000,307,0.005602
1788021249.015369000,307,0.004775
1788021249.266090000,307,0.004868
1788021249.516056000,307,0.006544
1788021249.767972000,307,0.004396
1788021250.018553000,307,0.003606
1788021250.260419000,307,0.008472
1788021250.512084000,307,0.006595
1788021250.762538000,307,0.007661
1788021251.023750000,307,0.003950
1788021251.265314000,307,0.003468
1788021251.500788000,307,0.002569
1788021251.732252000,307,0.003501
1788021251.982433000,307,0.005141
1788021252.235794000,307,0.004038
1788021252.488139000,307,0.004316
1788021252.722615000,307,0.004018
1788021252.975006000,307,0.006637
1788021253.229499000,307,0.006552
1788021253.486268000,307,0.004632
1788021253.729663000,307,0.005086
1788021253.962947000,307,0.003728
1788021254.189168000,307,0.003628
1788021254.426593000,307,0.003601
1788021254.667529000,307,0.004561
1788021254.918885000,307,0.004981
1788021255.176844000,307,0.005903
1788021255.429436000,307,0.005144
1788021255.675548000,307,0.004081
1788021255.925061000,307,0.005006
1788021256.193606000,307,0.003987
1788021256.431880000,307,0.005380
1788021256.674782000,307,0.006219
1788021256.929670000,307,0.005920
1788021257.183531000,307,0.007000
1788021257.433615000,307,0.003420
1788021257.668681000,307,0.005681
1788021257.916103000,307,0.005318
1788021258.170329000,307,0.005165
1788021258.416990000,307,0.006516
1788021258.653079000,307,0.004083
1788021258.902228000,307,0.002988
1788021259.132486000,307,0.004411
1788021259.377122000,307,0.006300
1788021259.634581000,307,0.005616
1788021259.891879000,307,0.004273
1788021260.148312000,307,0.005715
1788021260.405261000,307,0.004557
1788021260.661395000,307,0.006404
1788021260.916707000,307,0.003806
1788021261.166234000,307,0.005466
1788021261.423204000,307,0.005160
1788021261.673198000,307,0.003509
1788021261.922745000,307,0.004825
1788021262.176210000,307,0.004412
1788021262.421233000,307,0.003987
1788021262.648727000,307,0.003124
1788021262.890560000,307,0.004419
1788021263.143725000,307,0.006507
1788021263.401744000,307,0.006072
1788021263.667150000,307,0.004495
1788021263.918169000,307,0.005232
1788021264.171637000,307,0.004869
1788021264.420210000,307,0.004217
1788021264.673215000,307,0.004389
1788021264.924311000,307,0.006962
1788021265.176491000,307,0.004302
1788021265.424428000,307,0.005995
1788021265.682088000,307,0.003656
1788021265.932262000,307,0.005319
1788021266.180253000,307,0.003684
1788021266.428202000,307,0.005008
1788021266.682661000,307,0.004818
1788021266.929601000,307,0.003045
1788021267.165668000,307,0.004093
1788021267.405251000,307,0.004299
1788021267.640944000,307,0.004386
1788021267.882789000,307,0.004849
1788021268.138608000,307,0.003375
1788021268.390998000,307,0.003912
1788021268.641595000,307,0.004463
1788021268.893659000,307,0.004320
1788021269.146380000,307,0.005122
1788021269.400098000,307,0.004271
1788021269.651961000,307,0.003621
1788021269.902280000,307,0.004005
1788021270.152162000,307,0.004784
1788021270.409517000,307,0.003943
1788021270.657358000,307,0.004677
1788021270.902556000,307,0.004154
1788021271.151457000,307,0.003520
1788021271.396527000,307,0.004757
1788021271.650442000,307,0.005435
1788021271.902334000,307,0.003452
1788021272.154778000,307,0.004508
1788021272.404374000,307,0.003834
1788021272.639019000,307,0.003556
1788021272.884393000,307,0.004088
1788021273.129419000,307,0.006652
1788021273.374420000,307,0.004291
1788021273.627221000,307,0.004412
1788021273.874513000,307,0.006166
1788021274.131064000,307,0.006135
1788021274.382697000,307,0.004422
1788021274.645462000,307,0.005756
1788021274.901802000,307,0.004299
1788021275.158715000,307,0.004735
1788021275.410347000,307,0.003590
1788021275.658554000,307,0.004085
1788021275.908581000,307,0.003656
1788021276.155429000,307,0.006191
1788021276.415023000,307,0.006107
1788021276.682660000,307,0.006480
1788021276.938570000,307,0.005311
1788021277.184527000,307,0.004729
1788021277.426296000,307,0.003533
1788021277.659261000,307,0.003916
1788021277.902950000,307,0.005185
1788021278.154359000,307,0.004853
1788021278.407220000,307,0.005476
1788021278.669785000,307,0.004125
1788021278.921894000,307,0.004921
1788021279.166287000,307,0.003826
1788021279.411581000,307,0.004188
1788021279.661253000,307,0.003719
1788021279.907915000,307,0.005951
1788021280.162206000,307,0.003698
1788021280.424664000,307,0.006172
1788021280.679501000,307,0.005467
1788021280.932392000,307,0.003724
1788021281.175908000,307,0.004604
1788021281.415231000,307,0.003908
1788021281.665966000,307,0.005280
1788021281.919401000,307,0.007991
1788021282.160551000,307,0.004487
1788021282.392243000,307,0.004654
1788021282.624652000,307,0.004161
1788021282.870675000,307,0.004819
1788021283.126691000,307,0.004806
1788021283.383634000,307,0.004967
1788021283.633773000,307,0.004108
1788021283.876445000,307,0.003688
1788021284.116025000,307,0.004695
1788021284.368230000,307,0.004307
1788021284.625166000,307,0.006831
1788021284.881446000,307,0.004919
1788021285.128050000,307,0.004741
1788021285.381704000,307,0.005000
1788021285.632863000,307,0.006832
1788021285.884927000,307,0.003739
1788021286.138829000,307,0.003989
1788021286.395035000,307,0.003863
1788021286.648066000,307,0.005169
1788021286.899695000,307,0.004754
1788021287.149425000,307,0.003878
1788021287.391761000,307,0.004637
1788021287.623481000,307,0.004064
1788021287.865810000,307,0.003809
1788021288.113538000,307,0.004099
1788021288.352360000,307,0.005293
1788021288.601843000,307,0.005186
1788021288.840616000,307,0.003744
1788021289.076947000,307,0.003282
1788021289.310391000,307,0.003618
1788021289.541846000,307,0.003898
1788021289.792487000,307,0.004790
1788021290.050382000,307,0.004908
1788021290.304954000,307,0.004004
1788021290.551316000,307,0.002518
1788021290.794504000,307,0.005008
1788021291.047884000,307,0.004816
1788021291.300715000,307,0.004737
1788021291.555729000,307,0.004427
1788021291.818536000,307,0.006604
1788021292.080422000,307,0.005400
1788021292.332727000,307,0.003792
1788021292.575425000,307,0.003285
1788021292.820887000,307,0.004776
1788021293.074902000,307,0.004839
1788021293.330110000,307,0.004590
1788021293.582840000,307,0.005623
1788021293.832951000,307,0.004770
1788021294.090230000,307,0.004698
1788021294.343244000,307,0.005335
1788021294.595498000,307,0.003402
1788021294.846740000,307,0.006093
1788021295.105184000,307,0.004477
1788021295.360941000,307,0.005213
1788021295.617769000,307,0.005722
1788021295.868372000,307,0.004480
1788021296.125665000,307,0.005202
1788021296.384976000,307,0.005597
1788021296.641543000,307,0.003794
1788021296.889551000,307,0.005422
1788021297.147735000,307,0.004661
1788021297.396566000,307,0.004461
1788021297.633156000,307,0.004035
1788021297.877357000,307,0.003924
1788021298.125334000,307,0.004933
1788021298.374251000,307,0.004559
1788021298.623736000,307,0.006685
1788021298.880887000,307,0.004385
1788021299.132682000,307,0.003775
1788021299.381751000,307,0.004947
1788021299.638244000,307,0.003926
1788021299.895662000,307,0.004573
1788021300.152023000,307,0.005165
1788021300.408707000,307,0.006684
1788021300.664327000,307,0.005488
1788021300.920204000,307,0.003594
1788021301.167918000,307,0.004398
1788021301.425834000,307,0.004655
1788021301.683359000,307,0.004910
1788021301.941163000,307,0.005227
1788021302.194018000,307,0.005168
1788021302.445346000,307,0.004001
1788021302.673618000,307,0.003378
1788021302.922208000,307,0.005245
1788021303.178920000,307,0.006207
1788021303.429427000,307,0.005484
1788021303.684247000,307,0.015265
1788021303.948164000,307,0.005267
1788021304.203431000,307,0.007434
1788021304.470856000,307,0.004790
1788021304.727697000,307,0.005502
1788021304.988831000,307,0.004761
1788021305.243435000,307,0.004687
1788021305.499455000,307,0.004628
1788021305.757307000,307,0.005572
1788021306.009873000,307,0.005938
1788021306.268721000,307,0.004729
1788021306.523955000,307,0.004720
1788021306.777176000,307,0.004694
1788021307.036672000,307,0.005961
1788021307.291056000,307,0.003645
1788021307.534743000,307,0.003851
1788021307.773477000,307,0.005572
1788021308.031871000,307,0.004690
1788021308.285587000,307,0.004762
1788021308.540828000,307,0.005813
1788021308.799018000,307,0.005112
1788021309.053010000,307,0.004476
1788021309.309281000,307,0.004853
1788021309.562300000,307,0.004888
1788021309.816930000,307,0.005374
1788021310.074546000,307,0.005413
1788021310.330375000,307,0.005782
1788021310.583141000,307,0.003057
1788021310.831244000,307,0.005168
1788021311.084327000,307,0.004966
1788021311.333889000,307,0.005338
1788021311.586675000,307,0.003960
1788021311.842640000,307,0.005398
1788021312.101005000,307,0.005077
1788021312.357442000,307,0.003596
1788021312.595098000,307,0.003848
1788021312.837466000,307,0.005256
1788021313.094848000,307,0.004887
1788021313.351050000,307,0.004751
1788021313.600714000,307,0.003345
1788021313.839003000,307,0.003205
1788021314.067514000,307,0.003861
1788021314.305680000,307,0.003853
1788021314.555019000,307,0.003753
1788021314.803300000,307,0.004356
1788021315.051781000,307,0.005116
1788021315.305290000,307,0.004655
1788021315.560071000,307,0.004968
1788021315.816285000,307,0.003927
1788021316.063590000,307,0.003402
1788021316.322151000,307,0.004389
1788021316.589603000,307,0.007201
1788021316.856318000,307,0.006335
1788021317.124252000,307,0.005438
1788021317.377913000,307,0.004326
1788021317.617697000,307,0.004937
1788021317.869990000,307,0.003954
1788021318.115520000,307,0.006954
1788021318.381454000,307,0.007124
1788021318.647611000,307,0.004638
1788021318.905271000,307,0.004752
1788021319.170322000,307,0.006116
1788021319.428553000,307,0.005445
1788021319.685992000,307,0.005933
1788021319.946119000,307,0.004567
1788021320.198040000,307,0.006179
1788021320.452829000,307,0.006001
1788021320.710131000,307,0.005455
1788021320.965077000,307,0.005639
1788021321.237261000,307,0.005536
1788021321.497827000,307,0.005733
1788021321.765786000,307,0.005427
1788021322.026036000,307,0.004507
1788021322.282269000,307,0.022501
1788021322.559331000,307,0.003343
1788021322.792846000,307,0.002561
1788021323.029654000,307,0.004733
1788021323.275882000,307,0.006503
1788021323.533832000,307,0.005971
1788021323.798895000,307,0.004956
1788021324.063023000,307,0.006087
1788021324.322602000,307,0.004895
1788021324.586237000,307,0.007096
1788021324.840892000,307,0.003962
1788021325.095363000,307,0.005372
1788021325.357074000,307,0.006640
1788021325.619426000,307,0.006068
1788021325.884681000,307,0.005682
1788021326.158490000,307,0.005749
1788021326.417686000,307,0.004753
1788021326.675557000,307,0.006408
1788021326.940242000,307,0.004884
1788021327.200737000,307,0.005276
1788021327.456968000,307,0.003599
1788021327.694922000,307,0.010044
1788021327.959540000,307,0.006237
1788021328.213039000,307,0.005557
1788021328.470359000,307,0.004907
1788021328.732597000,307,0.004712
1788021328.990641000,307,0.006098
1788021329.252485000,307,0.009609
1788021329.514875000,307,0.008475
1788021329.779082000,307,0.005448
1788021330.039540000,307,0.006166
1788021330.300065000,307,0.006082
1788021330.550167000,307,0.003143
1788021330.797633000,307,0.005586
1788021331.053836000,307,0.006174
1788021331.315168000,307,0.004997
1788021331.570889000,307,0.005714
1788021331.834010000,307,0.005944
1788021332.095034000,307,0.005446
1788021332.352429000,307,0.005695
1788021332.599230000,307,0.003030
1788021332.834370000,307,0.004907
1788021333.086440000,307,0.005903
1788021333.349699000,307,0.003681
1788021333.599554000,307,0.003597
1788021333.847633000,307,0.002987
1788021334.091945000,307,0.004998
1788021334.340932000,307,0.008950
1788021334.613255000,307,0.004487
1788021334.871056000,307,0.004884
1788021335.124182000,307,0.005997
1788021335.385740000,307,0.005845
1788021335.637550000,307,0.005230
1788021335.895332000,307,0.004913
1788021336.162861000,307,0.007003
1788021336.429850000,307,0.005560
1788021336.695204000,307,0.014130
1788021336.970396000,307,0.005754
1788021337.230743000,307,0.006102
1788021337.488207000,307,0.006088
1788021337.732757000,307,0.004148
1788021337.982733000,307,0.003751
1788021338.226488000,307,0.003090
1788021338.469699000,307,0.004250
1788021338.717742000,307,0.004675
1788021338.967024000,307,0.003468
1788021339.209495000,307,0.004426
1788021339.460121000,307,0.006268
1788021339.711157000,307,0.003479
1788021339.961106000,307,0.005020
1788021340.225911000,307,0.005933
1788021340.488213000,307,0.002666
1788021340.739894000,307,0.005678
1788021341.002775000,307,0.005173
1788021341.263457000,307,0.004404
1788021341.520833000,307,0.005584
1788021341.785071000,307,0.005993
1788021342.042942000,307,0.005315
1788021342.302815000,307,0.006494
1788021342.558464000,307,0.008470
1788021342.807219000,307,0.005476
1788021343.073199000,307,0.004740
1788021343.330477000,307,0.004208
1788021343.587035000,307,0.005516
1788021343.842352000,307,0.006686
1788021344.097553000,307,0.005923
1788021344.356337000,307,0.005396
1788021344.620508000,307,0.007072
1788021344.881136000,307,0.006210
1788021345.143817000,307,0.006238
1788021345.401243000,307,0.005446
1788021345.658375000,307,0.006044
1788021345.910984000,307,0.004034
1788021346.152149000,307,0.004073
1788021346.401094000,307,0.004541
1788021346.653630000,307,0.006929
1788021346.914667000,307,0.005302
1788021347.171771000,307,0.005975
1788021347.428024000,307,0.003569
1788021347.662389000,307,0.003962
1788021347.907894000,307,0.006694
1788021348.173179000,307,0.005775
1788021348.436141000,307,0.005298
1788021348.695348000,307,0.006069
1788021348.957455000,307,0.005315
1788021349.221931000,307,0.007572
1788021349.483390000,307,0.005607
1788021349.736254000,307,0.005516
1788021349.989064000,307,0.005427
1788021350.248764000,307,0.008462
1788021350.514408000,307,0.008539
1788021350.778577000,307,0.005467
1788021351.036618000,307,0.006005
1788021351.296342000,307,0.007354
1788021351.555765000,307,0.006158
1788021351.822957000,307,0.004437
1788021352.087263000,307,0.005578
1788021352.358587000,307,0.003931
1788021352.597523000,307,0.003989
1788021352.838084000,307,0.004712
1788021353.093899000,307,0.006676
1788021353.362381000,307,0.005895
1788021353.624020000,307,0.005301
1788021353.886587000,307,0.005664
1788021354.150045000,307,0.005261
1788021354.411442000,307,0.004737
1788021354.667133000,307,0.005959
1788021354.928606000,307,0.004770
1788021355.190585000,307,0.005790
1788021355.452252000,307,0.005926
1788021355.703402000,307,0.006074
1788021355.958347000,307,0.006207
1788021356.217211000,307,0.004944
1788021356.475974000,307,0.005469
1788021356.733783000,307,0.005617
1788021356.997739000,307,0.005973
1788021357.257338000,307,0.005922
1788021357.515117000,307,0.004648
1788021357.757017000,307,0.005269
1788021358.018954000,307,0.004964
1788021358.269209000,307,0.005548
1788021358.513870000,307,0.005504
1788021358.778578000,307,0.004255
1788021359.040375000,307,0.006079
1788021359.301620000,307,0.005290
1788021359.558242000,307,0.009509
1788021359.831512000,307,0.005031
1788021360.091252000,307,0.005876
1788021360.349720000,307,0.005711
1788021360.605526000,307,0.004145
1788021360.853163000,307,0.009224
1788021361.110550000,307,0.005672
1788021361.349665000,307,0.004829
1788021361.592654000,307,0.006190
1788021361.846947000,307,0.005816
1788021362.103920000,307,0.005540
1788021362.356050000,307,0.003647
1788021362.591391000,307,0.004019
1788021362.839952000,307,0.006016
1788021363.103156000,307,0.004999
1788021363.370242000,307,0.007806
1788021363.635387000,307,0.006635
1788021363.906258000,307,0.005957
1788021364.166120000,307,0.006443
1788021364.422527000,307,0.005427
1788021364.675108000,307,0.005579
1788021364.939263000,307,0.006550
1788021365.202062000,307,0.005573
1788021365.460511000,307,0.006175
1788021365.717160000,307,0.009675
1788021365.974494000,307,0.004773
1788021366.222995000,307,0.003422
1788021366.466592000,307,0.005641
1788021366.728467000,307,0.005343
1788021366.985128000,307,0.006477
1788021367.245347000,307,0.003891
1788021367.488298000,307,0.003511
1788021367.723353000,307,0.014200
1788021367.991723000,307,0.006594
1788021368.249658000,307,0.003612
1788021368.494191000,307,0.005671
1788021368.748099000,307,0.003547
1788021369.001206000,307,0.006724
1788021369.256731000,307,0.008922
1788021369.511102000,307,0.004621
1788021369.766013000,307,0.005571
1788021370.018833000,307,0.004662
1788021370.269546000,307,0.005456
1788021370.528081000,307,0.006284
1788021370.785185000,307,0.004232
1788021371.039140000,307,0.003651
1788021371.285170000,307,0.003470
1788021371.540079000,307,0.006024
1788021371.803990000,307,0.005678
1788021372.071145000,307,0.005020
1788021372.332579000,307,0.005596
1788021372.577120000,307,0.003514
1788021372.815871000,307,0.004671
1788021373.062109000,307,0.004574
1788021373.316173000,307,0.005747
1788021373.575776000,307,0.006529
1788021373.829221000,307,0.003737
1788021374.060558000,307,0.004517
1788021374.302506000,307,0.003651
1788021374.548583000,307,0.006289
1788021374.800313000,307,0.003552
1788021375.039948000,307,0.003948
1788021375.276305000,307,0.003812
1788021375.513979000,307,0.003475
1788021375.748497000,307,0.003626
1788021375.985852000,307,0.004440
1788021376.227146000,307,0.004590
1788021376.466885000,307,0.004221
1788021376.713017000,307,0.005322
1788021376.973242000,307,0.006382
1788021377.227292000,307,0.003260
1788021377.462926000,307,0.004156
1788021377.703531000,307,0.006982
1788021377.963014000,307,0.003295
1788021378.203040000,307,0.003805
1788021378.444060000,307,0.005582
1788021378.691424000,307,0.006077
1788021378.939216000,307,0.007377
1788021379.196596000,307,0.004582
1788021379.449963000,307,0.006566
1788021379.709314000,307,0.004248
1788021379.959541000,307,0.003803
1788021380.202565000,307,0.004178
1788021380.443461000,307,0.003823
1788021380.686195000,307,0.004465
1788021380.939831000,307,0.006133
1788021381.200890000,307,0.003849
1788021381.443656000,307,0.006467
1788021381.694735000,307,0.005867
1788021381.957280000,307,0.004826
1788021382.204443000,307,0.006377
1788021382.459072000,307,0.004260
1788021382.693106000,307,0.003643
1788021382.943688000,307,0.005032
1788021383.200871000,307,0.004428
1788021383.459030000,307,0.003775
1788021383.705960000,307,0.004183
1788021383.953488000,307,0.005297
1788021384.207300000,307,0.004353
1788021384.449955000,307,0.004695
1788021384.700455000,307,0.004736
1788021384.951639000,307,0.005400
1788021385.202744000,307,0.008506
1788021385.468298000,307,0.006245
1788021385.723219000,307,0.004749
1788021385.981001000,307,0.009938
1788021386.271514000,307,0.005808
1788021386.531337000,307,0.004823
1788021386.790862000,307,0.004229
1788021387.047986000,307,0.005925
1788021387.309736000,307,0.004067
1788021387.555322000,307,0.003557
1788021387.796879000,307,0.004375
1788021388.039943000,307,0.004244
1788021388.276201000,307,0.003159
1788021388.519646000,307,0.005814
1788021388.783549000,307,0.005839
1788021389.044907000,307,0.005866
1788021389.305729000,307,0.004726
1788021389.564688000,307,0.005275
1788021389.831114000,307,0.007128
1788021390.095625000,307,0.007011
1788021390.350874000,307,0.005327
1788021390.597269000,307,0.003744
1788021390.841576000,307,0.009526
1788021391.105397000,307,0.005020
1788021391.362388000,307,0.005589
1788021391.620374000,307,0.005683
1788021391.881842000,307,0.005460
1788021392.141023000,307,0.005589
1788021392.400373000,307,0.004212
1788021392.639469000,307,0.004975
1788021392.889942000,307,0.005136
1788021393.144222000,307,0.006281
1788021393.407739000,307,0.005644
1788021393.666979000,307,0.005417
1788021393.929591000,307,0.005968
1788021394.190885000,307,0.003786
1788021394.439898000,307,0.006986
1788021394.704632000,307,0.005706
1788021394.967546000,307,0.005370
1788021395.223970000,307,0.005320
1788021395.490486000,307,0.004965
1788021395.755117000,307,0.005392
1788021396.016649000,307,0.006806
1788021396.272981000,307,0.004086
1788021396.512616000,307,0.003647
1788021396.751503000,307,0.004810
1788021397.002648000,307,0.006401
1788021397.265174000,307,0.005700
1788021397.523616000,307,0.004888
1788021397.761074000,307,0.006163
1788021398.018791000,307,0.006041
1788021398.284953000,307,0.004988
1788021398.544360000,307,0.005310
1788021398.807620000,307,0.005925
1788021399.067911000,307,0.005121
1788021399.319608000,307,0.004851
1788021399.577907000,307,0.004323
1788021399.819551000,307,0.005254
1788021400.070024000,307,0.005508
1788021400.328254000,307,0.007630
1788021400.588810000,307,0.012565
1788021400.852292000,307,0.003920
1788021401.099681000,307,0.005150
1788021401.344622000,307,0.003805
1788021401.581285000,307,0.006689
1788021401.823161000,307,0.005192
1788021402.068864000,307,0.004186
1788021402.315709000,307,0.004840
1788021402.562034000,307,0.003406
1788021402.795075000,307,0.003246
1788021403.040597000,307,0.005342
1788021403.298674000,307,0.005517
1788021403.551907000,307,0.004441
1788021403.801350000,307,0.004943
1788021404.049888000,307,0.003669
1788021404.294036000,307,0.005111
1788021404.547636000,307,0.004426
1788021404.803542000,307,0.003988
1788021405.059454000,307,0.003740
1788021405.303221000,307,0.003990
1788021405.554680000,307,0.003537
1788021405.809968000,307,0.005061
1788021406.061252000,307,0.004030
1788021406.308632000,307,0.005002
1788021406.561706000,307,0.005135
1788021406.820487000,307,0.005010
1788021407.078178000,307,0.003759
1788021407.326862000,307,0.003585
1788021407.561892000,307,0.003349
1788021407.798970000,307,0.003614
1788021408.046048000,307,0.004978
1788021408.300258000,307,0.004398
1788021408.548844000,307,0.004798
1788021408.806553000,307,0.005833
1788021409.069784000,307,0.006897
1788021409.326319000,307,0.002558
1788021409.576508000,307,0.003804
1788021409.831752000,307,0.004943
1788021410.085582000,307,0.004708
1788021410.340261000,307,0.005790
1788021410.591014000,307,0.003353
1788021410.842393000,307,0.004777
1788021411.088155000,307,0.004328
1788021411.334146000,307,0.004819
1788021411.583070000,307,0.008442
1788021411.852334000,307,0.006483
1788021412.114870000,307,0.006184
1788021412.371864000,307,0.003683
1788021412.610660000,307,0.006227
1788021412.863932000,307,0.005365
1788021413.126585000,307,0.005208
1788021413.381862000,307,0.005415
1788021413.634072000,307,0.005477
1788021413.892627000,307,0.005629
1788021414.152347000,307,0.005400
1788021414.410994000,307,0.008132
1788021414.675216000,307,0.007833
1788021414.936855000,307,0.005644
1788021415.196057000,307,0.005079
1788021415.457976000,307,0.004296
1788021415.709380000,307,0.006409
1788021415.974995000,307,0.005963
1788021416.241233000,307,0.005330
1788021416.504452000,307,0.005770
1788021416.764288000,307,0.005340
1788021417.019287000,307,0.005540
1788021417.281601000,307,0.005607
1788021417.533488000,307,0.002958
1788021417.772660000,307,0.004321
1788021418.024349000,307,0.005399
1788021418.276813000,307,0.003246
1788021418.520554000,307,0.006336
1788021418.783030000,307,0.005581
1788021419.041897000,307,0.005135
1788021419.303635000,307,0.004839
1788021419.558727000,307,0.005554
1788021419.819326000,307,0.004386
1788021420.072624000,307,0.005196
1788021420.330573000,307,0.005248
1788021420.591325000,307,0.003152
1788021420.842403000,307,0.009272
1788021421.104233000,307,0.005467
1788021421.360547000,307,0.005873
1788021421.629820000,307,0.004742
1788021421.886867000,307,0.004957
1788021422.143539000,307,0.006241
1788021422.401286000,307,0.003338
1788021422.638196000,307,0.004384
1788021422.889944000,307,0.006202
1788021423.148544000,307,0.005711
1788021423.412011000,307,0.006343
1788021423.676347000,307,0.004212
1788021423.933887000,307,0.005740
1788021424.197126000,307,0.006315
1788021424.461561000,307,0.005812
1788021424.724995000,307,0.006785
1788021425.005135000,307,0.006854
1788021425.271395000,307,0.005113
1788021425.535103000,307,0.005598
1788021425.788840000,307,0.007458
1788021426.046981000,307,0.007204
1788021426.308375000,307,0.005094
1788021426.561254000,307,0.006078
1788021426.825002000,307,0.005500
1788021427.087528000,307,0.006070
1788021427.353011000,307,0.003944
1788021427.595966000,307,0.005952
1788021427.839436000,307,0.004600
1788021428.084457000,307,0.005012
1788021428.327422000,307,0.004166
1788021428.573914000,307,0.004306
1788021428.823748000,307,0.005507
1788021429.083437000,307,0.005307
1788021429.340044000,307,0.004600
1788021429.597916000,307,0.004436
1788021429.842595000,307,0.004129
1788021430.089830000,307,0.004213
1788021430.342989000,307,0.003567
1788021430.583402000,307,0.003461
1788021430.829701000,307,0.004103
1788021431.078565000,307,0.004313
1788021431.325000000,307,0.004490
1788021431.576323000,307,0.004460
1788021431.832155000,307,0.004505
1788021432.083660000,307,0.004214
1788021432.331481000,307,0.004002
1788021432.567877000,307,0.003746
1788021432.805061000,307,0.004006
1788021433.056212000,307,0.005140
1788021433.315783000,307,0.005788
1788021433.574054000,307,0.004635
1788021433.818620000,307,0.004336
1788021434.049839000,307,0.003536
1788021434.286394000,307,0.003723
1788021434.532708000,307,0.003716
1788021434.777918000,307,0.003723
1788021435.017625000,307,0.004041
1788021435.266376000,307,0.004068
1788021435.518467000,307,0.005493
1788021435.777359000,307,0.005177
1788021436.030411000,307,0.004438
1788021436.284669000,307,0.004725
1788021436.536146000,307,0.004808
1788021436.789505000,307,0.003163
1788021437.040025000,307,0.004553
1788021437.295192000,307,0.005546
1788021437.545311000,307,0.003586
1788021437.785612000,307,0.006557
1788021438.041607000,307,0.004904
1788021438.293827000,307,0.004486
1788021438.542486000,307,0.003970
1788021438.793650000,307,0.004223
1788021439.041513000,307,0.004746
1788021439.293031000,307,0.005053
1788021439.545308000,307,0.004854
1788021439.795293000,307,0.004383
1788021440.045068000,307,0.006460
1788021440.297379000,307,0.004520
1788021440.548424000,307,0.005679
1788021440.799451000,307,0.005570
1788021441.048850000,307,0.003455
1788021441.293507000,307,0.004038
1788021441.543145000,307,0.004561
1788021441.797698000,307,0.004737
1788021442.050798000,307,0.004378
1788021442.306730000,307,0.004802
1788021442.555476000,307,0.005433
1788021442.791916000,307,0.004686
1788021443.034361000,307,0.007614
1788021443.283680000,307,0.005134
1788021443.534028000,307,0.004064
1788021443.778819000,307,0.004970
1788021444.031838000,307,0.004468
1788021444.282798000,307,0.004429
1788021444.533586000,307,0.006741
1788021444.787144000,307,0.004461
1788021445.042489000,307,0.004345
1788021445.293811000,307,0.003794
1788021445.540156000,307,0.006005
1788021445.786637000,307,0.004412
1788021446.036073000,307,0.006655
1788021446.300592000,307,0.003958
1788021446.550377000,307,0.013434
1788021446.811130000,307,0.004414
1788021447.061663000,307,0.004203
1788021447.311219000,307,0.003164
1788021447.554459000,307,0.003830
1788021447.792471000,307,0.004900
1788021448.043232000,307,0.004966
1788021448.285623000,307,0.002758
1788021448.517364000,307,0.003838
1788021448.767277000,307,0.006608
1788021449.025143000,307,0.005412
1788021449.281994000,307,0.005515
1788021449.536727000,307,0.003836
1788021449.781141000,307,0.004078
1788021450.034352000,307,0.003261
1788021450.286002000,307,0.004214
1788021450.536928000,307,0.004975
1788021450.787449000,307,0.005533
1788021451.040647000,307,0.004503
1788021451.288775000,307,0.004784
1788021451.542183000,307,0.004116
1788021451.790317000,307,0.003997
1788021452.037530000,307,0.005416
1788021452.288811000,307,0.003873
1788021452.533436000,307,0.003353
1788021452.769494000,307,0.004410
1788021453.017885000,307,0.005144
1788021453.270726000,307,0.004696
1788021453.528014000,307,0.006292
1788021453.782543000,307,0.003061
1788021454.029585000,307,0.004570
1788021454.287231000,307,0.004757
1788021454.544139000,307,0.005397
1788021454.801065000,307,0.004885
1788021455.058695000,307,0.005618
1788021455.306091000,307,0.003448
1788021455.556090000,307,0.003799
1788021455.802827000,307,0.003485
1788021456.046860000,307,0.004811
1788021456.303605000,307,0.004712
1788021456.559831000,307,0.006814
1788021456.811609000,307,0.005098
1788021457.068213000,307,0.004421
1788021457.317694000,307,0.004550
1788021457.558197000,307,0.003567
1788021457.799447000,307,0.005433
1788021458.053437000,307,0.004834
1788021458.304211000,307,0.004242
1788021458.548856000,307,0.004224
1788021458.795573000,307,0.005124
1788021459.042800000,307,0.003341
1788021459.284540000,307,0.003709
1788021459.533645000,307,0.004201
1788021459.782128000,307,0.003312
1788021460.029046000,307,0.006319
1788021460.276691000,307,0.003954
1788021460.527431000,307,0.009863
1788021460.782841000,307,0.005260
1788021461.040866000,307,0.005298
1788021461.293675000,307,0.004934
1788021461.544014000,307,0.004500
1788021461.793633000,307,0.004396
1788021462.053549000,307,0.004636
1788021462.306316000,307,0.004273
1788021462.551759000,307,0.003770
1788021462.787338000,307,0.005400
1788021463.042124000,307,0.004934
1788021463.292878000,307,0.004255
1788021463.543546000,307,0.004997
1788021463.793516000,307,0.005432
1788021464.043987000,307,0.004899
1788021464.294386000,307,0.004240
1788021464.542199000,307,0.004377
1788021464.783994000,307,0.003206
1788021465.024390000,307,0.003434
1788021465.266377000,307,0.004678
1788021465.521337000,307,0.004476
1788021465.776726000,307,0.004147
1788021466.035688000,307,0.005769
1788021466.288135000,307,0.003925
1788021466.540091000,307,0.004645
1788021466.793248000,307,0.005316
1788021467.051366000,307,0.005685
1788021467.302643000,307,0.004486
1788021467.549380000,307,0.003515
1788021467.788513000,307,0.005878
1788021468.043604000,307,0.007333
1788021468.299170000,307,0.004981
1788021468.549293000,307,0.003693
1788021468.793856000,307,0.004385
1788021469.045138000,307,0.005115
1788021469.296571000,307,0.005502
1788021469.550536000,307,0.004163
1788021469.803078000,307,0.006131
1788021470.060277000,307,0.004614
1788021470.313319000,307,0.003954
1788021470.559034000,307,0.005968
1788021470.809341000,307,0.004914
1788021471.068181000,307,0.004388
1788021471.319785000,307,0.004181
1788021471.567289000,307,0.007319
1788021471.820720000,307,0.003379
1788021472.069351000,307,0.004154
1788021472.319296000,307,0.005018
1788021472.558065000,307,0.003609
1788021472.793445000,307,0.002936
1788021473.032401000,307,0.004659
1788021473.288414000,307,0.005866
1788021473.541377000,307,0.004700
1788021473.792042000,307,0.003532
1788021474.043816000,307,0.004775
1788021474.295293000,307,0.003736
1788021474.547912000,307,0.004146
1788021474.800603000,307,0.003101
1788021475.043713000,307,0.004336
1788021475.291313000,307,0.005280
1788021475.540437000,307,0.003891
1788021475.778865000,307,0.004996
1788021476.031950000,307,0.005610
1788021476.287005000,307,0.003987
1788021476.537688000,307,0.003367
1788021476.784464000,307,0.004386
1788021477.030512000,307,0.004160
1788021477.276200000,307,0.005345
1788021477.518277000,307,0.003364
1788021477.753253000,307,0.005362
1788021478.001092000,307,0.003371
1788021478.231170000,307,0.002953
1788021478.460330000,307,0.003486
1788021478.700284000,307,0.004176
1788021478.950321000,307,0.005708
1788021479.202992000,307,0.004899
1788021479.451698000,307,0.004166
1788021479.703167000,307,0.003913
1788021479.960131000,307,0.003874
1788021480.213523000,307,0.004624
1788021480.466765000,307,0.004589
1788021480.717062000,307,0.004054
1788021480.966436000,307,0.003747
1788021481.218679000,307,0.004049
1788021481.462481000,307,0.004899
1788021481.717248000,307,0.004860
1788021481.969064000,307,0.003796
1788021482.219399000,307,0.005372
1788021482.468363000,307,0.003965
1788021482.699050000,307,0.003508
1788021482.944456000,307,0.004771
1788021483.199716000,307,0.004420
1788021483.450232000,307,0.005042
1788021483.703285000,307,0.003632
1788021483.953831000,307,0.004570
1788021484.206494000,307,0.003533
1788021484.454868000,307,0.003119
1788021484.707032000,307,0.006047
1788021484.963325000,307,0.005291
1788021485.218771000,307,0.003384
1788021485.463738000,307,0.003773
1788021485.707861000,307,0.006243
1788021485.962150000,307,0.005359
1788021486.215114000,307,0.004129
1788021486.469189000,307,0.005132
1788021486.718032000,307,0.003852
1788021486.967206000,307,0.005267
1788021487.222197000,307,0.003786
1788021487.468742000,307,0.003192
1788021487.700269000,307,0.004190
1788021487.941908000,307,0.003802
1788021488.192386000,307,0.005682
1788021488.441029000,307,0.004147
1788021488.688973000,307,0.003661
1788021488.939096000,307,0.004791
1788021489.193489000,307,0.004820
1788021489.445952000,307,0.008357
1788021489.700987000,307,0.004835
1788021489.952299000,307,0.005237
1788021490.208683000,307,0.004078
1788021490.461498000,307,0.003431
1788021490.710699000,307,0.003811
1788021490.959736000,307,0.004867
1788021491.212485000,307,0.004146
1788021491.466463000,307,0.004071
1788021491.716542000,307,0.003673
1788021491.965662000,307,0.004272
1788021492.211207000,307,0.005503
1788021492.457203000,307,0.003894
1788021492.693131000,307,0.004021
1788021492.941208000,307,0.004762
1788021493.193586000,307,0.004371
1788021493.442794000,307,0.004974
1788021493.691894000,307,0.004545
1788021493.934908000,307,0.003182
1788021494.162135000,307,0.003435
1788021494.394070000,307,0.004513
1788021494.641005000,307,0.004968
1788021494.888176000,307,0.005039
1788021495.139888000,307,0.004127
1788021495.387025000,307,0.003754
1788021495.638460000,307,0.004803
1788021495.891069000,307,0.004547
1788021496.139393000,307,0.004149
1788021496.392330000,307,0.003320
1788021496.645704000,307,0.004594
1788021496.895654000,307,0.003078
1788021497.148612000,307,0.003826
1788021497.391940000,307,0.004399
1788021497.629788000,307,0.003612
1788021497.870016000,307,0.003330
1788021498.115001000,307,0.004755
1788021498.367402000,307,0.004394
1788021498.622485000,307,0.004497
1788021498.877297000,307,0.005263
1788021499.132498000,307,0.005042
1788021499.386009000,307,0.004559
1788021499.634363000,307,0.005090
1788021499.887228000,307,0.004491
1788021500.135350000,307,0.005407
1788021500.383181000,307,0.004644
1788021500.627761000,307,0.004094
1788021500.878362000,307,0.005020
1788021501.133717000,307,0.005632
1788021501.390234000,307,0.004305
1788021501.645952000,307,0.004938
1788021501.900447000,307,0.004029
1788021502.153859000,307,0.005797
1788021502.397835000,307,0.003327
1788021502.629921000,307,0.003720
1788021502.881398000,307,0.003992
1788021503.137985000,307,0.006169
1788021503.396759000,307,0.004800
1788021503.660413000,307,0.005550
1788021503.917710000,307,0.004069
1788021504.167568000,307,0.003816
1788021504.417822000,307,0.005353
1788021504.671332000,307,0.004526
1788021504.928298000,307,0.004166
1788021505.181107000,307,0.005156
1788021505.436585000,307,0.005844
1788021505.689671000,307,0.006523
1788021505.943963000,307,0.004896
1788021506.198839000,307,0.005442
1788021506.456706000,307,0.006732
1788021506.709576000,307,0.004975
1788021506.962610000,307,0.005451
1788021507.219668000,307,0.004529
1788021507.466255000,307,0.003641
1788021507.701552000,307,0.005532
1788021507.956603000,307,0.005254
1788021508.212840000,307,0.003637
1788021508.465794000,307,0.005169
1788021508.718922000,307,0.004677
1788021508.969805000,307,0.004510
1788021509.224872000,307,0.005037
1788021509.479771000,307,0.004840
1788021509.730491000,307,0.003600
1788021509.981267000,307,0.004615
1788021510.229770000,307,0.004676
1788021510.477676000,307,0.004280
1788021510.723544000,307,0.004040
1788021510.967727000,307,0.004874
1788021511.214350000,307,0.004249
1788021511.464699000,307,0.004675
1788021511.715063000,307,0.005762
1788021511.975397000,307,0.004972
1788021512.233222000,307,0.004645
1788021512.482596000,307,0.003141
1788021512.719091000,307,0.005399
1788021512.976113000,307,0.005153
1788021513.232073000,307,0.004707
1788021513.488122000,307,0.004912
1788021513.749114000,307,0.004813
1788021514.009671000,307,0.003566
1788021514.262069000,307,0.005446
1788021514.516907000,307,0.004440
1788021514.774400000,307,0.005970
1788021515.039894000,307,0.005763
1788021515.292382000,307,0.005239
1788021515.541369000,307,0.004505
1788021515.796070000,307,0.005099
1788021516.055170000,307,0.004397
1788021516.305630000,307,0.004702
1788021516.559967000,307,0.004637
1788021516.812007000,307,0.003080
1788021517.052444000,307,0.004616
1788021517.302035000,307,0.004241
1788021517.547115000,307,0.003872
1788021517.783937000,307,0.004357
1788021518.033411000,307,0.004661
1788021518.289814000,307,0.005111
1788021518.538882000,307,0.004525
1788021518.787722000,307,0.004615
1788021519.043433000,307,0.002952
1788021519.293357000,307,0.004848
1788021519.547595000,307,0.003228
1788021519.798523000,307,0.007666
1788021520.069095000,307,0.004634
1788021520.321393000,307,0.006134
1788021520.573016000,307,0.003214
1788021520.816886000,307,0.005110
1788021521.077682000,307,0.004163
1788021521.332511000,307,0.004686
1788021521.587383000,307,0.003161
1788021521.833824000,307,0.004613
1788021522.089104000,307,0.006967
1788021522.350217000,307,0.003636
1788021522.590002000,307,0.004550
1788021522.834005000,307,0.005314
1788021523.091477000,307,0.005096
1788021523.348666000,307,0.005708
1788021523.604641000,307,0.004619
1788021523.856913000,307,0.004228
1788021524.105580000,307,0.004389
1788021524.361253000,307,0.004738
1788021524.618123000,307,0.005166
1788021524.876836000,307,0.006095
1788021525.138285000,307,0.004706
1788021525.398805000,307,0.004378
1788021525.653532000,307,0.004204
1788021525.899349000,307,0.003568
1788021526.146562000,307,0.004738
1788021526.397561000,307,0.004369
1788021526.655439000,307,0.004886
1788021526.902584000,307,0.003867
1788021527.158410000,307,0.004982
1788021527.408435000,307,0.003331
1788021527.644069000,307,0.004212
1788021527.892508000,307,0.004363
1788021528.151643000,307,0.006020
1788021528.412041000,307,0.004697
1788021528.670934000,307,0.005083
1788021528.926187000,307,0.005043
1788021529.182613000,307,0.004977
1788021529.437644000,307,0.006673
1788021529.695196000,307,0.005776
1788021529.948623000,307,0.004708
1788021530.206122000,307,0.005031
1788021530.463122000,307,0.004674
1788021530.713769000,307,0.005202
1788021530.971795000,307,0.005227
1788021531.224574000,307,0.004454
1788021531.481460000,307,0.005009
1788021531.737486000,307,0.004329
1788021531.995937000,307,0.005671
1788021532.248480000,307,0.003478
1788021532.491616000,307,0.002983
1788021532.726084000,307,0.004609
1788021532.981012000,307,0.005783
1788021533.237242000,307,0.007504
1788021533.492372000,307,0.005807
1788021533.747826000,307,0.004019
1788021533.997486000,307,0.004043
1788021534.246088000,307,0.004013
1788021534.492382000,307,0.004657
1788021534.741551000,307,0.005493
1788021534.997024000,307,0.004254
1788021535.246977000,307,0.004132
1788021535.495267000,307,0.003771
1788021535.734530000,307,0.005193
1788021535.989995000,307,0.005568
1788021536.246285000,307,0.004841
1788021536.498365000,307,0.003328
1788021536.745909000,307,0.003117
1788021536.996079000,307,0.006451
1788021537.254438000,307,0.004148
1788021537.505675000,307,0.003528
1788021537.741878000,307,0.004357
1788021537.992074000,307,0.004950
1788021538.243149000,307,0.003744
1788021538.486068000,307,0.004741
1788021538.734754000,307,0.004861
1788021538.985698000,307,0.004301
1788021539.234081000,307,0.004961
1788021539.483092000,307,0.003835
1788021539.732152000,307,0.003825
1788021539.983435000,307,0.005309
1788021540.245061000,307,0.003971
1788021540.496674000,307,0.005254
1788021540.748524000,307,0.004638
1788021541.005094000,307,0.004999
1788021541.265392000,307,0.007894
1788021541.523615000,307,0.005001
1788021541.782431000,307,0.004399
1788021542.034215000,307,0.005746
1788021542.291418000,307,0.004838
1788021542.537678000,307,0.004658
1788021542.769615000,307,0.002875
1788021543.014798000,307,0.004891
1788021543.272435000,307,0.006366
1788021543.528293000,307,0.005252
1788021543.788505000,307,0.005612
1788021544.047567000,307,0.004814
1788021544.305320000,307,0.004054
1788021544.557464000,307,0.005339
1788021544.816390000,307,0.005371
1788021545.079559000,307,0.004279
1788021545.332591000,307,0.004020
1788021545.581700000,307,0.003611
1788021545.833009000,307,0.004959
1788021546.089560000,307,0.004402
1788021546.342104000,307,0.004469
1788021546.594706000,307,0.004110
1788021546.844229000,307,0.003301
1788021547.091056000,307,0.003539
1788021547.338578000,307,0.004797
1788021547.590732000,307,0.003392
1788021547.831644000,307,0.004711
1788021548.087935000,307,0.006129
1788021548.343671000,307,0.005493
1788021548.596129000,307,0.004225
1788021548.852367000,307,0.004942
1788021549.104052000,307,0.004047
1788021549.354825000,307,0.004987
1788021549.610194000,307,0.005656
1788021549.865446000,307,0.004792
1788021550.119514000,307,0.003807
1788021550.367302000,307,0.003065
1788021550.609833000,307,0.003005
1788021550.857023000,307,0.004500
1788021551.107577000,307,0.004733
1788021551.360509000,307,0.004672
1788021551.611006000,307,0.005734
1788021551.867830000,307,0.005112
1788021552.122136000,307,0.004600
1788021552.373575000,307,0.003221
1788021552.609648000,307,0.003855
1788021552.856711000,307,0.005302
1788021553.111687000,307,0.005125
1788021553.369603000,307,0.004411
1788021553.621609000,307,0.004029
1788021553.860564000,307,0.003150
1788021554.090093000,307,0.004428
1788021554.333989000,307,0.004784
1788021554.586596000,307,0.003904
1788021554.835730000,307,0.004116
1788021555.084935000,307,0.004049
1788021555.335849000,307,0.003991
1788021555.582925000,307,0.003538
1788021555.827801000,307,0.003992
1788021556.079298000,307,0.004637
1788021556.330229000,307,0.004183
1788021556.579448000,307,0.003888
1788021556.828192000,307,0.003541
1788021557.075868000,307,0.003955
1788021557.325207000,307,0.003712
1788021557.569638000,307,0.003639
1788021557.805991000,307,0.004640
1788021558.053505000,307,0.004085
1788021558.300680000,307,0.004322
1788021558.550434000,307,0.005166
1788021558.808104000,307,0.004242
1788021559.059166000,307,0.004151
1788021559.310064000,307,0.003889
1788021559.558517000,307,0.004929
1788021559.810769000,307,0.004295
1788021560.061594000,307,0.003658
1788021560.307701000,307,0.003744
1788021560.555600000,307,0.005950
1788021560.810503000,307,0.005554
1788021561.065325000,307,0.003904
1788021561.319460000,307,0.004543
1788021561.577136000,307,0.004453
1788021561.830009000,307,0.005188
1788021562.084990000,307,0.004376
1788021562.339755000,307,0.004609
1788021562.586307000,307,0.003271
1788021562.827234000,307,0.008164
1788021563.082020000,307,0.004592
1788021563.340021000,307,0.004524
1788021563.599709000,307,0.006859
1788021563.857774000,307,0.007083
1788021564.120080000,307,0.004579
1788021564.371652000,307,0.004333
1788021564.627641000,307,0.004261
1788021564.885343000,307,0.005140
1788021565.150250000,307,0.005382
1788021565.408751000,307,0.005130
1788021565.664650000,307,0.005684
1788021565.925709000,307,0.007092
1788021566.187891000,307,0.004016
1788021566.435402000,307,0.004591
1788021566.687649000,307,0.002894
1788021566.936006000,307,0.005605
1788021567.195322000,307,0.006489
1788021567.443845000,307,0.003598
1788021567.679392000,307,0.005113
1788021567.937070000,307,0.006811
1788021568.194811000,307,0.006057
1788021568.444539000,307,0.004320
1788021568.695966000,307,0.003869
1788021568.946481000,307,0.004394
1788021569.200865000,307,0.005229
1788021569.456982000,307,0.004748
1788021569.711047000,307,0.006195
1788021569.969149000,307,0.006267
1788021570.224796000,307,0.004467
1788021570.478876000,307,0.004618
1788021570.724323000,307,0.003640
1788021570.975396000,307,0.004329
1788021571.234621000,307,0.004449
1788021571.490290000,307,0.004395
1788021571.746565000,307,0.005256
1788021572.001792000,307,0.005099
1788021572.258095000,307,0.004473
1788021572.506677000,307,0.003176
1788021572.738310000,307,0.003997
1788021572.989074000,307,0.006723
1788021573.246516000,307,0.004375
1788021573.503992000,307,0.006205
1788021573.760700000,307,0.004520
1788021574.016256000,307,0.004655
1788021574.273454000,307,0.009163
1788021574.533001000,307,0.004838
1788021574.788513000,307,0.004121
1788021575.040729000,307,0.005332
1788021575.291534000,307,0.004823
1788021575.544108000,307,0.003454
1788021575.792016000,307,0.004357
1788021576.040347000,307,0.005909
1788021576.296415000,307,0.004329
1788021576.551616000,307,0.004124
1788021576.805882000,307,0.004631
1788021577.065477000,307,0.004658
1788021577.320255000,307,0.003872
1788021577.566317000,307,0.004307
1788021577.804386000,307,0.003540
1788021578.051808000,307,0.004262
1788021578.301699000,307,0.005341
1788021578.555729000,307,0.005697
1788021578.807386000,307,0.004551
1788021579.054902000,307,0.004519
1788021579.306142000,307,0.006572
1788021579.559342000,307,0.004927
1788021579.815489000,307,0.005159
1788021580.081294000,307,0.006957
1788021580.341280000,307,0.004894
1788021580.597389000,307,0.002789
1788021580.842432000,307,0.007238
1788021581.107858000,307,0.004938
1788021581.362023000,307,0.003382
1788021581.607268000,307,0.004203
1788021581.855614000,307,0.004599
1788021582.106943000,307,0.004376
1788021582.355462000,307,0.004919
1788021582.604736000,307,0.003547
1788021582.838992000,307,0.005265
1788021583.094667000,307,0.004491
1788021583.346180000,307,0.005157
1788021583.603126000,307,0.003892
1788021583.853509000,307,0.005976
1788021584.101998000,307,0.004584
1788021584.354473000,307,0.004468
1788021584.613124000,307,0.004763
1788021584.863389000,307,0.004425
1788021585.112157000,307,0.003585
1788021585.356732000,307,0.003875
1788021585.601755000,307,0.004503
1788021585.853563000,307,0.004018
1788021586.104314000,307,0.005372
1788021586.351779000,307,0.005146
1788021586.600617000,307,0.003702
1788021586.838695000,307,0.004135
1788021587.081181000,307,0.004092
1788021587.323212000,307,0.004719
1788021587.562048000,307,0.003337
1788021587.794719000,307,0.003528
1788021588.037375000,307,0.004789
1788021588.280852000,307,0.004130
1788021588.534301000,307,0.004899
1788021588.786002000,307,0.005324
1788021589.039865000,307,0.003761
1788021589.291545000,307,0.004439
1788021589.541592000,307,0.003510
1788021589.790960000,307,0.005146
1788021590.046700000,307,0.004842
1788021590.300115000,307,0.003565
1788021590.537612000,307,0.007132
1788021590.790317000,307,0.005131
1788021591.041538000,307,0.004823
1788021591.291358000,307,0.004538
1788021591.546261000,307,0.007259
1788021591.798634000,307,0.004094
1788021592.048557000,307,0.004775
1788021592.306011000,307,0.006427
1788021592.560034000,307,0.003370
1788021592.793121000,307,0.005076
1788021593.050393000,307,0.004944
1788021593.308650000,307,0.004997
1788021593.565255000,307,0.005014
1788021593.818625000,307,0.003904
1788021594.070043000,307,0.005403
1788021594.325527000,307,0.004461
1788021594.579195000,307,0.004493
1788021594.832753000,307,0.004320
1788021595.089591000,307,0.005726
1788021595.342408000,307,0.003961
1788021595.593550000,307,0.006202
1788021595.840445000,307,0.003184
1788021596.087893000,307,0.004976
1788021596.342264000,307,0.006408
1788021596.602777000,307,0.003188
1788021596.848349000,307,0.004869
1788021597.104910000,307,0.005708
1788021597.359616000,307,0.004468
1788021597.605395000,307,0.003487
1788021597.845985000,307,0.005937
1788021598.103649000,307,0.004667
1788021598.352188000,307,0.004017
1788021598.594606000,307,0.005963
1788021598.853940000,307,0.005332
1788021599.106129000,307,0.003932
1788021599.357307000,307,0.004335
1788021599.613959000,307,0.005378
1788021599.868223000,307,0.005506
1788021600.123225000,307,0.003804
1788021600.369310000,307,0.005923
1788021600.621782000,307,0.003350
1788021600.869605000,307,0.005543
1788021601.126320000,307,0.004151
1788021601.378451000,307,0.005772
1788021601.636043000,307,0.004718
1788021601.891965000,307,0.004547
1788021602.149158000,307,0.004799
1788021602.401461000,307,0.007385
1788021602.642304000,307,0.003568
1788021602.880363000,307,0.006522
1788021603.142873000,307,0.006980
1788021603.407463000,307,0.004145
1788021603.667796000,307,0.005510
1788021603.930127000,307,0.004018
1788021604.180635000,307,0.003767
1788021604.427721000,307,0.003015
1788021604.665633000,307,0.004815
1788021604.927739000,307,0.005664
1788021605.196814000,307,0.004847
1788021605.446629000,307,0.003784
1788021605.699123000,307,0.004710
1788021605.954955000,307,0.006467
1788021606.210494000,307,0.005147
1788021606.463520000,307,0.003425
1788021606.717100000,307,0.003682
1788021606.973736000,307,0.006093
1788021607.230612000,307,0.004432
1788021607.480661000,307,0.004064
1788021607.713951000,307,0.004238
1788021607.967155000,307,0.006404
1788021608.229829000,307,0.005078
1788021608.483691000,307,0.005281
1788021608.738098000,307,0.003588
1788021608.990517000,307,0.005156
1788021609.251715000,307,0.005028
1788021609.507199000,307,0.005468
1788021609.762909000,307,0.005959
1788021610.024397000,307,0.005334
1788021610.278583000,307,0.005110
1788021610.534701000,307,0.005157
1788021610.786016000,307,0.003367
1788021611.032740000,307,0.004132
1788021611.288061000,307,0.005628
1788021611.546365000,307,0.004950
1788021611.796094000,307,0.006087
1788021612.056092000,307,0.004810
1788021612.308538000,307,0.004579
1788021612.550436000,307,0.004149
1788021612.784392000,307,0.005774
1788021613.039793000,307,0.004148
1788021613.289412000,307,0.003699
1788021613.537395000,307,0.003920
1788021613.776216000,307,0.003546
1788021614.009355000,307,0.003756
1788021614.245930000,307,0.004094
1788021614.495799000,307,0.003890
1788021614.745953000,307,0.004055
1788021614.994603000,307,0.003823
1788021615.239636000,307,0.003923
1788021615.488473000,307,0.004602
1788021615.738705000,307,0.004302
1788021615.988643000,307,0.003879
1788021616.236526000,307,0.004154
1788021616.487594000,307,0.005657
1788021616.739763000,307,0.006771
1788021616.996962000,307,0.006865
1788021617.255502000,307,0.004155
1788021617.503940000,307,0.004008
1788021617.741091000,307,0.005050
1788021617.996300000,307,0.006322
1788021618.252889000,307,0.005097
1788021618.504533000,307,0.005881
1788021618.756132000,307,0.004683
1788021619.012697000,307,0.005500
1788021619.267215000,307,0.004357
1788021619.515126000,307,0.004730
1788021619.769782000,307,0.004447
1788021620.022981000,307,0.004886
1788021620.276620000,307,0.007030
1788021620.532213000,307,0.005942
1788021620.786047000,307,0.004961
1788021621.041857000,307,0.004862
1788021621.299579000,307,0.004461
1788021621.553925000,307,0.003632
1788021621.797155000,307,0.004871
1788021622.047954000,307,0.004345
1788021622.296049000,307,0.005122
1788021622.540934000,307,0.003587
1788021622.773172000,307,0.004723
1788021623.023044000,307,0.004453
1788021623.274503000,307,0.010796
1788021623.531616000,307,0.006137
1788021623.782863000,307,0.004071
1788021624.033124000,307,0.004180
1788021624.280185000,307,0.005716
1788021624.527570000,307,0.004478
1788021624.780373000,307,0.004832
1788021625.034634000,307,0.004210
1788021625.279846000,307,0.003025
1788021625.514590000,307,0.007197
1788021625.756050000,307,0.003767
1788021626.005178000,307,0.003958
1788021626.255667000,307,0.004748
1788021626.505594000,307,0.004693
1788021626.762533000,307,0.004547
1788021627.017853000,307,0.003845
1788021627.260175000,307,0.004478
1788021627.500772000,307,0.003367
1788021627.735888000,307,0.004223
1788021627.983066000,307,0.004382
1788021628.239031000,307,0.003489
1788021628.478814000,307,0.003538
1788021628.717125000,307,0.003219
1788021628.960306000,307,0.004398
1788021629.211205000,307,0.004460
1788021629.462356000,307,0.004806
1788021629.715141000,307,0.004339
1788021629.968753000,307,0.003349
1788021630.219989000,307,0.004399
1788021630.467246000,307,0.003078
1788021630.721757000,307,0.003245
1788021630.967387000,307,0.004100
1788021631.209977000,307,0.004335
1788021631.466024000,307,0.005093
1788021631.728759000,307,0.006961
1788021631.987880000,307,0.003897
1788021632.236006000,307,0.003755
1788021632.475698000,307,0.003958
1788021632.704678000,307,0.002378
1788021632.935897000,307,0.002745
1788021633.173358000,307,0.005939
1788021633.433499000,307,0.005371
1788021633.692429000,307,0.006427
1788021633.952437000,307,0.005609
1788021634.215348000,307,0.004273
1788021634.464473000,307,0.006834
1788021634.727350000,307,0.006685
1788021634.987918000,307,0.008578
1788021635.253338000,307,0.005348
1788021635.517714000,307,0.006818
1788021635.785908000,307,0.005317
1788021636.042053000,307,0.006972
1788021636.304575000,307,0.004878
1788021636.555883000,307,0.005930
1788021636.815722000,307,0.005759
1788021637.076830000,307,0.005867
1788021637.331909000,307,0.005357
1788021637.577809000,307,0.003453
1788021637.820724000,307,0.005443
1788021638.081454000,307,0.004943
1788021638.338063000,307,0.005990
1788021638.603878000,307,0.005481
1788021638.864321000,307,0.005955
1788021639.128494000,307,0.004862
1788021639.384335000,307,0.007560
1788021639.647055000,307,0.005246
1788021639.903485000,307,0.005597
1788021640.151403000,307,0.004433
1788021640.392441000,307,0.006060
1788021640.643120000,307,0.003672
1788021640.897612000,307,0.005799
1788021641.156003000,307,0.005860
1788021641.419719000,307,0.005613
1788021641.680113000,307,0.005800
1788021641.944104000,307,0.008588
1788021642.210238000,307,0.003963
1788021642.459133000,307,0.003547
1788021642.694775000,307,0.003656
1788021642.937538000,307,0.005996
1788021643.194949000,307,0.006141
1788021643.459428000,307,0.006973
1788021643.723412000,307,0.006864
1788021643.996382000,307,0.005097
1788021644.250368000,307,0.005309
1788021644.518117000,307,0.006392
1788021644.785042000,307,0.003779
1788021645.039246000,307,0.006179
1788021645.303044000,307,0.007545
1788021645.564212000,307,0.004665
1788021645.822728000,307,0.005123
1788021646.082919000,307,0.006370
1788021646.341663000,307,0.006086
1788021646.604465000,307,0.006686
1788021646.868156000,307,0.006339
1788021647.138310000,307,0.004807
1788021647.397208000,307,0.005564
1788021647.648066000,307,0.004408
1788021647.893672000,307,0.005777
1788021648.155337000,307,0.004659
1788021648.413288000,307,0.008432
1788021648.681452000,307,0.005614
1788021648.941076000,307,0.006496
1788021649.199831000,307,0.005192
1788021649.457853000,307,0.005476
1788021649.716453000,307,0.005057
1788021649.981251000,307,0.004594
1788021650.243429000,307,0.004796
1788021650.511310000,307,0.004959
1788021650.775127000,307,0.005133
1788021651.034022000,307,0.005916
1788021651.295899000,307,0.005002
1788021651.551697000,307,0.005517
1788021651.816657000,307,0.005944
1788021652.082238000,307,0.006453
1788021652.344824000,307,0.007275
1788021652.607473000,307,0.004660
1788021652.854111000,307,0.005281
1788021653.114126000,307,0.007117
1788021653.376806000,307,0.004108
1788021653.627825000,307,0.007115
1788021653.893386000,307,0.005368
1788021654.157675000,307,0.005254
1788021654.421985000,307,0.006708
1788021654.681234000,307,0.005188
1788021654.949093000,307,0.006030
1788021655.223082000,307,0.008853
1788021655.480739000,307,0.003937
1788021655.728756000,307,0.004312
1788021655.979240000,307,0.003971
1788021656.233486000,307,0.005094
1788021656.483968000,307,0.004327
1788021656.737626000,307,0.005807
1788021657.002627000,307,0.005402
1788021657.263293000,307,0.005294
1788021657.516241000,307,0.004597
1788021657.749826000,307,0.004674
1788021658.011269000,307,0.005667
1788021658.270581000,307,0.003809
1788021658.517527000,307,0.006143
1788021658.781037000,307,0.006532
1788021659.040897000,307,0.005075
1788021659.300397000,307,0.005865
1788021659.559691000,307,0.005471
1788021659.811106000,307,0.007088
1788021660.067851000,307,0.006356
1788021660.335497000,307,0.004426
1788021660.595389000,307,0.005330
1788021660.849909000,307,0.005385
1788021661.112398000,307,0.006431
1788021661.377159000,307,0.005365
1788021661.634539000,307,0.005723
1788021661.895824000,307,0.006052
1788021662.156249000,307,0.005118
1788021662.414308000,307,0.003676
1788021662.656384000,307,0.004654
1788021662.898162000,307,0.004731
1788021663.151183000,307,0.005118
1788021663.417230000,307,0.004353
1788021663.671646000,307,0.004573
1788021663.927630000,307,0.005022
1788021664.189545000,307,0.005810
1788021664.447886000,307,0.005960
1788021664.711324000,307,0.005410
1788021664.973815000,307,0.007298
1788021665.236142000,307,0.006217
1788021665.496257000,307,0.005773
1788021665.752941000,307,0.006125
1788021666.014384000,307,0.004728
1788021666.268372000,307,0.008308
1788021666.532608000,307,0.005205
1788021666.790870000,307,0.005531
1788021667.052021000,307,0.005061
1788021667.313838000,307,0.006344
1788021667.566882000,307,0.003949
1788021667.805956000,307,0.003481
1788021668.061697000,307,0.005093
1788021668.314791000,307,0.006040
1788021668.572429000,307,0.006157
1788021668.834887000,307,0.006541
1788021669.104748000,307,0.005211
1788021669.365924000,307,0.006098
1788021669.622663000,307,0.006186
1788021669.882074000,307,0.020881
1788021670.163501000,307,0.005325
1788021670.415844000,307,0.003450
1788021670.664746000,307,0.003680
1788021670.917686000,307,0.004714
1788021671.177422000,307,0.005239
1788021671.430804000,307,0.004349
1788021671.683602000,307,0.005039
1788021671.942571000,307,0.007298
1788021672.206725000,307,0.005471
1788021672.461485000,307,0.004719
1788021672.701396000,307,0.008812
1788021672.955682000,307,0.007541
1788021673.224483000,307,0.005080
1788021673.486201000,307,0.005806
1788021673.741218000,307,0.003655
1788021673.979883000,307,0.004407
1788021674.217082000,307,0.004502
1788021674.475257000,307,0.006290
1788021674.731905000,307,0.005987
1788021674.989192000,307,0.005632
1788021675.246799000,307,0.004896
1788021675.508000000,307,0.005573
1788021675.766719000,307,0.005097
1788021676.030316000,307,0.005718
1788021676.291395000,307,0.004603
1788021676.541872000,307,0.005461
1788021676.797223000,307,0.005241
1788021677.060637000,307,0.005821
1788021677.318464000,307,0.004657
1788021677.571624000,307,0.003368
1788021677.813815000,307,0.005055
1788021678.071045000,307,0.005413
1788021678.330487000,307,0.003849
1788021678.585818000,307,0.006694
1788021678.849761000,307,0.004316
1788021679.102934000,307,0.007733
1788021679.369690000,307,0.006991
1788021679.630501000,307,0.006067
1788021679.897206000,307,0.004987
1788021680.158142000,307,0.005098
1788021680.417897000,307,0.005677
1788021680.674926000,307,0.003790
1788021680.928543000,307,0.004462
1788021681.181775000,307,0.005459
1788021681.443058000,307,0.005688
1788021681.704171000,307,0.006077
1788021681.967253000,307,0.006242
1788021682.225100000,307,0.006856
1788021682.486613000,307,0.004098
1788021682.718451000,307,0.003122
1788021682.971163000,307,0.007486
1788021683.232941000,307,0.004923
1788021683.487977000,307,0.006001
1788021683.746407000,307,0.005060
1788021684.005986000,307,0.007171
1788021684.273834000,307,0.006407
1788021684.538877000,307,0.005392
1788021684.794074000,307,0.005932
1788021685.055430000,307,0.007349
1788021685.310629000,307,0.004706
1788021685.556121000,307,0.003578
1788021685.798972000,307,0.007464
1788021686.056831000,307,0.007226
1788021686.316876000,307,0.004520
1788021686.573554000,307,0.004383
1788021686.823130000,307,0.002856
1788021687.071094000,307,0.006639
1788021687.327670000,307,0.004408
1788021687.574181000,307,0.003389
1788021687.814653000,307,0.005344
1788021688.072716000,307,0.004165
1788021688.326897000,307,0.004101
1788021688.569283000,307,0.007229
1788021688.831234000,307,0.004411
1788021689.096130000,307,0.005284
1788021689.352076000,307,0.002733
1788021689.601825000,307,0.006591
1788021689.864110000,307,0.005799
1788021690.124320000,307,0.005984
1788021690.390657000,307,0.005815
1788021690.648560000,307,0.003723
1788021690.908706000,307,0.004483
1788021691.170254000,307,0.005199
1788021691.431324000,307,0.004741
1788021691.685264000,307,0.006913
1788021691.945834000,307,0.005450
1788021692.205719000,307,0.006619
1788021692.465738000,307,0.003424
1788021692.700198000,307,0.005574
1788021692.949414000,307,0.003454
1788021693.199176000,307,0.006984
1788021693.463160000,307,0.004620
1788021693.720081000,307,0.004971
1788021693.982381000,307,0.006056
1788021694.239511000,307,0.005117
1788021694.497072000,307,0.006355
1788021694.754533000,307,0.005444
1788021695.023436000,307,0.005668
1788021695.283842000,307,0.005651
1788021695.549314000,307,0.005098
1788021695.805248000,307,0.005748
1788021696.061178000,307,0.004809
1788021696.318217000,307,0.005527
1788021696.581548000,307,0.005933
1788021696.837698000,307,0.008270
1788021697.101630000,307,0.005271
1788021697.355454000,307,0.005254
1788021697.600517000,307,0.003998
1788021697.838897000,307,0.004460
1788021698.091157000,307,0.005959
1788021698.354552000,307,0.005819
1788021698.616551000,307,0.005141
1788021698.881804000,307,0.004223
1788021699.137463000,307,0.004742
1788021699.397888000,307,0.005390
1788021699.659699000,307,0.005043
1788021699.927409000,307,0.005436
1788021700.192544000,307,0.005766
1788021700.447721000,307,0.004410
1788021700.696839000,307,0.003486
1788021700.941741000,307,0.005610
1788021701.206033000,307,0.004041
1788021701.466626000,307,0.005402
1788021701.721619000,307,0.005891
1788021701.983541000,307,0.005554
1788021702.237955000,307,0.004321
1788021702.485581000,307,0.004841
1788021702.724136000,307,0.004949
1788021702.981996000,307,0.005637
1788021703.246184000,307,0.005202
1788021703.509961000,307,0.005805
1788021703.772654000,307,0.005054
1788021704.032822000,307,0.005978
1788021704.304073000,307,0.004350
1788021704.556462000,307,0.005429
1788021704.818716000,307,0.006401
1788021705.080624000,307,0.005611
1788021705.342674000,307,0.005694
1788021705.606406000,307,0.005885
1788021705.868816000,307,0.005299
1788021706.131827000,307,0.005251
1788021706.392327000,307,0.005155
1788021706.649133000,307,0.007205
1788021706.915752000,307,0.005197
1788021707.183393000,307,0.005911
1788021707.444175000,307,0.003118
1788021707.684671000,307,0.004970
1788021707.938265000,307,0.006098
1788021708.203939000,307,0.005221
1788021708.461595000,307,0.004973
1788021708.711573000,307,0.007182
1788021708.973668000,307,0.005148
1788021709.230991000,307,0.003853
1788021709.482418000,307,0.003787
1788021709.738318000,307,0.005176
1788021710.003549000,307,0.005003
1788021710.267796000,307,0.006812
1788021710.535022000,307,0.010572
1788021710.804954000,307,0.006135
1788021711.067403000,307,0.004844
1788021711.328637000,307,0.005620
1788021711.594814000,307,0.006647
1788021711.859612000,307,0.005754
1788021712.116456000,307,0.005414
1788021712.373840000,307,0.005844
1788021712.630228000,307,0.003445
1788021712.869765000,307,0.004298
1788021713.122306000,307,0.005058
1788021713.381421000,307,0.004241
1788021713.629607000,307,0.003870
1788021713.878434000,307,0.004592
1788021714.126307000,307,0.004569
1788021714.372974000,307,0.004775
1788021714.626921000,307,0.004905
1788021714.881795000,307,0.004870
1788021715.135174000,307,0.005984
1788021715.391853000,307,0.007101
1788021715.650357000,307,0.004449
1788021715.901499000,307,0.005976
1788021716.165965000,307,0.005369
1788021716.422121000,307,0.005251
1788021716.680172000,307,0.005435
1788021716.934148000,307,0.004293
1788021717.182008000,307,0.004000
1788021717.425021000,307,0.003026
1788021717.660715000,307,0.004361
1788021717.907884000,307,0.005583
1788021718.159334000,307,0.004472
1788021718.413354000,307,0.003515
1788021718.660413000,307,0.004824
1788021718.918588000,307,0.005525
1788021719.175040000,307,0.004877
1788021719.426531000,307,0.002629
1788021719.680393000,307,0.005508
1788021719.938986000,307,0.007383
1788021720.201856000,307,0.005645
1788021720.460251000,307,0.005808
1788021720.719220000,307,0.003784
1788021720.969309000,307,0.005314
1788021721.235973000,307,0.005769
1788021721.493974000,307,0.007053
1788021721.755112000,307,0.004118
1788021722.014911000,307,0.006120
1788021722.274978000,307,0.005718
1788021722.530715000,307,0.003314
1788021722.766791000,307,0.003257
1788021723.020546000,307,0.006632
1788021723.283220000,307,0.006777
1788021723.540167000,307,0.005044
1788021723.794037000,307,0.005708
1788021724.054065000,307,0.006554
1788021724.310560000,307,0.007114
1788021724.577395000,307,0.006252
1788021724.841428000,307,0.009043
1788021725.106658000,307,0.005511
1788021725.370591000,307,0.005719
1788021725.635516000,307,0.004378
1788021725.890293000,307,0.006669
1788021726.148398000,307,0.005254
1788021726.407350000,307,0.004384
1788021726.666002000,307,0.007011
1788021726.938094000,307,0.004696
1788021727.196906000,307,0.009668
1788021727.459126000,307,0.005518
1788021727.701412000,307,0.003324
1788021727.949729000,307,0.008687
1788021728.216189000,307,0.007178
1788021728.481266000,307,0.005653
1788021728.740754000,307,0.007012
1788021729.001135000,307,0.005709
1788021729.264443000,307,0.006055
1788021729.525025000,307,0.005543
1788021729.781028000,307,0.006226
1788021730.036679000,307,0.005492
1788021730.299880000,307,0.005860
1788021730.562149000,307,0.009584
1788021730.832746000,307,0.004475
1788021731.091505000,307,0.004976
1788021731.349488000,307,0.004886
1788021731.607828000,307,0.006591
1788021731.873169000,307,0.004977
1788021732.128259000,307,0.005135
1788021732.375127000,307,0.005023
1788021732.628537000,307,0.005486
1788021732.860946000,307,0.004436
1788021733.108221000,307,0.009022
1788021733.366708000,307,0.005526
1788021733.632371000,307,0.005402
1788021733.880995000,307,0.004442
1788021734.109601000,307,0.003407
1788021734.346338000,307,0.004784
1788021734.596469000,307,0.006065
1788021734.855155000,307,0.006349
1788021735.113524000,307,0.006457
1788021735.374516000,307,0.004335
1788021735.632231000,307,0.005177
1788021735.895347000,307,0.004978
1788021736.154424000,307,0.005777
1788021736.409558000,307,0.004851
1788021736.666243000,307,0.005591
1788021736.927519000,307,0.006367
1788021737.187202000,307,0.005360
1788021737.443553000,307,0.003770
1788021737.683832000,307,0.002722
1788021737.927268000,307,0.005983
1788021738.187605000,307,0.004604
1788021738.432703000,307,0.005765
1788021738.691659000,307,0.004967
1788021738.953562000,307,0.005627
1788021739.214257000,307,0.005094
1788021739.469882000,307,0.005984
1788021739.736820000,307,0.004862
1788021739.996933000,307,0.005260
1788021740.253630000,307,0.006191
1788021740.505857000,307,0.005298
1788021740.755614000,307,0.004261
1788021741.009588000,307,0.004892
1788021741.264495000,307,0.005588
1788021741.521504000,307,0.006292
1788021741.781626000,307,0.006775
1788021742.042968000,307,0.004122
1788021742.298709000,307,0.006921
1788021742.552875000,307,0.003268
1788021742.782884000,307,0.004642
1788021743.037798000,307,0.005683
1788021743.299299000,307,0.004718
1788021743.555015000,307,0.005576
1788021743.818017000,307,0.006245
1788021744.077423000,307,0.004908
1788021744.328961000,307,0.008475
1788021744.589685000,307,0.004018
1788021744.839434000,307,0.004680
1788021745.088041000,307,0.005058
1788021745.344409000,307,0.005128
1788021745.593105000,307,0.005482
1788021745.846327000,307,0.003995
1788021746.099558000,307,0.004912
1788021746.354785000,307,0.005932
1788021746.614701000,307,0.005904
1788021746.872776000,307,0.004620
1788021747.125489000,307,0.005802
1788021747.391024000,307,0.008055
1788021747.643949000,307,0.003769
1788021747.882064000,307,0.004737
1788021748.136195000,307,0.005206
1788021748.386108000,307,0.004533
1788021748.642745000,307,0.005868
1788021748.898936000,307,0.006829
1788021749.160065000,307,0.005910
1788021749.414167000,307,0.004992
1788021749.679427000,307,0.005314
1788021749.936893000,307,0.005641
1788021750.201256000,307,0.005720
1788021750.453871000,307,0.004715
1788021750.698431000,307,0.003437
1788021750.952250000,307,0.007592
1788021751.210766000,307,0.004301
1788021751.461701000,307,0.005770
1788021751.724550000,307,0.004678
1788021751.985713000,307,0.005442
1788021752.243859000,307,0.005416
1788021752.497862000,307,0.003804
1788021752.736469000,307,0.005054
1788021752.993346000,307,0.005572
1788021753.252929000,307,0.004001
1788021753.508597000,307,0.008170
1788021753.779496000,307,0.005064
1788021754.042655000,307,0.006341
1788021754.307665000,307,0.005089
1788021754.554259000,307,0.005660
1788021754.811002000,307,0.005095
1788021755.070081000,307,0.004154
1788021755.334343000,307,0.005166
1788021755.593520000,307,0.007294
1788021755.853599000,307,0.008488
1788021756.120301000,307,0.006301
1788021756.384212000,307,0.007363
1788021756.649768000,307,0.005235
1788021756.903592000,307,0.004683
1788021757.163592000,307,0.005004
1788021757.416511000,307,0.006983
1788021757.661699000,307,0.003796
1788021757.904381000,307,0.005316
1788021758.156675000,307,0.004353
1788021758.405014000,307,0.005575
1788021758.669260000,307,0.005827
1788021758.934871000,307,0.005336
1788021759.194353000,307,0.005756
1788021759.449039000,307,0.006615
1788021759.708255000,307,0.005913
1788021759.962112000,307,0.006429
1788021760.230798000,307,0.004978
1788021760.493076000,307,0.005706
1788021760.745085000,307,0.005288
1788021761.007903000,307,0.005162
1788021761.267153000,307,0.008911
1788021761.531975000,307,0.006195
1788021761.793970000,307,0.005469
1788021762.049535000,307,0.005520
1788021762.307432000,307,0.003502
1788021762.556405000,307,0.005233
1788021762.796359000,307,0.004849
1788021763.059526000,307,0.005589
1788021763.312878000,307,0.006437
1788021763.569818000,307,0.004962
1788021763.824466000,307,0.003621
1788021764.072363000,307,0.005641
1788021764.332511000,307,0.004665
1788021764.580840000,307,0.004785
1788021764.857011000,307,0.002661
1788021765.101117000,307,0.004283
1788021765.349470000,307,0.005174
1788021765.605298000,307,0.004380
1788021765.856833000,307,0.005302
1788021766.119812000,307,0.005848
1788021766.383237000,307,0.006396
1788021766.653056000,307,0.005878
1788021766.915667000,307,0.005697
1788021767.181305000,307,0.006124
1788021767.443110000,307,0.006096
1788021767.692943000,307,0.004245
1788021767.938985000,307,0.012672
1788021768.208674000,307,0.005483
1788021768.468108000,307,0.006119
1788021768.731765000,307,0.005966
1788021768.993598000,307,0.003809
1788021769.243889000,307,0.006435
1788021769.507405000,307,0.006425
1788021769.772437000,307,0.005148
1788021770.031909000,307,0.004920
1788021770.294401000,307,0.006257
1788021770.552640000,307,0.008612
1788021770.817544000,307,0.006719
1788021771.080759000,307,0.005376
1788021771.336391000,307,0.007380
1788021771.600138000,307,0.006524
1788021771.861209000,307,0.006575
1788021772.121539000,307,0.005912
1788021772.381187000,307,0.003532
1788021772.628350000,307,0.005151
1788021772.869866000,307,0.005000
1788021773.130352000,307,0.006504
1788021773.392033000,307,0.009731
1788021773.656026000,307,0.004854
1788021773.911110000,307,0.010672
1788021774.178633000,307,0.005721
1788021774.428401000,307,0.004265
1788021774.672887000,307,0.005387
1788021774.936052000,307,0.006004
1788021775.203547000,307,0.005853
1788021775.465398000,307,0.006219
1788021775.735554000,307,0.005327
1788021775.996967000,307,0.004754
1788021776.259214000,307,0.005628
1788021776.520117000,307,0.005930
1788021776.778640000,307,0.005727
1788021777.039387000,307,0.005315
1788021777.298390000,307,0.005900
1788021777.551632000,307,0.003430
1788021777.789880000,307,0.005397
1788021778.046283000,307,0.005509
1788021778.303365000,307,0.003272
1788021778.545114000,307,0.005744
1788021778.810223000,307,0.004371
1788021779.072545000,307,0.006307
1788021779.334392000,307,0.005044
1788021779.594763000,307,0.005748
1788021779.854068000,307,0.003954
1788021780.101428000,307,0.013326
1788021780.365475000,307,0.005702
1788021780.622217000,307,0.002943
1788021780.866162000,307,0.006425
1788021781.119286000,307,0.007079
1788021781.382000000,307,0.004560
1788021781.640948000,307,0.006875
1788021781.907045000,307,0.006109
1788021782.169928000,307,0.005631
1788021782.424671000,307,0.003685
1788021782.664213000,307,0.004892
1788021782.906462000,307,0.005378
1788021783.164320000,307,0.007175
1788021783.431595000,307,0.004983
1788021783.683362000,307,0.007171
1788021783.953038000,307,0.005155
1788021784.216313000,307,0.006555
1788021784.484478000,307,0.005232
1788021784.746878000,307,0.005822
1788021785.004239000,307,0.004835
1788021785.257689000,307,0.005352
1788021785.516436000,307,0.006205
1788021785.785931000,307,0.004863
1788021786.045668000,307,0.005418
1788021786.306299000,307,0.005417
1788021786.563668000,307,0.005130
1788021786.827118000,307,0.005463
1788021787.087651000,307,0.005219
1788021787.349882000,307,0.007172
1788021787.604841000,307,0.003357
1788021787.845490000,307,0.004342
1788021788.097537000,307,0.004949
1788021788.360042000,307,0.005385
1788021788.624391000,307,0.004361
1788021788.882139000,307,0.005179
1788021789.150628000,307,0.004990
1788021789.403183000,307,0.006616
1788021789.661456000,307,0.005447
1788021789.923091000,307,0.005073
1788021790.187892000,307,0.005321
1788021790.448894000,307,0.005976
1788021790.710100000,307,0.003341
1788021790.955307000,307,0.005324
1788021791.221464000,307,0.008378
1788021791.488151000,307,0.003711
1788021791.743581000,307,0.005738
1788021791.997678000,307,0.005312
1788021792.257291000,307,0.005761
1788021792.511377000,307,0.003921
1788021792.750642000,307,0.005017
1788021793.010037000,307,0.005956
1788021793.276141000,307,0.005779
1788021793.525320000,307,0.003706
1788021793.763437000,307,0.002911
1788021793.995288000,307,0.003650
1788021794.236458000,307,0.005345
1788021794.490709000,307,0.005229
1788021794.751215000,307,0.005715
1788021795.014876000,307,0.004125
1788021795.275452000,307,0.006149
1788021795.529972000,307,0.007408
1788021795.783341000,307,0.004601
1788021796.032535000,307,0.005172
1788021796.297806000,307,0.004558
1788021796.556136000,307,0.005892
1788021796.816882000,307,0.005350
1788021797.082525000,307,0.004849
1788021797.339328000,307,0.005360
1788021797.590917000,307,0.003482
1788021797.830089000,307,0.004839
1788021798.084093000,307,0.005100
1788021798.342249000,307,0.005773
1788021798.604074000,307,0.004885
1788021798.862648000,307,0.006104
1788021799.124418000,307,0.006313
1788021799.382574000,307,0.005411
1788021799.647221000,307,0.005578
1788021799.920299000,307,0.004291
1788021800.176931000,307,0.008232
1788021800.433435000,307,0.005705
1788021800.686283000,307,0.004643
1788021800.942173000,307,0.007276
1788021801.207213000,307,0.004651
1788021801.462243000,307,0.006758
1788021801.717570000,307,0.005912
1788021801.980620000,307,0.004664
1788021802.246002000,307,0.005067
1788021802.500672000,307,0.003909
1788021802.739266000,307,0.003122
1788021802.984398000,307,0.013035
1788021803.252122000,307,0.004920
1788021803.513879000,307,0.005646
1788021803.777462000,307,0.004971
1788021804.045267000,307,0.006700
1788021804.309529000,307,0.004674
1788021804.558865000,307,0.004942
1788021804.824305000,307,0.005547
1788021805.080946000,307,0.004875
1788021805.341996000,307,0.006494
1788021805.597462000,307,0.004685
1788021805.848994000,307,0.007309
1788021806.116207000,307,0.007152
1788021806.376417000,307,0.004044
1788021806.631011000,307,0.005651
1788021806.889352000,307,0.004891
1788021807.135892000,307,0.005115
1788021807.388534000,307,0.008033
1788021807.642736000,307,0.003749
1788021807.880887000,307,0.006265
1788021808.138437000,307,0.005443
1788021808.390923000,307,0.008294
1788021808.647714000,307,0.005639
1788021808.899579000,307,0.005965
1788021809.159361000,307,0.005486
1788021809.424403000,307,0.004034
1788021809.685418000,307,0.006938
1788021809.955266000,307,0.005928
1788021810.215208000,307,0.005231
1788021810.478939000,307,0.005304
1788021810.732292000,307,0.005150
1788021810.992993000,307,0.005372
1788021811.260541000,307,0.006022
1788021811.523280000,307,0.005089
1788021811.780327000,307,0.006284
1788021812.043918000,307,0.005276
1788021812.305643000,307,0.006892
1788021812.561591000,307,0.004714
1788021812.795645000,307,0.004613
1788021813.044116000,307,0.003875
1788021813.284116000,307,0.004377
1788021813.535198000,307,0.007836
1788021813.801618000,307,0.005305
1788021814.061529000,307,0.005031
1788021814.315784000,307,0.004045
1788021814.573870000,307,0.005758
1788021814.832911000,307,0.004177
1788021815.089659000,307,0.006625
1788021815.350629000,307,0.005282
1788021815.614173000,307,0.006276
1788021815.877041000,307,0.005637
1788021816.138533000,307,0.005435
1788021816.404532000,307,0.005602
1788021816.668191000,307,0.006051
1788021816.922612000,307,0.004815
1788021817.176591000,307,0.004819
1788021817.424041000,307,0.003498
1788021817.657767000,307,0.005080
1788021817.898995000,307,0.006276
1788021818.159579000,307,0.004343
1788021818.408650000,307,0.003993
1788021818.657132000,307,0.003800
1788021818.912697000,307,0.005313
1788021819.162806000,307,0.004082
1788021819.405209000,307,0.004789
1788021819.656653000,307,0.006162
1788021819.911737000,307,0.005603
1788021820.169178000,307,0.006312
1788021820.428669000,307,0.006182
1788021820.681501000,307,0.004216
1788021820.932303000,307,0.004836
1788021821.190089000,307,0.003436
1788021821.435565000,307,0.004411
1788021821.688957000,307,0.004878
1788021821.942066000,307,0.004430
1788021822.195774000,307,0.006578
1788021822.445918000,307,0.005228
1788021822.679483000,307,0.003921
1788021822.918227000,200,0.000751
1788021823.148158000,200,0.000672
1788021823.374608000,200,0.000869
1788021823.601094000,200,0.000688
1788021823.835519000,200,0.000528
1788021824.061287000,200,0.000631
1788021824.294931000,200,0.000805
1788021824.527684000,200,0.000678
1788021824.760177000,200,0.000849
1788021824.995346000,200,0.000876
